,Date,Age,Gender,City,Product_Category,Unit_Price,Quantity,Discount_Amount,Total_Amount,Payment_Method,Device_Type,Session_Duration_Minutes,Pages_Viewed,Is_Returning_Customer,Delivery_Time_Days,Customer_Rating,Month,DayOfWeek
0,2023-01-01,27,Female,Bursa,Toys,54.28,1,0.0,54.28,Debit Card,Mobile,4,14,True,8,5,1,6
1,2023-01-01,42,Male,Konya,Toys,244.9,1,0.0,244.9,Credit Card,Mobile,11,3,True,3,3,1,6
2,2023-01-01,43,Female,Ankara,Food,48.15,5,0.0,240.75,Credit Card,Mobile,7,8,True,5,2,1,6
3,2023-01-01,32,Male,Istanbul,Electronics,804.06,1,229.28,574.78,Credit Card,Mobile,8,10,False,1,4,1,6
4,2023-01-01,40,Female,Istanbul,Sports,755.61,5,0.0,3778.05,Cash on Delivery,Desktop,21,10,True,7,4,1,6
5,2023-01-01,43,Female,Istanbul,Beauty,122.46,1,0.0,122.46,Credit Card,Mobile,14,9,True,9,5,1,6
6,2023-01-01,25,Female,Izmir,Electronics,2107.37,2,0.0,4214.74,Digital Wallet,Desktop,10,5,False,6,5,1,6
7,2023-01-01,44,Male,Konya,Food,213.64,2,0.0,427.28,Credit Card,Mobile,10,16,False,3,5,1,6
8,2023-01-02,41,Male,Istanbul,Fashion,257.62,5,62.15,1225.95,Credit Card,Tablet,24,7,False,2,4,1,0
9,2023-01-02,58,Male,Istanbul,Sports,1784.75,4,490.25,6648.75,Debit Card,Desktop,8,5,True,5,4,1,0
10,2023-01-02,21,Female,Istanbul,Electronics,1091.11,1,0.0,1091.11,Cash on Delivery,Mobile,9,6,True,3,4,1,0
11,2023-01-02,40,Male,Konya,Beauty,77.06,2,15.22,138.9,Credit Card,Mobile,5,6,False,4,3,1,0
12,2023-01-02,20,Female,Bursa,Sports,197.88,3,0.0,593.64,Credit Card,Mobile,9,9,True,3,5,1,0
13,2023-01-02,24,Male,Eskisehir,Home & Garden,897.02,5,0.0,4485.1,Digital Wallet,Desktop,17,7,True,8,4,1,0
14,2023-01-02,57,Female,Istanbul,Books,37.19,4,8.76,140.0,Credit Card,Desktop,11,8,False,5,5,1,0
15,2023-01-02,38,Male,Istanbul,Food,41.21,1,0.0,41.21,Digital Wallet,Desktop,13,7,False,5,5,1,0
16,2023-01-02,36,Male,Istanbul,Books,81.91,1,0.0,81.91,Credit Card,Mobile,8,14,True,6,4,1,0
17,2023-01-02,46,Female,Bursa,Sports,431.85,1,0.0,431.85,Debit Card,Mobile,27,11,True,6,4,1,0
18,2023-01-03,50,Female,Ankara,Sports,696.98,1,100.24,596.74,Debit Card,Desktop,30,15,True,14,5,1,1
19,2023-01-03,23,Male,Bursa,Electronics,1837.61,2,156.33,3518.89,Credit Card,Desktop,22,9,True,9,4,1,1
20,2023-01-03,23,Female,Antalya,Food,22.64,1,1.65,20.99,Credit Card,Tablet,7,11,True,3,4,1,1
21,2023-01-03,45,Male,Istanbul,Electronics,930.97,1,190.12,740.85,Credit Card,Desktop,9,10,True,2,4,1,1
22,2023-01-03,34,Male,Kayseri,Fashion,181.48,1,0.0,181.48,Digital Wallet,Mobile,27,5,False,6,4,1,1
23,2023-01-04,18,Female,Izmir,Beauty,78.21,5,0.0,391.05,Digital Wallet,Mobile,9,7,False,8,4,1,2
24,2023-01-04,46,Male,Istanbul,Electronics,4136.98,5,1137.7,19547.2,Debit Card,Mobile,20,7,True,8,5,1,2
25,2023-01-04,52,Male,Ankara,Sports,240.87,2,36.98,444.76,Debit Card,Mobile,19,13,False,8,5,1,2
26,2023-01-04,29,Male,Izmir,Electronics,443.53,1,0.0,443.53,Debit Card,Mobile,10,7,False,4,5,1,2
27,2023-01-04,60,Male,Bursa,Home & Garden,912.21,4,63.68,3585.16,Bank Transfer,Mobile,13,10,True,4,5,1,2
28,2023-01-04,40,Male,Konya,Home & Garden,1375.1,2,0.0,2750.2,Debit Card,Mobile,17,6,False,9,5,1,2
29,2023-01-04,37,Female,Ankara,Home & Garden,453.05,3,61.33,1297.82,Digital Wallet,Mobile,19,12,True,3,5,1,2
30,2023-01-04,18,Male,Antalya,Sports,288.26,4,0.0,1153.04,Credit Card,Desktop,8,6,True,14,2,1,2
31,2023-01-04,39,Female,Ankara,Home & Garden,724.61,2,74.6,1374.62,Credit Card,Desktop,30,13,False,17,5,1,2
32,2023-01-04,20,Male,Antalya,Books,37.68,1,0.0,37.68,Credit Card,Desktop,13,8,True,3,4,1,2
33,2023-01-04,25,Male,Ankara,Electronics,1148.64,1,0.0,1148.64,Credit Card,Mobile,20,7,False,10,5,1,2
34,2023-01-05,18,Female,Antalya,Sports,544.6,1,0.0,544.6,Credit Card,Desktop,9,10,True,13,2,1,3
35,2023-01-05,51,Female,Istanbul,Beauty,131.04,5,0.0,655.2,Debit Card,Desktop,27,7,False,8,5,1,3
36,2023-01-05,41,Male,Istanbul,Toys,181.88,1,26.42,155.46,Bank Transfer,Mobile,14,9,True,9,5,1,3
37,2023-01-05,46,Female,Istanbul,Books,46.09,4,0.0,184.36,Debit Card,Desktop,14,11,True,17,4,1,3
38,2023-01-05,43,Female,Konya,Toys,280.4,2,0.0,560.8,Digital Wallet,Tablet,16,9,True,3,3,1,3
39,2023-01-05,18,Female,Gaziantep,Fashion,746.9,1,0.0,746.9,Credit Card,Mobile,13,6,True,8,5,1,3
40,2023-01-05,51,Male,Antalya,Fashion,129.16,1,14.33,114.83,Credit Card,Desktop,2,8,True,6,5,1,3
41,2023-01-05,40,Other,Antalya,Books,21.87,2,0.0,43.74,Credit Card,Mobile,16,4,False,8,4,1,3
42,2023-01-05,22,Female,Konya,Books,77.6,1,10.69,66.91,Cash on Delivery,Mobile,9,10,True,1,4,1,3
43,2023-01-05,20,Female,Ankara,Electronics,1624.97,1,0.0,1624.97,Credit Card,Desktop,12,7,False,5,4,1,3
44,2023-01-05,32,Female,Konya,Beauty,101.55,2,0.0,203.1,Debit Card,Mobile,3,6,True,6,3,1,3
45,2023-01-05,44,Female,Istanbul,Home & Garden,530.65,1,0.0,530.65,Credit Card,Mobile,25,7,True,11,4,1,3
46,2023-01-05,41,Female,Bursa,Home & Garden,182.14,1,32.66,149.48,Debit Card,Desktop,12,4,False,2,5,1,3
47,2023-01-05,32,Female,Istanbul,Home & Garden,153.87,4,0.0,615.48,Credit Card,Desktop,7,11,True,8,4,1,3
48,2023-01-05,24,Male,Eskisehir,Food,103.15,4,0.0,412.6,Digital Wallet,Mobile,13,13,True,8,5,1,3
49,2023-01-06,24,Female,Istanbul,Electronics,164.61,1,28.42,136.19,Credit Card,Mobile,15,12,True,7,4,1,4
50,2023-01-06,53,Male,Izmir,Sports,326.33,1,0.0,326.33,Bank Transfer,Mobile,20,7,False,3,4,1,4
51,2023-01-06,39,Female,Istanbul,Books,44.85,1,0.0,44.85,Credit Card,Mobile,20,12,True,3,5,1,4
52,2023-01-06,38,Male,Ankara,Beauty,51.32,1,0.0,51.32,Credit Card,Tablet,7,9,True,9,5,1,4
53,2023-01-06,60,Female,Gaziantep,Home & Garden,533.72,5,0.0,2668.6,Credit Card,Desktop,7,14,False,4,4,1,4
54,2023-01-07,40,Female,Izmir,Fashion,216.82,2,0.0,433.64,Debit Card,Mobile,30,10,True,3,3,1,5
55,2023-01-07,37,Male,Gaziantep,Sports,117.12,2,31.05,203.19,Cash on Delivery,Mobile,14,11,True,7,4,1,5
56,2023-01-07,41,Male,Izmir,Home & Garden,1016.3,2,0.0,2032.6,Credit Card,Mobile,22,10,True,6,3,1,5
57,2023-01-07,36,Male,Istanbul,Books,109.93,1,0.0,109.93,Bank Transfer,Mobile,48,10,True,6,5,1,5
58,2023-01-07,43,Female,Istanbul,Home & Garden,1228.33,2,0.0,2456.66,Bank Transfer,Desktop,6,8,True,11,1,1,5
59,2023-01-07,60,Female,Ankara,Electronics,674.39,2,100.41,1248.37,Digital Wallet,Mobile,12,10,False,11,3,1,5
60,2023-01-07,37,Female,Istanbul,Sports,118.37,2,0.0,236.74,Credit Card,Mobile,12,9,True,2,2,1,5
61,2023-01-08,39,Female,Gaziantep,Food,145.58,1,25.45,120.13,Debit Card,Desktop,14,9,False,3,4,1,6
62,2023-01-08,18,Female,Izmir,Fashion,53.25,1,2.71,50.54,Credit Card,Mobile,16,14,True,11,5,1,6
63,2023-01-08,23,Female,Ankara,Beauty,74.51,3,0.0,223.53,Cash on Delivery,Desktop,25,14,True,5,4,1,6
64,2023-01-08,38,Female,Eskisehir,Sports,536.13,1,0.0,536.13,Credit Card,Desktop,12,9,False,5,4,1,6
65,2023-01-08,43,Female,Adana,Electronics,484.14,2,0.0,968.28,Debit Card,Mobile,14,4,False,3,5,1,6
66,2023-01-08,35,Male,Istanbul,Toys,154.14,2,0.0,308.28,Debit Card,Tablet,12,12,False,10,3,1,6
67,2023-01-08,38,Female,Ankara,Beauty,94.59,3,0.0,283.77,Cash on Delivery,Mobile,24,13,True,2,4,1,6
68,2023-01-08,33,Male,Ankara,Books,71.42,3,0.0,214.26,Cash on Delivery,Tablet,8,11,True,3,5,1,6
69,2023-01-08,31,Male,Istanbul,Home & Garden,246.03,4,0.0,984.12,Bank Transfer,Desktop,13,9,False,11,4,1,6
70,2023-01-09,26,Male,Istanbul,Beauty,41.21,1,0.0,41.21,Credit Card,Desktop,5,10,True,4,3,1,0
71,2023-01-09,38,Male,Istanbul,Sports,371.2,5,0.0,1856.0,Digital Wallet,Mobile,18,8,True,4,5,1,0
72,2023-01-09,23,Female,Konya,Sports,402.95,3,0.0,1208.85,Credit Card,Mobile,14,9,True,4,4,1,0
73,2023-01-09,29,Female,Gaziantep,Fashion,370.25,1,0.0,370.25,Digital Wallet,Mobile,18,9,True,8,5,1,0
74,2023-01-09,30,Male,Istanbul,Fashion,165.99,2,21.55,310.43,Bank Transfer,Mobile,5,12,False,6,3,1,0
75,2023-01-09,23,Male,Kayseri,Food,23.55,2,2.11,44.99,Credit Card,Mobile,27,8,False,3,3,1,0
76,2023-01-09,31,Female,Antalya,Beauty,105.69,1,14.0,91.69,Bank Transfer,Desktop,7,7,True,8,4,1,0
77,2023-01-09,52,Male,Istanbul,Electronics,476.38,1,68.97,407.41,Digital Wallet,Desktop,6,11,False,2,5,1,0
78,2023-01-09,40,Female,Bursa,Sports,476.23,3,0.0,1428.69,Credit Card,Desktop,33,10,False,6,5,1,0
79,2023-01-09,40,Female,Istanbul,Sports,450.42,2,0.0,900.84,Digital Wallet,Mobile,24,9,False,4,5,1,0
80,2023-01-09,33,Male,Istanbul,Food,32.92,1,0.0,32.92,Credit Card,Tablet,2,10,False,9,5,1,0
81,2023-01-09,33,Male,Ankara,Toys,131.77,2,26.14,237.4,Credit Card,Mobile,13,10,True,1,5,1,0
82,2023-01-09,31,Male,Izmir,Sports,105.36,5,0.0,526.8,Debit Card,Mobile,19,12,True,4,2,1,0
83,2023-01-10,18,Female,Eskisehir,Electronics,1652.27,1,317.69,1334.58,Digital Wallet,Desktop,15,5,True,11,4,1,1
84,2023-01-10,35,Male,Konya,Food,78.19,1,0.0,78.19,Digital Wallet,Mobile,12,12,True,3,5,1,1
85,2023-01-10,40,Female,Ankara,Toys,103.02,1,0.0,103.02,Debit Card,Mobile,29,5,True,7,5,1,1
86,2023-01-10,35,Other,Izmir,Sports,480.97,1,0.0,480.97,Digital Wallet,Desktop,16,5,True,5,4,1,1
87,2023-01-10,24,Male,Adana,Sports,428.98,1,0.0,428.98,Credit Card,Mobile,20,6,False,4,3,1,1
88,2023-01-10,37,Female,Istanbul,Food,86.39,3,6.36,252.81,Credit Card,Mobile,24,10,True,8,5,1,1
89,2023-01-11,46,Male,Antalya,Beauty,54.43,3,5.89,157.4,Credit Card,Tablet,7,6,True,3,3,1,2
90,2023-01-11,46,Male,Antalya,Toys,275.71,1,64.61,211.1,Credit Card,Desktop,16,11,True,7,4,1,2
91,2023-01-11,32,Female,Konya,Books,53.31,1,9.04,44.27,Debit Card,Desktop,13,8,True,7,5,1,2
92,2023-01-11,46,Female,Ankara,Beauty,97.74,1,0.0,97.74,Credit Card,Desktop,20,7,True,8,5,1,2
93,2023-01-11,35,Male,Istanbul,Sports,1148.11,1,0.0,1148.11,Digital Wallet,Mobile,26,9,False,12,5,1,2
94,2023-01-11,44,Female,Istanbul,Toys,160.45,3,12.05,469.3,Digital Wallet,Mobile,10,6,True,4,4,1,2
95,2023-01-11,39,Male,Istanbul,Beauty,41.11,1,0.0,41.11,Credit Card,Desktop,15,12,True,15,4,1,2
96,2023-01-12,42,Female,Bursa,Toys,185.71,4,54.51,688.33,Digital Wallet,Mobile,17,9,False,3,5,1,3
97,2023-01-12,47,Female,Adana,Toys,434.12,1,0.0,434.12,Credit Card,Desktop,26,11,False,9,4,1,3
98,2023-01-12,32,Male,Kayseri,Electronics,1860.25,1,119.5,1740.75,Credit Card,Mobile,22,7,False,6,4,1,3
99,2023-01-12,27,Female,Istanbul,Fashion,673.1,2,143.61,1202.59,Bank Transfer,Mobile,16,11,False,5,2,1,3
100,2023-01-12,32,Male,Istanbul,Electronics,785.15,1,66.97,718.18,Credit Card,Mobile,20,13,False,8,5,1,3
101,2023-01-13,28,Male,Kayseri,Beauty,82.07,2,0.0,164.14,Digital Wallet,Mobile,8,10,False,4,2,1,4
102,2023-01-13,27,Male,Eskisehir,Sports,581.31,3,158.19,1585.74,Bank Transfer,Mobile,21,7,True,9,3,1,4
103,2023-01-13,33,Male,Izmir,Food,86.32,1,0.0,86.32,Debit Card,Desktop,10,7,True,3,5,1,4
104,2023-01-13,30,Female,Adana,Home & Garden,549.57,1,70.35,479.22,Digital Wallet,Mobile,14,10,True,8,4,1,4
105,2023-01-13,22,Female,Izmir,Electronics,2111.57,3,0.0,6334.71,Bank Transfer,Tablet,6,7,False,3,2,1,4
106,2023-01-13,44,Male,Gaziantep,Electronics,952.19,1,0.0,952.19,Debit Card,Mobile,33,8,True,3,2,1,4
107,2023-01-13,42,Male,Konya,Food,66.44,1,0.0,66.44,Debit Card,Desktop,9,5,False,3,5,1,4
108,2023-01-14,18,Female,Bursa,Sports,79.59,1,0.0,79.59,Bank Transfer,Mobile,6,11,False,4,3,1,5
109,2023-01-14,34,Female,Izmir,Books,33.9,1,0.0,33.9,Credit Card,Mobile,3,6,True,5,5,1,5
110,2023-01-14,26,Male,Ankara,Toys,199.67,1,53.91,145.76,Credit Card,Tablet,19,9,False,7,1,1,5
111,2023-01-14,49,Female,Izmir,Home & Garden,301.9,1,0.0,301.9,Digital Wallet,Mobile,22,7,True,3,4,1,5
112,2023-01-14,23,Male,Istanbul,Beauty,34.14,5,0.0,170.7,Credit Card,Mobile,36,10,True,3,5,1,5
113,2023-01-14,39,Male,Ankara,Food,81.79,1,0.0,81.79,Credit Card,Mobile,7,5,True,2,4,1,5
114,2023-01-14,27,Male,Antalya,Fashion,479.68,3,0.0,1439.04,Debit Card,Mobile,13,10,True,4,5,1,5
115,2023-01-14,26,Male,Antalya,Fashion,96.62,2,19.5,173.74,Cash on Delivery,Desktop,10,8,False,5,3,1,5
116,2023-01-14,18,Female,Gaziantep,Toys,106.13,1,0.0,106.13,Debit Card,Desktop,9,10,True,5,5,1,5
117,2023-01-14,34,Male,Adana,Beauty,66.28,2,0.0,132.56,Credit Card,Mobile,13,12,True,3,5,1,5
118,2023-01-14,21,Female,Antalya,Sports,349.71,2,57.46,641.96,Digital Wallet,Mobile,11,10,False,4,4,1,5
119,2023-01-14,49,Female,Ankara,Books,29.41,1,0.0,29.41,Debit Card,Desktop,34,8,False,3,4,1,5
120,2023-01-14,36,Male,Istanbul,Books,47.45,1,0.0,47.45,Credit Card,Desktop,38,5,True,4,4,1,5
121,2023-01-14,43,Female,Istanbul,Sports,666.91,1,0.0,666.91,Debit Card,Mobile,19,8,True,5,3,1,5
122,2023-01-15,30,Male,Gaziantep,Books,74.72,1,0.0,74.72,Credit Card,Tablet,12,4,True,7,5,1,6
123,2023-01-15,39,Female,Istanbul,Food,33.52,2,0.0,67.04,Cash on Delivery,Mobile,22,10,False,4,2,1,6
124,2023-01-15,23,Male,Istanbul,Sports,292.8,1,41.69,251.11,Digital Wallet,Desktop,19,9,False,8,5,1,6
125,2023-01-15,29,Male,Bursa,Electronics,2340.15,4,402.1,8958.5,Credit Card,Desktop,9,14,True,3,5,1,6
126,2023-01-15,53,Female,Ankara,Electronics,1121.67,5,0.0,5608.35,Cash on Delivery,Desktop,18,8,False,4,3,1,6
127,2023-01-15,29,Female,Antalya,Books,27.13,4,5.54,102.98,Debit Card,Mobile,14,7,True,5,2,1,6
128,2023-01-15,40,Female,Gaziantep,Electronics,1239.23,1,0.0,1239.23,Credit Card,Desktop,31,13,True,12,5,1,6
129,2023-01-15,27,Female,Bursa,Fashion,118.65,3,0.0,355.95,Debit Card,Mobile,4,7,False,8,4,1,6
130,2023-01-15,43,Male,Antalya,Food,140.01,1,23.2,116.81,Digital Wallet,Desktop,13,9,False,7,4,1,6
131,2023-01-16,38,Male,Gaziantep,Home & Garden,1469.76,1,0.0,1469.76,Bank Transfer,Desktop,13,13,False,4,3,1,0
132,2023-01-16,23,Female,Izmir,Toys,25.11,2,0.0,50.22,Bank Transfer,Mobile,12,6,False,7,5,1,0
133,2023-01-16,26,Male,Gaziantep,Toys,130.84,2,7.16,254.52,Digital Wallet,Mobile,14,8,True,6,4,1,0
134,2023-01-16,38,Female,Bursa,Fashion,198.21,1,0.0,198.21,Bank Transfer,Desktop,20,6,True,2,2,1,0
135,2023-01-16,21,Female,Adana,Beauty,153.06,4,20.83,591.41,Debit Card,Desktop,10,2,True,4,2,1,0
136,2023-01-16,27,Female,Istanbul,Electronics,1783.81,2,501.44,3066.18,Debit Card,Desktop,7,5,True,5,4,1,0
137,2023-01-16,18,Female,Gaziantep,Fashion,498.6,1,0.0,498.6,Digital Wallet,Mobile,1,5,True,1,5,1,0
138,2023-01-16,37,Male,Istanbul,Home & Garden,656.04,2,0.0,1312.08,Debit Card,Desktop,4,8,True,8,2,1,0
139,2023-01-16,39,Other,Konya,Beauty,27.5,2,0.0,55.0,Digital Wallet,Mobile,13,11,True,2,5,1,0
140,2023-01-16,23,Female,Adana,Home & Garden,159.75,3,0.0,479.25,Credit Card,Mobile,10,9,True,2,5,1,0
141,2023-01-17,41,Female,Istanbul,Toys,107.19,3,0.0,321.57,Credit Card,Desktop,4,7,False,8,2,1,1
142,2023-01-17,41,Male,Istanbul,Home & Garden,724.84,3,140.57,2033.95,Digital Wallet,Desktop,7,9,True,8,3,1,1
143,2023-01-17,38,Female,Istanbul,Beauty,207.5,1,0.0,207.5,Credit Card,Mobile,10,6,True,10,4,1,1
144,2023-01-17,31,Male,Istanbul,Sports,1397.66,1,0.0,1397.66,Credit Card,Desktop,3,13,False,7,4,1,1
145,2023-01-17,43,Male,Kayseri,Beauty,286.68,2,0.0,573.36,Digital Wallet,Desktop,28,6,True,5,5,1,1
146,2023-01-17,38,Male,Antalya,Electronics,2594.07,3,344.88,7437.33,Debit Card,Mobile,14,3,False,4,4,1,1
147,2023-01-17,32,Female,Ankara,Sports,194.41,1,0.0,194.41,Credit Card,Mobile,26,8,False,8,3,1,1
148,2023-01-17,22,Female,Ankara,Home & Garden,234.69,1,0.0,234.69,Cash on Delivery,Mobile,15,7,False,11,1,1,1
149,2023-01-17,28,Male,Istanbul,Toys,198.69,3,0.0,596.07,Digital Wallet,Mobile,8,5,False,6,3,1,1
150,2023-01-17,21,Female,Adana,Beauty,167.43,5,0.0,837.15,Cash on Delivery,Mobile,20,9,True,8,1,1,1
151,2023-01-17,29,Female,Izmir,Beauty,140.69,1,0.0,140.69,Credit Card,Mobile,22,12,False,5,5,1,1
152,2023-01-17,61,Female,Istanbul,Toys,185.75,1,0.0,185.75,Digital Wallet,Mobile,24,12,False,10,5,1,1
153,2023-01-17,22,Male,Ankara,Beauty,67.22,1,0.0,67.22,Bank Transfer,Mobile,3,8,True,6,5,1,1
154,2023-01-18,38,Female,Ankara,Electronics,1597.61,2,407.84,2787.38,Debit Card,Mobile,7,10,True,7,5,1,2
155,2023-01-18,26,Male,Ankara,Books,51.77,1,4.19,47.58,Debit Card,Desktop,13,10,False,2,5,1,2
156,2023-01-18,35,Female,Istanbul,Beauty,128.91,2,11.32,246.5,Credit Card,Desktop,20,5,False,6,4,1,2
157,2023-01-18,44,Male,Gaziantep,Sports,701.14,5,0.0,3505.7,Credit Card,Mobile,17,7,False,1,5,1,2
158,2023-01-19,19,Male,Istanbul,Food,104.98,1,0.0,104.98,Bank Transfer,Mobile,13,5,True,6,4,1,3
159,2023-01-19,46,Male,Istanbul,Electronics,547.73,4,111.92,2079.0,Credit Card,Desktop,11,9,False,4,1,1,3
160,2023-01-19,18,Female,Istanbul,Beauty,143.88,2,0.0,287.76,Credit Card,Mobile,1,6,True,4,4,1,3
161,2023-01-19,35,Male,Ankara,Sports,87.07,3,0.0,261.21,Debit Card,Desktop,6,8,False,6,3,1,3
162,2023-01-19,34,Female,Antalya,Food,61.34,1,13.77,47.57,Digital Wallet,Desktop,27,9,False,16,4,1,3
163,2023-01-19,24,Male,Izmir,Food,79.58,2,0.0,159.16,Digital Wallet,Mobile,18,10,True,4,5,1,3
164,2023-01-19,29,Female,Istanbul,Sports,521.91,1,0.0,521.91,Credit Card,Mobile,27,10,True,6,4,1,3
165,2023-01-19,19,Female,Istanbul,Books,62.09,2,0.0,124.18,Digital Wallet,Mobile,23,11,True,12,5,1,3
166,2023-01-19,18,Female,Ankara,Electronics,3218.66,2,0.0,6437.32,Digital Wallet,Mobile,19,7,False,8,4,1,3
167,2023-01-20,28,Female,Istanbul,Toys,127.29,2,0.0,254.58,Debit Card,Desktop,9,15,True,8,5,1,4
168,2023-01-20,28,Male,Ankara,Sports,491.27,1,0.0,491.27,Credit Card,Desktop,10,7,True,4,5,1,4
169,2023-01-20,34,Male,Istanbul,Books,87.03,1,0.0,87.03,Bank Transfer,Desktop,21,13,False,8,5,1,4
170,2023-01-20,28,Male,Gaziantep,Books,60.16,1,13.38,46.78,Debit Card,Desktop,10,3,True,16,4,1,4
171,2023-01-20,26,Female,Antalya,Beauty,134.9,1,0.0,134.9,Bank Transfer,Mobile,1,11,True,5,4,1,4
172,2023-01-20,32,Male,Izmir,Fashion,197.92,1,0.0,197.92,Credit Card,Desktop,23,8,False,6,1,1,4
173,2023-01-20,39,Female,Konya,Food,146.34,5,32.09,699.61,Digital Wallet,Mobile,19,9,True,6,3,1,4
174,2023-01-20,29,Male,Istanbul,Home & Garden,923.93,1,0.0,923.93,Credit Card,Mobile,30,11,False,2,5,1,4
175,2023-01-20,18,Female,Istanbul,Food,126.38,4,0.0,505.52,Debit Card,Desktop,34,9,False,13,5,1,4
176,2023-01-21,18,Female,Istanbul,Sports,449.73,1,91.42,358.31,Debit Card,Desktop,14,12,True,6,4,1,5
177,2023-01-21,49,Female,Izmir,Home & Garden,1633.66,1,0.0,1633.66,Credit Card,Mobile,8,12,True,1,3,1,5
178,2023-01-21,25,Male,Istanbul,Fashion,169.49,1,0.0,169.49,Credit Card,Desktop,12,9,True,2,5,1,5
179,2023-01-21,32,Male,Ankara,Sports,428.67,2,0.0,857.34,Credit Card,Mobile,8,6,True,12,3,1,5
180,2023-01-21,51,Male,Istanbul,Beauty,60.69,1,0.0,60.69,Credit Card,Tablet,4,5,True,6,4,1,5
181,2023-01-21,45,Female,Istanbul,Beauty,130.44,1,25.02,105.42,Credit Card,Mobile,13,12,True,6,4,1,5
182,2023-01-21,25,Male,Istanbul,Beauty,231.31,3,0.0,693.93,Debit Card,Desktop,9,8,False,13,5,1,5
183,2023-01-21,22,Male,Bursa,Food,132.72,4,0.0,530.88,Digital Wallet,Mobile,19,9,False,14,5,1,5
184,2023-01-21,23,Male,Gaziantep,Toys,64.55,3,0.0,193.65,Debit Card,Desktop,10,6,True,4,5,1,5
185,2023-01-21,57,Male,Izmir,Electronics,487.6,1,0.0,487.6,Credit Card,Mobile,7,13,True,3,4,1,5
186,2023-01-21,42,Male,Antalya,Books,36.1,3,5.01,103.29,Debit Card,Tablet,52,7,True,4,4,1,5
187,2023-01-22,52,Female,Bursa,Electronics,387.29,1,0.0,387.29,Digital Wallet,Mobile,4,7,True,5,5,1,6
188,2023-01-22,30,Male,Kayseri,Electronics,885.38,1,0.0,885.38,Debit Card,Mobile,11,14,True,5,5,1,6
189,2023-01-22,58,Male,Kayseri,Beauty,39.42,3,0.0,118.26,Cash on Delivery,Tablet,11,7,True,13,4,1,6
190,2023-01-22,44,Male,Izmir,Food,32.05,5,0.0,160.25,Credit Card,Mobile,6,11,True,5,4,1,6
191,2023-01-22,44,Male,Kayseri,Home & Garden,677.0,3,0.0,2031.0,Digital Wallet,Mobile,14,10,True,3,5,1,6
192,2023-01-22,29,Female,Ankara,Sports,118.19,4,30.78,441.98,Debit Card,Mobile,16,8,True,5,1,1,6
193,2023-01-22,46,Male,Konya,Home & Garden,1310.59,1,0.0,1310.59,Debit Card,Desktop,18,11,True,10,3,1,6
194,2023-01-22,45,Male,Gaziantep,Electronics,609.04,1,0.0,609.04,Digital Wallet,Mobile,15,14,True,4,5,1,6
195,2023-01-22,27,Male,Istanbul,Sports,245.99,4,50.97,932.99,Debit Card,Mobile,16,9,False,5,2,1,6
196,2023-01-22,21,Male,Ankara,Home & Garden,269.0,1,24.28,244.72,Digital Wallet,Mobile,11,13,True,10,2,1,6
197,2023-01-23,30,Male,Adana,Sports,387.6,1,0.0,387.6,Credit Card,Mobile,8,7,True,10,4,1,0
198,2023-01-23,32,Female,Ankara,Books,63.89,2,11.91,115.87,Bank Transfer,Tablet,21,13,True,7,1,1,0
199,2023-01-23,25,Female,Istanbul,Sports,245.18,1,0.0,245.18,Debit Card,Desktop,15,5,True,7,5,1,0
200,2023-01-23,66,Female,Gaziantep,Books,50.52,2,12.25,88.79,Debit Card,Mobile,12,5,True,2,2,1,0
201,2023-01-23,46,Male,Ankara,Books,19.74,1,0.0,19.74,Digital Wallet,Mobile,28,8,True,3,5,1,0
202,2023-01-23,55,Female,Kayseri,Electronics,3242.84,5,0.0,16214.2,Credit Card,Desktop,2,10,True,5,5,1,0
203,2023-01-23,18,Male,Konya,Sports,1052.01,4,245.44,3962.6,Credit Card,Desktop,9,8,True,9,4,1,0
204,2023-01-23,18,Female,Istanbul,Sports,764.79,1,0.0,764.79,Debit Card,Mobile,20,5,True,10,1,1,0
205,2023-01-23,35,Female,Gaziantep,Sports,1926.52,2,222.93,3630.11,Credit Card,Desktop,12,6,True,9,5,1,0
206,2023-01-23,18,Other,Ankara,Books,35.4,2,3.14,67.66,Debit Card,Desktop,26,8,False,3,4,1,0
207,2023-01-23,27,Male,Istanbul,Sports,450.37,1,0.0,450.37,Credit Card,Mobile,22,9,False,3,5,1,0
208,2023-01-23,18,Female,Antalya,Food,57.48,2,10.25,104.71,Digital Wallet,Mobile,19,7,True,7,5,1,0
209,2023-01-23,48,Female,Istanbul,Home & Garden,113.93,2,0.0,227.86,Credit Card,Tablet,13,10,True,3,2,1,0
210,2023-01-23,59,Male,Adana,Toys,112.82,2,0.0,225.64,Debit Card,Desktop,3,5,False,6,4,1,0
211,2023-01-24,21,Female,Adana,Electronics,4879.14,1,0.0,4879.14,Debit Card,Mobile,8,15,True,5,1,1,1
212,2023-01-24,39,Male,Antalya,Sports,656.63,1,0.0,656.63,Credit Card,Mobile,7,7,False,11,4,1,1
213,2023-01-24,28,Female,Istanbul,Electronics,953.09,5,0.0,4765.45,Credit Card,Desktop,7,5,False,6,2,1,1
214,2023-01-24,28,Female,Izmir,Books,96.67,2,19.58,173.76,Digital Wallet,Mobile,13,13,False,5,5,1,1
215,2023-01-24,33,Female,Istanbul,Sports,630.02,4,42.15,2477.93,Debit Card,Mobile,36,10,True,10,3,1,1
216,2023-01-24,25,Female,Izmir,Electronics,929.21,5,0.0,4646.05,Digital Wallet,Mobile,14,10,True,10,5,1,1
217,2023-01-24,40,Female,Istanbul,Home & Garden,484.43,1,0.0,484.43,Debit Card,Mobile,24,6,False,4,3,1,1
218,2023-01-24,18,Female,Kayseri,Food,25.92,2,0.0,51.84,Credit Card,Desktop,20,6,False,3,4,1,1
219,2023-01-24,37,Female,Bursa,Fashion,656.43,2,35.67,1277.19,Credit Card,Desktop,1,12,True,5,5,1,1
220,2023-01-24,45,Male,Adana,Books,24.48,2,6.69,42.27,Debit Card,Mobile,13,6,True,8,3,1,1
221,2023-01-24,41,Female,Ankara,Toys,114.64,1,0.0,114.64,Credit Card,Mobile,1,14,True,4,4,1,1
222,2023-01-24,48,Male,Ankara,Electronics,475.66,1,0.0,475.66,Cash on Delivery,Mobile,4,3,True,16,5,1,1
223,2023-01-24,31,Male,Istanbul,Books,39.77,1,0.0,39.77,Digital Wallet,Mobile,12,6,False,9,5,1,1
224,2023-01-24,26,Female,Izmir,Home & Garden,529.51,3,114.28,1474.25,Cash on Delivery,Mobile,15,9,False,3,5,1,1
225,2023-01-24,36,Female,Antalya,Sports,588.71,2,46.14,1131.28,Digital Wallet,Mobile,20,6,True,4,5,1,1
226,2023-01-25,32,Female,Izmir,Beauty,270.97,1,0.0,270.97,Credit Card,Mobile,12,11,False,9,4,1,2
227,2023-01-25,45,Male,Ankara,Books,72.72,2,0.0,145.44,Digital Wallet,Mobile,12,10,False,8,5,1,2
228,2023-01-25,28,Female,Izmir,Toys,252.88,1,0.0,252.88,Debit Card,Mobile,14,12,False,2,5,1,2
229,2023-01-25,48,Male,Ankara,Home & Garden,1049.78,2,0.0,2099.56,Digital Wallet,Mobile,10,7,True,11,5,1,2
230,2023-01-25,35,Female,Istanbul,Sports,457.88,2,0.0,915.76,Credit Card,Desktop,5,8,True,6,4,1,2
231,2023-01-25,29,Female,Istanbul,Sports,293.77,1,0.0,293.77,Bank Transfer,Mobile,17,15,True,9,5,1,2
232,2023-01-25,25,Male,Istanbul,Fashion,186.51,4,54.02,692.02,Credit Card,Mobile,4,7,False,11,5,1,2
233,2023-01-25,21,Female,Antalya,Fashion,242.04,5,0.0,1210.2,Cash on Delivery,Desktop,24,9,False,5,4,1,2
234,2023-01-26,36,Female,Antalya,Beauty,81.97,2,0.0,163.94,Credit Card,Mobile,18,11,False,7,1,1,3
235,2023-01-26,35,Male,Antalya,Toys,128.45,1,0.0,128.45,Cash on Delivery,Desktop,13,7,False,3,4,1,3
236,2023-01-26,54,Male,Adana,Beauty,145.92,5,23.31,706.29,Credit Card,Mobile,11,12,False,5,4,1,3
237,2023-01-26,45,Female,Istanbul,Fashion,333.67,1,42.36,291.31,Credit Card,Mobile,2,11,False,3,5,1,3
238,2023-01-26,33,Female,Antalya,Home & Garden,219.03,3,0.0,657.09,Debit Card,Desktop,14,10,False,9,1,1,3
239,2023-01-26,37,Female,Konya,Sports,307.4,4,0.0,1229.6,Bank Transfer,Mobile,11,8,False,6,5,1,3
240,2023-01-26,39,Male,Istanbul,Electronics,1493.28,1,0.0,1493.28,Credit Card,Mobile,8,8,True,7,5,1,3
241,2023-01-26,18,Female,Antalya,Sports,118.11,1,0.0,118.11,Credit Card,Desktop,45,7,True,2,5,1,3
242,2023-01-26,34,Female,Ankara,Toys,412.45,2,0.0,824.9,Bank Transfer,Mobile,30,10,True,2,4,1,3
243,2023-01-26,47,Female,Bursa,Toys,101.84,2,0.0,203.68,Credit Card,Desktop,16,11,True,3,4,1,3
244,2023-01-26,26,Male,Izmir,Books,36.97,1,0.0,36.97,Debit Card,Mobile,12,9,True,3,5,1,3
245,2023-01-27,41,Male,Antalya,Electronics,606.28,1,0.0,606.28,Credit Card,Mobile,33,10,True,4,4,1,4
246,2023-01-27,45,Male,Izmir,Electronics,1168.95,1,0.0,1168.95,Credit Card,Mobile,14,13,True,3,4,1,4
247,2023-01-27,18,Female,Istanbul,Food,73.45,1,0.0,73.45,Debit Card,Mobile,7,7,False,5,5,1,4
248,2023-01-27,33,Female,Antalya,Fashion,301.28,1,20.45,280.83,Cash on Delivery,Mobile,31,9,True,4,2,1,4
249,2023-01-27,32,Male,Kayseri,Electronics,584.24,5,75.17,2846.03,Debit Card,Mobile,8,7,False,4,2,1,4
250,2023-01-27,37,Female,Istanbul,Beauty,27.48,1,0.0,27.48,Credit Card,Desktop,15,5,True,5,3,1,4
251,2023-01-27,27,Female,Istanbul,Sports,1015.66,1,0.0,1015.66,Digital Wallet,Mobile,19,12,True,4,5,1,4
252,2023-01-27,18,Male,Bursa,Books,116.76,3,0.0,350.28,Cash on Delivery,Mobile,8,15,True,8,4,1,4
253,2023-01-27,27,Male,Konya,Electronics,503.88,5,0.0,2519.4,Digital Wallet,Desktop,14,4,True,7,5,1,4
254,2023-01-27,27,Female,Izmir,Fashion,820.57,1,0.0,820.57,Debit Card,Mobile,21,16,True,4,3,1,4
255,2023-01-27,38,Male,Antalya,Home & Garden,839.72,4,122.08,3236.8,Debit Card,Mobile,8,10,True,8,5,1,4
256,2023-01-27,18,Female,Izmir,Toys,82.08,1,0.0,82.08,Debit Card,Mobile,16,11,False,9,1,1,4
257,2023-01-27,23,Female,Gaziantep,Fashion,230.7,2,0.0,461.4,Digital Wallet,Desktop,6,12,False,2,3,1,4
258,2023-01-27,51,Male,Istanbul,Toys,186.08,4,0.0,744.32,Credit Card,Mobile,10,8,False,7,4,1,4
259,2023-01-27,33,Female,Adana,Books,65.18,5,0.0,325.9,Debit Card,Desktop,9,10,False,5,1,1,4
260,2023-01-28,37,Male,Bursa,Toys,92.73,1,25.0,67.73,Credit Card,Desktop,12,3,False,11,2,1,5
261,2023-01-28,54,Female,Bursa,Toys,96.77,4,0.0,387.08,Debit Card,Mobile,4,8,True,7,4,1,5
262,2023-01-28,40,Male,Adana,Books,69.53,2,0.0,139.06,Credit Card,Desktop,29,9,False,8,3,1,5
263,2023-01-28,60,Male,Ankara,Food,49.39,1,0.0,49.39,Debit Card,Tablet,14,12,True,6,4,1,5
264,2023-01-28,37,Female,Adana,Sports,831.65,2,184.33,1478.97,Debit Card,Mobile,24,10,True,6,4,1,5
265,2023-01-28,47,Female,Gaziantep,Food,45.81,1,0.0,45.81,Credit Card,Mobile,19,8,False,5,5,1,5
266,2023-01-28,32,Male,Istanbul,Books,56.2,1,6.23,49.97,Bank Transfer,Tablet,4,9,True,8,3,1,5
267,2023-01-28,54,Male,Istanbul,Fashion,431.67,2,0.0,863.34,Digital Wallet,Mobile,9,17,True,3,3,1,5
268,2023-01-29,51,Male,Konya,Books,13.38,1,2.36,11.02,Cash on Delivery,Mobile,11,9,True,5,1,1,6
269,2023-01-29,34,Male,Istanbul,Beauty,150.19,1,0.0,150.19,Debit Card,Mobile,31,4,True,1,4,1,6
270,2023-01-29,33,Male,Ankara,Sports,252.02,2,46.12,457.92,Digital Wallet,Mobile,15,7,False,7,5,1,6
271,2023-01-29,40,Female,Gaziantep,Books,64.04,3,18.47,173.65,Debit Card,Desktop,16,10,False,18,2,1,6
272,2023-01-29,56,Male,Ankara,Food,40.83,2,0.0,81.66,Debit Card,Tablet,11,7,True,2,2,1,6
273,2023-01-29,33,Female,Izmir,Electronics,5164.64,3,1394.26,14099.66,Debit Card,Mobile,11,8,True,5,1,1,6
274,2023-01-29,58,Male,Eskisehir,Electronics,1263.25,1,0.0,1263.25,Bank Transfer,Mobile,34,8,False,4,5,1,6
275,2023-01-29,18,Female,Konya,Beauty,52.51,3,0.0,157.53,Credit Card,Mobile,37,12,False,1,5,1,6
276,2023-01-29,18,Male,Istanbul,Food,79.51,4,0.0,318.04,Debit Card,Desktop,5,9,True,5,1,1,6
277,2023-01-29,38,Male,Bursa,Toys,222.64,1,0.0,222.64,Credit Card,Mobile,6,12,False,7,3,1,6
278,2023-01-30,19,Female,Istanbul,Food,17.81,1,1.41,16.4,Debit Card,Mobile,17,11,True,6,5,1,0
279,2023-01-30,31,Male,Istanbul,Food,71.28,1,0.0,71.28,Bank Transfer,Tablet,12,7,True,5,5,1,0
280,2023-01-30,60,Female,Ankara,Sports,785.55,1,0.0,785.55,Credit Card,Mobile,1,11,True,9,4,1,0
281,2023-01-30,41,Male,Konya,Toys,221.16,2,0.0,442.32,Cash on Delivery,Desktop,9,2,False,10,4,1,0
282,2023-01-30,41,Female,Istanbul,Toys,238.51,1,0.0,238.51,Credit Card,Mobile,11,16,True,7,1,1,0
283,2023-01-30,33,Female,Eskisehir,Sports,235.02,2,0.0,470.04,Debit Card,Tablet,11,13,True,12,4,1,0
284,2023-01-30,27,Female,Bursa,Toys,190.94,4,28.38,735.38,Digital Wallet,Desktop,19,5,True,6,5,1,0
285,2023-01-30,31,Female,Istanbul,Toys,110.26,1,0.0,110.26,Credit Card,Mobile,1,10,True,4,5,1,0
286,2023-01-30,49,Female,Adana,Beauty,178.19,2,0.0,356.38,Debit Card,Mobile,16,9,True,4,3,1,0
287,2023-01-31,40,Female,Istanbul,Sports,178.93,1,15.22,163.71,Credit Card,Mobile,15,8,True,10,4,1,1
288,2023-01-31,18,Male,Istanbul,Toys,158.02,1,21.85,136.17,Credit Card,Desktop,36,9,False,9,1,1,1
289,2023-01-31,22,Male,Istanbul,Fashion,485.83,1,0.0,485.83,Credit Card,Mobile,24,12,True,6,4,1,1
290,2023-01-31,43,Female,Izmir,Beauty,28.39,1,0.0,28.39,Credit Card,Mobile,13,10,True,12,5,1,1
291,2023-01-31,42,Male,Istanbul,Fashion,274.43,3,47.04,776.25,Debit Card,Mobile,27,9,True,12,4,1,1
292,2023-01-31,43,Male,Adana,Food,76.5,1,6.92,69.58,Credit Card,Desktop,16,12,False,5,4,1,1
293,2023-01-31,38,Female,Istanbul,Fashion,66.84,4,0.0,267.36,Credit Card,Desktop,27,7,False,5,4,1,1
294,2023-01-31,38,Female,Bursa,Home & Garden,589.21,2,0.0,1178.42,Debit Card,Mobile,12,6,True,7,5,1,1
295,2023-01-31,32,Male,Istanbul,Food,61.49,5,0.0,307.45,Credit Card,Desktop,11,6,False,4,4,1,1
296,2023-01-31,44,Female,Kayseri,Books,38.98,4,0.0,155.92,Credit Card,Mobile,4,12,False,7,5,1,1
297,2023-01-31,48,Female,Adana,Beauty,42.57,1,11.98,30.59,Bank Transfer,Mobile,22,7,False,4,5,1,1
298,2023-01-31,38,Male,Istanbul,Beauty,187.86,1,49.94,137.92,Bank Transfer,Desktop,17,12,True,5,5,1,1
299,2023-01-31,35,Male,Adana,Home & Garden,118.78,1,0.0,118.78,Debit Card,Mobile,3,13,True,6,3,1,1
300,2023-01-31,35,Female,Kayseri,Books,51.94,1,14.38,37.56,Digital Wallet,Desktop,1,8,False,7,3,1,1
301,2023-02-01,18,Female,Ankara,Electronics,1201.31,1,177.05,1024.26,Credit Card,Desktop,20,10,True,12,5,2,2
302,2023-02-01,20,Male,Izmir,Home & Garden,419.96,5,0.0,2099.8,Bank Transfer,Desktop,30,14,False,6,5,2,2
303,2023-02-01,23,Male,Bursa,Food,61.2,2,0.0,122.4,Debit Card,Mobile,8,11,True,4,5,2,2
304,2023-02-01,33,Male,Bursa,Books,43.59,2,0.0,87.18,Digital Wallet,Mobile,5,8,True,10,4,2,2
305,2023-02-01,51,Male,Adana,Books,80.38,2,4.23,156.53,Credit Card,Mobile,2,10,True,4,5,2,2
306,2023-02-01,33,Female,Eskisehir,Toys,247.72,1,0.0,247.72,Cash on Delivery,Tablet,54,10,True,8,5,2,2
307,2023-02-01,48,Female,Izmir,Toys,368.72,1,0.0,368.72,Debit Card,Desktop,15,8,False,5,3,2,2
308,2023-02-01,42,Female,Gaziantep,Fashion,394.76,1,0.0,394.76,Debit Card,Mobile,21,13,True,3,5,2,2
309,2023-02-01,41,Female,Antalya,Sports,367.76,2,0.0,735.52,Credit Card,Tablet,3,7,True,8,3,2,2
310,2023-02-01,18,Female,Konya,Home & Garden,278.53,4,0.0,1114.12,Credit Card,Mobile,7,7,False,2,5,2,2
311,2023-02-01,41,Male,Ankara,Sports,249.14,5,51.02,1194.68,Credit Card,Mobile,12,6,False,9,4,2,2
312,2023-02-02,59,Male,Antalya,Beauty,64.72,1,0.0,64.72,Debit Card,Tablet,7,8,True,8,5,2,3
313,2023-02-02,44,Male,Istanbul,Beauty,132.63,1,15.04,117.59,Credit Card,Desktop,13,11,False,10,5,2,3
314,2023-02-02,30,Female,Istanbul,Books,49.54,1,0.0,49.54,Digital Wallet,Desktop,14,11,True,5,5,2,3
315,2023-02-02,34,Female,Ankara,Electronics,1563.53,3,0.0,4690.59,Cash on Delivery,Desktop,5,8,True,7,4,2,3
316,2023-02-02,34,Female,Istanbul,Home & Garden,1613.69,4,0.0,6454.76,Credit Card,Desktop,9,8,False,7,4,2,3
317,2023-02-02,42,Female,Gaziantep,Fashion,167.43,1,0.0,167.43,Credit Card,Desktop,18,7,False,11,4,2,3
318,2023-02-02,34,Female,Izmir,Home & Garden,580.0,1,0.0,580.0,Cash on Delivery,Mobile,8,8,False,3,5,2,3
319,2023-02-02,39,Male,Istanbul,Food,102.74,3,0.0,308.22,Digital Wallet,Mobile,16,15,False,6,1,2,3
320,2023-02-02,34,Other,Bursa,Sports,1046.76,2,0.0,2093.52,Digital Wallet,Tablet,5,7,True,5,4,2,3
321,2023-02-02,33,Male,Izmir,Books,31.44,1,0.0,31.44,Digital Wallet,Mobile,10,6,True,7,3,2,3
322,2023-02-02,44,Male,Ankara,Food,76.58,2,0.0,153.16,Bank Transfer,Desktop,19,12,True,7,2,2,3
323,2023-02-02,37,Male,Istanbul,Fashion,114.14,2,0.0,228.28,Bank Transfer,Mobile,5,10,True,9,5,2,3
324,2023-02-03,28,Female,Istanbul,Books,76.71,5,0.0,383.55,Credit Card,Mobile,14,8,True,10,5,2,4
325,2023-02-03,51,Female,Istanbul,Fashion,179.02,4,0.0,716.08,Debit Card,Mobile,30,10,True,3,2,2,4
326,2023-02-03,29,Male,Antalya,Food,51.69,3,2.68,152.39,Bank Transfer,Desktop,13,9,True,3,5,2,4
327,2023-02-03,62,Female,Istanbul,Fashion,692.89,1,0.0,692.89,Bank Transfer,Mobile,36,8,True,5,4,2,4
328,2023-02-03,63,Female,Antalya,Beauty,124.94,2,26.52,223.36,Digital Wallet,Mobile,25,10,True,5,5,2,4
329,2023-02-03,32,Male,Ankara,Food,54.08,5,0.0,270.4,Credit Card,Tablet,22,10,True,11,1,2,4
330,2023-02-03,18,Female,Istanbul,Sports,117.22,2,0.0,234.44,Debit Card,Tablet,17,8,False,3,4,2,4
331,2023-02-04,28,Female,Gaziantep,Electronics,3602.91,5,0.0,18014.55,Credit Card,Desktop,16,13,True,4,5,2,5
332,2023-02-04,44,Female,Istanbul,Toys,341.09,2,0.0,682.18,Debit Card,Desktop,15,11,False,7,1,2,5
333,2023-02-04,38,Male,Bursa,Beauty,135.88,4,16.14,527.38,Credit Card,Desktop,13,15,False,7,4,2,5
334,2023-02-04,40,Female,Istanbul,Books,19.37,1,0.0,19.37,Digital Wallet,Mobile,16,12,True,2,4,2,5
335,2023-02-04,46,Male,Konya,Electronics,2222.5,4,0.0,8890.0,Digital Wallet,Desktop,4,10,True,6,5,2,5
336,2023-02-04,23,Male,Ankara,Beauty,109.83,2,30.49,189.17,Debit Card,Mobile,23,5,False,4,4,2,5
337,2023-02-04,38,Female,Izmir,Toys,79.3,2,0.0,158.6,Credit Card,Tablet,31,7,False,8,3,2,5
338,2023-02-04,18,Female,Istanbul,Electronics,342.48,1,0.0,342.48,Credit Card,Mobile,6,9,True,12,5,2,5
339,2023-02-04,59,Female,Bursa,Toys,78.11,1,0.0,78.11,Credit Card,Mobile,15,7,False,18,5,2,5
340,2023-02-04,32,Female,Adana,Home & Garden,349.92,1,0.0,349.92,Digital Wallet,Mobile,12,7,True,3,5,2,5
341,2023-02-04,40,Female,Istanbul,Home & Garden,440.83,2,0.0,881.66,Credit Card,Desktop,3,11,True,4,1,2,5
342,2023-02-05,35,Male,Izmir,Home & Garden,205.05,2,0.0,410.1,Credit Card,Desktop,22,6,True,5,5,2,6
343,2023-02-05,36,Female,Istanbul,Fashion,165.02,1,0.0,165.02,Digital Wallet,Desktop,7,13,True,3,2,2,6
344,2023-02-05,40,Female,Izmir,Sports,493.49,2,0.0,986.98,Credit Card,Mobile,18,9,True,4,3,2,6
345,2023-02-05,45,Female,Gaziantep,Fashion,21.76,1,0.0,21.76,Bank Transfer,Desktop,8,9,False,9,4,2,6
346,2023-02-05,53,Female,Istanbul,Sports,288.88,1,71.21,217.67,Credit Card,Mobile,29,9,True,12,3,2,6
347,2023-02-05,20,Male,Konya,Home & Garden,1119.96,1,0.0,1119.96,Bank Transfer,Desktop,16,12,False,5,5,2,6
348,2023-02-05,18,Female,Bursa,Sports,1125.06,3,0.0,3375.18,Bank Transfer,Desktop,5,7,True,14,5,2,6
349,2023-02-05,29,Male,Gaziantep,Books,62.04,2,10.07,114.01,Credit Card,Mobile,9,11,True,6,5,2,6
350,2023-02-05,46,Female,Izmir,Books,58.17,1,11.02,47.15,Digital Wallet,Mobile,8,6,True,13,5,2,6
351,2023-02-05,18,Other,Istanbul,Electronics,1456.73,1,0.0,1456.73,Debit Card,Desktop,13,8,True,3,3,2,6
352,2023-02-05,23,Female,Bursa,Food,141.88,1,0.0,141.88,Debit Card,Tablet,8,10,False,8,3,2,6
353,2023-02-05,18,Female,Izmir,Fashion,135.83,2,0.0,271.66,Digital Wallet,Mobile,38,11,True,13,4,2,6
354,2023-02-05,52,Female,Ankara,Books,58.63,1,0.0,58.63,Debit Card,Mobile,12,6,True,2,4,2,6
355,2023-02-05,35,Male,Eskisehir,Home & Garden,1647.31,3,201.73,4740.2,Digital Wallet,Desktop,16,11,False,4,4,2,6
356,2023-02-05,33,Female,Adana,Home & Garden,112.61,3,0.0,337.83,Credit Card,Desktop,39,10,False,4,3,2,6
357,2023-02-05,25,Female,Kayseri,Electronics,773.84,1,0.0,773.84,Credit Card,Mobile,2,6,False,7,5,2,6
358,2023-02-06,39,Male,Kayseri,Books,27.2,3,0.0,81.6,Digital Wallet,Mobile,10,10,True,6,1,2,0
359,2023-02-06,30,Male,Konya,Sports,367.4,2,0.0,734.8,Digital Wallet,Mobile,22,9,True,7,5,2,0
360,2023-02-06,22,Male,Antalya,Food,64.1,1,0.0,64.1,Credit Card,Mobile,27,10,False,5,4,2,0
361,2023-02-06,18,Male,Ankara,Toys,58.38,4,0.0,233.52,Credit Card,Mobile,12,11,False,3,5,2,0
362,2023-02-06,20,Male,Kayseri,Toys,99.99,5,17.62,482.33,Cash on Delivery,Desktop,17,8,True,1,4,2,0
363,2023-02-06,34,Female,Kayseri,Fashion,751.59,5,0.0,3757.95,Debit Card,Mobile,10,5,True,4,3,2,0
364,2023-02-06,42,Female,Bursa,Fashion,254.32,2,0.0,508.64,Credit Card,Desktop,6,7,True,4,5,2,0
365,2023-02-06,33,Female,Istanbul,Books,50.17,4,0.0,200.68,Credit Card,Mobile,6,10,True,3,4,2,0
366,2023-02-07,50,Female,Antalya,Home & Garden,330.96,4,0.0,1323.84,Credit Card,Mobile,14,4,False,5,3,2,1
367,2023-02-07,28,Female,Antalya,Home & Garden,711.42,3,0.0,2134.26,Digital Wallet,Mobile,16,9,False,11,5,2,1
368,2023-02-07,18,Female,Istanbul,Food,89.31,5,8.03,438.52,Credit Card,Desktop,9,7,False,13,4,2,1
369,2023-02-07,47,Female,Ankara,Home & Garden,988.13,2,180.34,1795.92,Credit Card,Desktop,26,14,False,11,4,2,1
370,2023-02-07,30,Male,Ankara,Home & Garden,688.78,1,64.9,623.88,Debit Card,Tablet,4,10,True,5,5,2,1
371,2023-02-07,45,Female,Bursa,Beauty,49.17,1,0.0,49.17,Bank Transfer,Desktop,30,16,True,5,5,2,1
372,2023-02-07,54,Female,Eskisehir,Beauty,92.6,1,0.0,92.6,Credit Card,Mobile,16,9,True,12,2,2,1
373,2023-02-07,27,Other,Istanbul,Beauty,43.62,5,6.81,211.29,Credit Card,Mobile,15,10,True,6,5,2,1
374,2023-02-07,18,Male,Antalya,Fashion,45.04,5,0.0,225.2,Debit Card,Mobile,5,3,False,7,3,2,1
375,2023-02-07,19,Female,Gaziantep,Books,93.46,4,0.0,373.84,Credit Card,Tablet,8,5,False,4,3,2,1
376,2023-02-07,26,Male,Konya,Electronics,573.1,1,109.05,464.05,Digital Wallet,Desktop,15,8,True,10,4,2,1
377,2023-02-07,22,Male,Izmir,Home & Garden,62.17,1,0.0,62.17,Debit Card,Mobile,23,9,True,8,5,2,1
378,2023-02-07,26,Female,Ankara,Fashion,149.0,1,0.0,149.0,Credit Card,Desktop,18,13,False,13,3,2,1
379,2023-02-07,40,Male,Izmir,Electronics,6935.92,1,0.0,6935.92,Credit Card,Mobile,5,17,True,6,4,2,1
380,2023-02-07,28,Female,Gaziantep,Home & Garden,293.95,1,22.04,271.91,Credit Card,Tablet,10,10,True,12,5,2,1
381,2023-02-07,21,Male,Antalya,Home & Garden,386.85,1,0.0,386.85,Debit Card,Mobile,8,6,True,6,3,2,1
382,2023-02-07,19,Female,Ankara,Food,27.5,4,0.0,110.0,Digital Wallet,Desktop,3,9,True,7,5,2,1
383,2023-02-08,35,Female,Istanbul,Food,54.27,2,0.0,108.54,Debit Card,Mobile,6,4,True,7,4,2,2
384,2023-02-08,23,Male,Istanbul,Toys,75.74,1,0.0,75.74,Debit Card,Mobile,22,5,True,7,3,2,2
385,2023-02-08,18,Male,Ankara,Toys,145.47,1,0.0,145.47,Cash on Delivery,Tablet,10,15,True,7,4,2,2
386,2023-02-08,41,Male,Antalya,Home & Garden,252.04,5,0.0,1260.2,Debit Card,Mobile,17,8,False,3,4,2,2
387,2023-02-08,21,Male,Istanbul,Books,32.05,1,0.0,32.05,Debit Card,Desktop,7,7,False,12,4,2,2
388,2023-02-08,37,Male,Istanbul,Food,18.84,4,0.0,75.36,Bank Transfer,Desktop,12,10,True,3,4,2,2
389,2023-02-08,46,Male,Bursa,Fashion,103.15,1,0.0,103.15,Credit Card,Desktop,16,7,True,8,2,2,2
390,2023-02-08,18,Male,Ankara,Sports,893.98,2,98.59,1689.37,Credit Card,Mobile,39,12,True,8,4,2,2
391,2023-02-08,38,Female,Gaziantep,Toys,116.84,1,0.0,116.84,Debit Card,Tablet,32,6,True,3,5,2,2
392,2023-02-08,47,Female,Istanbul,Electronics,2784.25,3,0.0,8352.75,Debit Card,Mobile,3,10,False,6,4,2,2
393,2023-02-08,30,Female,Izmir,Home & Garden,996.79,1,0.0,996.79,Credit Card,Mobile,5,9,True,8,5,2,2
394,2023-02-08,49,Female,Bursa,Home & Garden,307.12,1,0.0,307.12,Digital Wallet,Mobile,13,8,False,4,4,2,2
395,2023-02-08,33,Male,Adana,Toys,197.36,1,0.0,197.36,Credit Card,Desktop,31,5,True,11,3,2,2
396,2023-02-08,54,Male,Adana,Electronics,4038.5,1,0.0,4038.5,Credit Card,Mobile,10,8,False,7,4,2,2
397,2023-02-09,41,Female,Istanbul,Electronics,533.51,2,91.38,975.64,Debit Card,Desktop,5,7,True,5,1,2,3
398,2023-02-09,32,Male,Antalya,Sports,174.85,1,0.0,174.85,Credit Card,Mobile,29,13,True,10,5,2,3
399,2023-02-09,18,Female,Ankara,Beauty,93.74,3,22.02,259.2,Credit Card,Tablet,10,7,True,2,5,2,3
400,2023-02-09,45,Male,Konya,Fashion,1800.31,1,389.99,1410.32,Credit Card,Desktop,19,12,True,11,5,2,3
401,2023-02-09,54,Female,Istanbul,Electronics,2946.39,5,0.0,14731.95,Bank Transfer,Mobile,17,9,True,2,5,2,3
402,2023-02-09,48,Male,Izmir,Toys,233.19,1,49.83,183.36,Debit Card,Mobile,9,10,True,4,2,2,3
403,2023-02-09,18,Male,Konya,Fashion,515.05,2,0.0,1030.1,Debit Card,Mobile,26,10,False,5,3,2,3
404,2023-02-09,42,Male,Ankara,Electronics,1066.72,4,194.99,4071.89,Credit Card,Mobile,42,9,False,9,5,2,3
405,2023-02-09,37,Female,Antalya,Fashion,281.75,3,36.61,808.64,Debit Card,Desktop,11,6,False,7,4,2,3
406,2023-02-09,39,Male,Kayseri,Home & Garden,399.21,1,95.49,303.72,Credit Card,Mobile,20,6,True,7,5,2,3
407,2023-02-09,18,Male,Istanbul,Toys,153.62,1,22.07,131.55,Debit Card,Mobile,8,12,False,5,5,2,3
408,2023-02-09,34,Male,Bursa,Beauty,39.61,1,8.9,30.71,Credit Card,Desktop,15,10,False,4,4,2,3
409,2023-02-10,38,Female,Izmir,Fashion,324.73,1,77.17,247.56,Credit Card,Mobile,5,8,False,2,5,2,4
410,2023-02-10,18,Female,Konya,Food,60.32,2,0.0,120.64,Digital Wallet,Desktop,13,12,True,3,4,2,4
411,2023-02-10,43,Female,Istanbul,Home & Garden,584.22,2,0.0,1168.44,Debit Card,Desktop,5,10,True,5,3,2,4
412,2023-02-10,52,Female,Adana,Books,42.89,1,0.0,42.89,Digital Wallet,Desktop,26,10,True,8,5,2,4
413,2023-02-10,18,Female,Konya,Food,48.46,1,0.0,48.46,Credit Card,Tablet,18,11,True,4,4,2,4
414,2023-02-10,18,Male,Gaziantep,Beauty,72.85,4,5.07,286.33,Cash on Delivery,Desktop,16,8,False,6,3,2,4
415,2023-02-10,32,Male,Bursa,Fashion,603.92,2,0.0,1207.84,Digital Wallet,Desktop,12,6,True,20,4,2,4
416,2023-02-10,51,Female,Izmir,Home & Garden,672.23,2,0.0,1344.46,Digital Wallet,Desktop,33,10,True,7,4,2,4
417,2023-02-10,27,Male,Gaziantep,Fashion,266.44,2,0.0,532.88,Digital Wallet,Tablet,19,10,False,4,5,2,4
418,2023-02-10,47,Male,Kayseri,Toys,238.83,1,0.0,238.83,Bank Transfer,Mobile,16,12,False,3,5,2,4
419,2023-02-10,25,Female,Eskisehir,Fashion,486.04,1,0.0,486.04,Bank Transfer,Tablet,3,9,False,4,4,2,4
420,2023-02-10,29,Female,Adana,Toys,226.83,1,0.0,226.83,Credit Card,Mobile,8,7,False,9,5,2,4
421,2023-02-10,18,Male,Gaziantep,Sports,287.02,1,0.0,287.02,Cash on Delivery,Mobile,73,9,True,4,3,2,4
422,2023-02-10,30,Male,Istanbul,Food,38.48,3,4.94,110.5,Credit Card,Mobile,10,17,False,24,4,2,4
423,2023-02-11,55,Female,Izmir,Fashion,576.24,2,107.12,1045.36,Credit Card,Tablet,14,10,True,5,2,2,5
424,2023-02-11,41,Male,Istanbul,Fashion,241.97,3,0.0,725.91,Debit Card,Tablet,8,8,True,12,1,2,5
425,2023-02-11,34,Female,Izmir,Food,51.02,5,0.0,255.1,Debit Card,Mobile,7,5,False,3,4,2,5
426,2023-02-11,54,Female,Konya,Food,27.64,4,0.0,110.56,Digital Wallet,Desktop,8,9,True,5,4,2,5
427,2023-02-11,28,Female,Izmir,Books,37.55,1,0.0,37.55,Digital Wallet,Desktop,8,5,False,5,5,2,5
428,2023-02-11,28,Female,Ankara,Books,50.22,4,0.0,200.88,Debit Card,Mobile,11,13,True,5,5,2,5
429,2023-02-11,44,Female,Gaziantep,Books,67.57,1,9.76,57.81,Bank Transfer,Mobile,19,9,False,5,5,2,5
430,2023-02-11,24,Female,Ankara,Home & Garden,388.01,5,0.0,1940.05,Debit Card,Tablet,9,11,False,7,3,2,5
431,2023-02-11,18,Female,Istanbul,Electronics,566.41,4,0.0,2265.64,Debit Card,Mobile,16,8,True,6,5,2,5
432,2023-02-11,32,Male,Gaziantep,Sports,796.94,3,0.0,2390.82,Digital Wallet,Mobile,7,10,False,4,5,2,5
433,2023-02-11,41,Other,Istanbul,Books,185.48,1,36.34,149.14,Cash on Delivery,Tablet,12,12,True,5,5,2,5
434,2023-02-11,47,Female,Izmir,Toys,194.99,1,0.0,194.99,Debit Card,Desktop,21,7,True,4,4,2,5
435,2023-02-11,23,Male,Bursa,Electronics,1635.67,4,178.7,6363.98,Cash on Delivery,Desktop,7,9,False,11,1,2,5
436,2023-02-11,60,Male,Istanbul,Sports,460.59,4,0.0,1842.36,Digital Wallet,Mobile,25,5,False,3,4,2,5
437,2023-02-11,37,Male,Istanbul,Food,26.53,2,7.88,45.18,Digital Wallet,Mobile,17,6,True,6,4,2,5
438,2023-02-12,29,Female,Bursa,Books,19.84,1,0.0,19.84,Credit Card,Desktop,8,11,True,5,5,2,6
439,2023-02-12,46,Female,Ankara,Home & Garden,256.44,5,0.0,1282.2,Digital Wallet,Desktop,25,13,True,6,4,2,6
440,2023-02-12,41,Male,Eskisehir,Fashion,157.2,2,41.49,272.91,Digital Wallet,Desktop,2,9,False,2,5,2,6
441,2023-02-12,29,Male,Kayseri,Books,54.23,5,12.55,258.6,Credit Card,Mobile,14,10,True,6,4,2,6
442,2023-02-12,31,Male,Bursa,Home & Garden,502.3,2,36.58,968.02,Credit Card,Desktop,5,11,True,3,3,2,6
443,2023-02-12,35,Female,Gaziantep,Fashion,210.92,1,39.39,171.53,Debit Card,Mobile,32,6,True,6,4,2,6
444,2023-02-12,39,Female,Istanbul,Fashion,263.41,2,52.63,474.19,Credit Card,Mobile,26,11,False,2,3,2,6
445,2023-02-12,57,Male,Istanbul,Beauty,189.2,2,0.0,378.4,Bank Transfer,Mobile,14,7,True,5,1,2,6
446,2023-02-12,47,Male,Izmir,Books,10.86,1,0.0,10.86,Credit Card,Desktop,10,9,True,5,5,2,6
447,2023-02-13,43,Male,Izmir,Electronics,2240.87,3,0.0,6722.61,Digital Wallet,Mobile,12,7,False,16,4,2,0
448,2023-02-13,47,Male,Istanbul,Sports,304.29,1,0.0,304.29,Credit Card,Tablet,7,15,True,4,3,2,0
449,2023-02-13,34,Female,Antalya,Food,59.85,1,3.84,56.01,Digital Wallet,Desktop,8,3,True,5,3,2,0
450,2023-02-13,18,Male,Ankara,Sports,709.75,3,106.72,2022.53,Credit Card,Mobile,15,16,False,6,4,2,0
451,2023-02-13,44,Male,Istanbul,Sports,809.75,4,0.0,3239.0,Credit Card,Desktop,16,6,True,11,5,2,0
452,2023-02-13,33,Male,Eskisehir,Sports,332.81,2,0.0,665.62,Debit Card,Mobile,26,8,True,13,4,2,0
453,2023-02-13,44,Male,Antalya,Fashion,168.62,1,45.31,123.31,Debit Card,Desktop,16,13,False,10,4,2,0
454,2023-02-13,61,Female,Adana,Books,42.78,2,9.34,76.22,Debit Card,Desktop,9,8,False,4,4,2,0
455,2023-02-13,48,Female,Bursa,Fashion,127.87,3,0.0,383.61,Credit Card,Tablet,21,4,True,4,3,2,0
456,2023-02-13,18,Female,Gaziantep,Fashion,70.71,2,12.62,128.8,Digital Wallet,Desktop,10,9,True,6,4,2,0
457,2023-02-13,54,Male,Istanbul,Books,12.22,2,0.86,23.58,Credit Card,Mobile,6,10,True,14,5,2,0
458,2023-02-13,45,Female,Istanbul,Electronics,2059.12,5,0.0,10295.6,Debit Card,Mobile,3,9,False,5,4,2,0
459,2023-02-13,42,Male,Adana,Home & Garden,655.26,1,189.72,465.54,Digital Wallet,Mobile,18,11,True,7,1,2,0
460,2023-02-13,33,Female,Istanbul,Electronics,1404.36,1,0.0,1404.36,Debit Card,Mobile,12,10,True,10,4,2,0
461,2023-02-13,52,Female,Istanbul,Beauty,78.43,1,0.0,78.43,Credit Card,Desktop,10,11,True,8,5,2,0
462,2023-02-13,44,Male,Antalya,Electronics,1513.36,3,0.0,4540.08,Debit Card,Mobile,19,7,False,8,3,2,0
463,2023-02-14,28,Male,Gaziantep,Sports,1142.57,1,232.85,909.72,Cash on Delivery,Mobile,7,11,False,4,5,2,1
464,2023-02-14,18,Female,Izmir,Beauty,180.24,2,0.0,360.48,Credit Card,Tablet,10,8,False,9,5,2,1
465,2023-02-14,18,Female,Ankara,Home & Garden,988.27,1,175.55,812.72,Debit Card,Mobile,19,15,False,4,4,2,1
466,2023-02-14,18,Male,Istanbul,Home & Garden,267.28,4,0.0,1069.12,Credit Card,Mobile,17,8,True,9,3,2,1
467,2023-02-14,55,Female,Adana,Beauty,141.27,5,14.39,691.96,Credit Card,Desktop,33,8,False,25,5,2,1
468,2023-02-14,46,Male,Istanbul,Sports,1206.16,1,0.0,1206.16,Debit Card,Mobile,3,5,True,7,4,2,1
469,2023-02-14,49,Male,Izmir,Food,176.39,1,0.0,176.39,Credit Card,Mobile,9,10,True,3,5,2,1
470,2023-02-14,18,Female,Konya,Food,30.18,1,0.0,30.18,Credit Card,Desktop,9,9,True,14,3,2,1
471,2023-02-14,40,Female,Izmir,Electronics,2205.66,1,278.63,1927.03,Credit Card,Mobile,5,6,True,10,5,2,1
472,2023-02-14,51,Male,Izmir,Food,48.01,1,0.0,48.01,Credit Card,Desktop,8,6,False,6,5,2,1
473,2023-02-15,23,Female,Antalya,Toys,83.63,2,0.0,167.26,Digital Wallet,Desktop,13,6,True,4,5,2,2
474,2023-02-15,37,Male,Istanbul,Toys,136.94,4,0.0,547.76,Credit Card,Mobile,17,8,False,6,3,2,2
475,2023-02-15,41,Female,Istanbul,Sports,178.13,1,9.31,168.82,Credit Card,Desktop,16,11,False,2,3,2,2
476,2023-02-15,44,Female,Bursa,Toys,113.9,1,0.0,113.9,Credit Card,Mobile,17,8,False,2,3,2,2
477,2023-02-15,19,Male,Adana,Toys,386.68,3,0.0,1160.04,Digital Wallet,Desktop,5,11,True,11,4,2,2
478,2023-02-16,48,Male,Ankara,Sports,102.23,2,0.0,204.46,Credit Card,Desktop,18,9,True,4,3,2,3
479,2023-02-16,18,Female,Bursa,Sports,483.5,4,0.0,1934.0,Cash on Delivery,Mobile,16,7,False,6,3,2,3
480,2023-02-16,44,Female,Konya,Electronics,2671.07,4,192.22,10492.06,Bank Transfer,Mobile,34,12,False,3,4,2,3
481,2023-02-16,37,Female,Antalya,Toys,19.84,4,0.0,79.36,Bank Transfer,Mobile,27,7,False,8,4,2,3
482,2023-02-16,29,Female,Gaziantep,Food,46.87,2,0.0,93.74,Digital Wallet,Desktop,13,8,True,2,5,2,3
483,2023-02-16,18,Female,Antalya,Books,28.38,3,0.0,85.14,Credit Card,Mobile,9,9,True,5,3,2,3
484,2023-02-16,53,Female,Konya,Fashion,479.56,2,0.0,959.12,Bank Transfer,Desktop,7,9,True,8,4,2,3
485,2023-02-16,32,Male,Ankara,Electronics,1153.29,1,0.0,1153.29,Bank Transfer,Desktop,13,7,True,7,2,2,3
486,2023-02-16,62,Female,Ankara,Home & Garden,666.16,1,192.62,473.54,Bank Transfer,Desktop,13,7,True,7,4,2,3
487,2023-02-16,29,Female,Kayseri,Food,58.0,3,0.0,174.0,Credit Card,Mobile,30,13,False,5,3,2,3
488,2023-02-16,34,Female,Eskisehir,Books,35.37,1,3.49,31.88,Digital Wallet,Mobile,32,10,False,5,4,2,3
489,2023-02-16,46,Female,Antalya,Beauty,77.2,1,0.0,77.2,Debit Card,Mobile,3,12,True,2,4,2,3
490,2023-02-16,23,Male,Istanbul,Electronics,2365.5,2,0.0,4731.0,Credit Card,Desktop,16,8,True,3,4,2,3
491,2023-02-16,34,Female,Izmir,Books,97.75,1,0.0,97.75,Debit Card,Mobile,22,8,False,6,4,2,3
492,2023-02-16,40,Male,Izmir,Beauty,37.24,1,0.0,37.24,Debit Card,Desktop,6,6,True,4,3,2,3
493,2023-02-16,41,Male,Izmir,Fashion,365.78,1,0.0,365.78,Bank Transfer,Desktop,5,6,True,4,4,2,3
494,2023-02-16,38,Male,Istanbul,Fashion,196.67,1,0.0,196.67,Bank Transfer,Tablet,11,7,True,7,5,2,3
495,2023-02-17,38,Female,Istanbul,Electronics,1222.37,1,0.0,1222.37,Credit Card,Mobile,10,10,False,4,4,2,4
496,2023-02-17,24,Male,Antalya,Books,40.43,1,0.0,40.43,Debit Card,Mobile,16,7,True,3,5,2,4
497,2023-02-17,42,Male,Izmir,Beauty,100.36,2,0.0,200.72,Digital Wallet,Mobile,3,6,True,8,5,2,4
498,2023-02-17,57,Male,Konya,Sports,589.28,1,0.0,589.28,Credit Card,Desktop,10,12,True,4,3,2,4
499,2023-02-17,30,Female,Adana,Beauty,34.21,2,0.0,68.42,Debit Card,Desktop,28,1,False,5,1,2,4
500,2023-02-17,32,Male,Istanbul,Beauty,76.81,2,4.53,149.09,Credit Card,Desktop,11,8,True,9,2,2,4
501,2023-02-17,35,Male,Eskisehir,Toys,87.23,1,0.0,87.23,Credit Card,Desktop,16,9,False,5,3,2,4
502,2023-02-17,24,Female,Gaziantep,Electronics,380.59,1,59.02,321.57,Credit Card,Desktop,8,10,True,4,5,2,4
503,2023-02-17,39,Female,Izmir,Fashion,289.96,3,0.0,869.88,Digital Wallet,Desktop,11,13,False,5,2,2,4
504,2023-02-17,18,Female,Ankara,Sports,817.5,1,104.81,712.69,Debit Card,Mobile,13,12,True,5,2,2,4
505,2023-02-17,22,Male,Izmir,Electronics,270.16,1,59.78,210.38,Credit Card,Desktop,6,8,False,8,5,2,4
506,2023-02-17,39,Female,Konya,Toys,236.64,5,31.45,1151.75,Credit Card,Mobile,11,13,True,5,5,2,4
507,2023-02-17,50,Female,Istanbul,Electronics,1590.55,1,0.0,1590.55,Credit Card,Mobile,11,10,True,2,5,2,4
508,2023-02-17,18,Female,Istanbul,Toys,106.78,1,0.0,106.78,Debit Card,Mobile,7,7,False,9,2,2,4
509,2023-02-17,25,Female,Ankara,Toys,70.12,2,0.0,140.24,Debit Card,Tablet,13,7,True,8,4,2,4
510,2023-02-17,35,Other,Ankara,Toys,86.11,4,20.11,324.33,Cash on Delivery,Desktop,10,9,True,8,5,2,4
511,2023-02-17,58,Male,Kayseri,Books,134.19,1,0.0,134.19,Debit Card,Desktop,21,9,False,3,4,2,4
512,2023-02-18,19,Female,Adana,Beauty,39.31,1,2.05,37.26,Digital Wallet,Desktop,8,6,False,2,2,2,5
513,2023-02-18,30,Female,Antalya,Fashion,221.56,2,32.89,410.23,Digital Wallet,Desktop,19,9,True,8,1,2,5
514,2023-02-18,32,Female,Izmir,Books,21.5,4,0.0,86.0,Credit Card,Desktop,12,9,True,4,5,2,5
515,2023-02-18,35,Female,Izmir,Food,96.9,5,0.0,484.5,Credit Card,Mobile,16,8,True,6,2,2,5
516,2023-02-18,19,Female,Ankara,Books,83.97,2,9.62,158.32,Digital Wallet,Mobile,7,10,True,8,4,2,5
517,2023-02-18,44,Female,Gaziantep,Food,35.85,4,0.0,143.4,Credit Card,Mobile,5,7,False,2,2,2,5
518,2023-02-18,28,Female,Izmir,Sports,440.35,2,0.0,880.7,Credit Card,Desktop,13,11,True,3,4,2,5
519,2023-02-18,20,Male,Konya,Electronics,528.28,1,0.0,528.28,Credit Card,Mobile,9,9,True,3,2,2,5
520,2023-02-19,44,Male,Istanbul,Toys,241.61,4,0.0,966.44,Digital Wallet,Mobile,23,10,False,9,4,2,6
521,2023-02-19,26,Male,Eskisehir,Sports,675.54,2,0.0,1351.08,Credit Card,Mobile,16,8,True,11,1,2,6
522,2023-02-19,32,Female,Bursa,Sports,477.43,4,44.24,1865.48,Credit Card,Mobile,8,4,True,2,5,2,6
523,2023-02-19,39,Male,Adana,Beauty,42.23,1,8.26,33.97,Digital Wallet,Mobile,5,10,False,4,4,2,6
524,2023-02-19,40,Male,Adana,Sports,332.41,2,0.0,664.82,Debit Card,Mobile,2,9,True,5,5,2,6
525,2023-02-19,32,Male,Istanbul,Sports,93.08,1,0.0,93.08,Credit Card,Mobile,13,8,True,4,4,2,6
526,2023-02-19,63,Female,Konya,Toys,194.79,1,0.0,194.79,Debit Card,Mobile,24,9,True,3,5,2,6
527,2023-02-19,50,Male,Ankara,Toys,157.02,3,0.0,471.06,Credit Card,Mobile,5,8,True,5,5,2,6
528,2023-02-19,47,Female,Istanbul,Home & Garden,1237.18,5,0.0,6185.9,Credit Card,Mobile,13,12,True,8,3,2,6
529,2023-02-20,34,Male,Istanbul,Fashion,327.67,4,83.59,1227.09,Credit Card,Tablet,3,8,False,8,4,2,0
530,2023-02-20,22,Female,Ankara,Toys,19.61,1,0.0,19.61,Bank Transfer,Mobile,16,3,False,4,4,2,0
531,2023-02-20,38,Female,Istanbul,Beauty,75.73,1,0.0,75.73,Debit Card,Tablet,11,8,False,5,5,2,0
532,2023-02-20,37,Female,Istanbul,Books,26.17,4,0.0,104.68,Digital Wallet,Tablet,8,4,False,3,5,2,0
533,2023-02-20,29,Female,Istanbul,Sports,84.99,5,0.0,424.95,Cash on Delivery,Tablet,3,7,True,7,4,2,0
534,2023-02-20,44,Female,Gaziantep,Food,16.71,2,0.0,33.42,Digital Wallet,Desktop,21,9,False,7,3,2,0
535,2023-02-20,18,Other,Ankara,Food,19.67,1,0.0,19.67,Credit Card,Mobile,18,13,False,3,3,2,0
536,2023-02-20,36,Male,Izmir,Books,67.75,3,0.0,203.25,Bank Transfer,Mobile,28,12,False,7,5,2,0
537,2023-02-20,33,Male,Antalya,Toys,281.58,1,0.0,281.58,Credit Card,Tablet,6,11,True,3,5,2,0
538,2023-02-20,18,Female,Izmir,Beauty,169.89,1,38.15,131.74,Credit Card,Mobile,12,11,True,12,5,2,0
539,2023-02-20,55,Male,Ankara,Sports,853.04,1,0.0,853.04,Debit Card,Mobile,29,9,True,6,5,2,0
540,2023-02-20,41,Male,Adana,Books,35.45,1,0.0,35.45,Credit Card,Desktop,19,12,True,13,5,2,0
541,2023-02-21,41,Female,Antalya,Fashion,214.36,1,0.0,214.36,Credit Card,Mobile,8,7,False,8,5,2,1
542,2023-02-21,54,Male,Ankara,Fashion,101.23,5,0.0,506.15,Digital Wallet,Desktop,30,9,False,16,4,2,1
543,2023-02-21,41,Female,Istanbul,Toys,198.81,5,0.0,994.05,Credit Card,Mobile,24,4,False,5,5,2,1
544,2023-02-21,40,Male,Istanbul,Food,58.67,5,0.0,293.35,Credit Card,Tablet,4,10,False,11,4,2,1
545,2023-02-21,40,Male,Gaziantep,Home & Garden,1328.74,1,287.01,1041.73,Credit Card,Mobile,8,6,True,3,4,2,1
546,2023-02-21,45,Male,Kayseri,Books,22.1,2,4.92,39.28,Digital Wallet,Desktop,9,7,False,2,5,2,1
547,2023-02-21,18,Male,Bursa,Home & Garden,851.04,1,104.28,746.76,Digital Wallet,Mobile,4,6,False,6,4,2,1
548,2023-02-21,37,Female,Ankara,Home & Garden,736.92,1,38.2,698.72,Debit Card,Mobile,42,8,False,6,4,2,1
549,2023-02-21,23,Male,Istanbul,Home & Garden,511.01,1,0.0,511.01,Credit Card,Mobile,11,8,True,5,3,2,1
550,2023-02-21,35,Male,Bursa,Beauty,266.75,1,0.0,266.75,Debit Card,Mobile,36,8,True,6,5,2,1
551,2023-02-21,41,Male,Izmir,Beauty,113.22,1,0.0,113.22,Debit Card,Mobile,5,8,False,15,4,2,1
552,2023-02-22,43,Male,Gaziantep,Electronics,2102.0,3,576.93,5729.07,Debit Card,Desktop,4,12,True,7,5,2,2
553,2023-02-22,34,Male,Kayseri,Beauty,303.54,1,0.0,303.54,Bank Transfer,Mobile,23,9,False,3,2,2,2
554,2023-02-22,18,Female,Izmir,Sports,466.79,2,0.0,933.58,Digital Wallet,Mobile,13,10,True,9,5,2,2
555,2023-02-22,18,Male,Izmir,Toys,150.91,2,0.0,301.82,Digital Wallet,Mobile,8,11,True,3,4,2,2
556,2023-02-22,45,Female,Ankara,Food,80.8,1,14.64,66.16,Credit Card,Mobile,22,6,True,9,4,2,2
557,2023-02-22,29,Female,Adana,Books,144.73,5,0.0,723.65,Debit Card,Desktop,25,8,False,10,5,2,2
558,2023-02-22,28,Male,Gaziantep,Books,73.85,1,0.0,73.85,Credit Card,Desktop,26,14,False,9,3,2,2
559,2023-02-22,21,Other,Kayseri,Food,74.7,2,0.0,149.4,Bank Transfer,Desktop,15,8,True,3,4,2,2
560,2023-02-22,30,Female,Gaziantep,Food,180.36,2,23.14,337.58,Credit Card,Mobile,36,12,True,5,5,2,2
561,2023-02-22,35,Male,Izmir,Sports,345.7,2,55.04,636.36,Credit Card,Mobile,23,6,True,9,4,2,2
562,2023-02-22,53,Male,Antalya,Food,104.37,4,0.0,417.48,Credit Card,Desktop,7,8,False,9,5,2,2
563,2023-02-22,20,Female,Istanbul,Fashion,68.62,1,0.0,68.62,Debit Card,Mobile,5,12,True,6,2,2,2
564,2023-02-22,33,Male,Ankara,Electronics,2717.55,4,0.0,10870.2,Digital Wallet,Mobile,8,7,True,7,5,2,2
565,2023-02-22,41,Male,Kayseri,Home & Garden,114.37,2,13.61,215.13,Credit Card,Desktop,22,9,True,5,5,2,2
566,2023-02-22,39,Male,Bursa,Fashion,412.64,1,114.25,298.39,Debit Card,Desktop,22,6,True,9,4,2,2
567,2023-02-22,51,Male,Ankara,Home & Garden,949.64,4,0.0,3798.56,Credit Card,Mobile,1,11,True,7,3,2,2
568,2023-02-23,47,Female,Ankara,Beauty,99.34,3,0.0,298.02,Credit Card,Desktop,37,13,True,5,5,2,3
569,2023-02-23,39,Male,Istanbul,Food,91.08,1,11.0,80.08,Bank Transfer,Mobile,12,11,True,9,5,2,3
570,2023-02-23,28,Male,Istanbul,Electronics,513.78,1,0.0,513.78,Credit Card,Mobile,7,8,True,12,5,2,3
571,2023-02-23,18,Female,Adana,Electronics,911.25,1,0.0,911.25,Debit Card,Tablet,7,11,False,10,2,2,3
572,2023-02-23,44,Male,Istanbul,Sports,766.3,5,133.51,3697.99,Debit Card,Desktop,31,8,True,8,4,2,3
573,2023-02-23,31,Male,Kayseri,Toys,198.71,1,0.0,198.71,Credit Card,Desktop,15,5,True,11,4,2,3
574,2023-02-24,37,Female,Eskisehir,Books,70.14,4,0.0,280.56,Credit Card,Tablet,20,11,False,7,3,2,4
575,2023-02-24,43,Other,Antalya,Electronics,329.84,1,38.16,291.68,Credit Card,Mobile,18,11,True,4,3,2,4
576,2023-02-24,22,Female,Gaziantep,Food,42.67,1,0.0,42.67,Credit Card,Mobile,15,10,False,3,4,2,4
577,2023-02-24,18,Female,Ankara,Toys,131.33,4,16.02,509.3,Digital Wallet,Desktop,11,8,False,2,3,2,4
578,2023-02-24,23,Male,Ankara,Sports,392.3,1,0.0,392.3,Credit Card,Mobile,11,11,True,2,1,2,4
579,2023-02-24,41,Male,Adana,Food,160.74,4,0.0,642.96,Credit Card,Mobile,13,10,False,5,4,2,4
580,2023-02-24,25,Female,Ankara,Books,28.06,1,0.0,28.06,Credit Card,Tablet,17,9,True,5,5,2,4
581,2023-02-24,28,Male,Konya,Electronics,651.97,4,0.0,2607.88,Credit Card,Mobile,7,11,True,2,4,2,4
582,2023-02-24,25,Male,Antalya,Beauty,170.35,1,0.0,170.35,Debit Card,Mobile,6,8,True,3,4,2,4
583,2023-02-24,28,Female,Izmir,Toys,182.68,4,0.0,730.72,Debit Card,Mobile,28,11,True,2,3,2,4
584,2023-02-24,30,Male,Kayseri,Food,79.25,2,4.15,154.35,Bank Transfer,Mobile,7,12,True,4,2,2,4
585,2023-02-24,31,Female,Eskisehir,Beauty,100.88,3,0.0,302.64,Bank Transfer,Mobile,15,10,False,2,4,2,4
586,2023-02-24,41,Female,Gaziantep,Toys,549.61,1,151.72,397.89,Debit Card,Desktop,11,7,True,9,5,2,4
587,2023-02-25,33,Male,Gaziantep,Books,16.54,3,0.0,49.62,Credit Card,Desktop,5,8,False,5,5,2,5
588,2023-02-25,19,Female,Istanbul,Beauty,202.73,1,15.0,187.73,Debit Card,Mobile,12,9,False,9,4,2,5
589,2023-02-25,23,Female,Ankara,Food,176.9,1,31.48,145.42,Digital Wallet,Desktop,28,14,True,14,5,2,5
590,2023-02-25,41,Female,Izmir,Fashion,657.45,1,0.0,657.45,Credit Card,Mobile,12,13,True,4,5,2,5
591,2023-02-25,46,Male,Ankara,Beauty,206.16,5,0.0,1030.8,Credit Card,Mobile,9,9,False,15,3,2,5
592,2023-02-25,33,Female,Ankara,Books,56.98,1,0.0,56.98,Cash on Delivery,Tablet,13,8,False,4,5,2,5
593,2023-02-25,33,Male,Konya,Beauty,57.96,3,0.0,173.88,Credit Card,Desktop,16,7,False,8,5,2,5
594,2023-02-25,22,Male,Istanbul,Home & Garden,1296.34,1,282.01,1014.33,Digital Wallet,Mobile,9,6,True,4,5,2,5
595,2023-02-25,47,Female,Bursa,Food,101.11,5,0.0,505.55,Credit Card,Mobile,6,6,True,8,2,2,5
596,2023-02-25,39,Female,Izmir,Electronics,975.57,1,139.79,835.78,Credit Card,Desktop,19,9,False,3,5,2,5
597,2023-02-25,62,Male,Gaziantep,Beauty,85.3,1,0.0,85.3,Digital Wallet,Mobile,8,9,False,2,4,2,5
598,2023-02-25,30,Female,Istanbul,Fashion,291.6,1,0.0,291.6,Credit Card,Mobile,4,9,False,3,5,2,5
599,2023-02-25,48,Female,Gaziantep,Food,40.96,2,9.24,72.68,Credit Card,Mobile,11,10,False,4,4,2,5
600,2023-02-26,26,Male,Istanbul,Fashion,401.01,1,0.0,401.01,Bank Transfer,Mobile,24,10,True,6,4,2,6
601,2023-02-26,18,Female,Istanbul,Fashion,95.71,5,8.33,470.22,Bank Transfer,Mobile,27,11,True,4,1,2,6
602,2023-02-26,49,Female,Adana,Fashion,162.96,1,18.67,144.29,Credit Card,Mobile,22,8,True,6,4,2,6
603,2023-02-26,27,Female,Ankara,Beauty,132.63,3,0.0,397.89,Credit Card,Mobile,22,9,True,4,4,2,6
604,2023-02-26,52,Male,Istanbul,Fashion,80.21,1,0.0,80.21,Debit Card,Tablet,18,10,True,4,4,2,6
605,2023-02-26,18,Male,Istanbul,Fashion,177.98,5,28.29,861.61,Bank Transfer,Mobile,9,9,False,1,4,2,6
606,2023-02-26,46,Male,Ankara,Food,40.43,3,9.11,112.18,Digital Wallet,Mobile,4,8,False,8,5,2,6
607,2023-02-27,35,Male,Kayseri,Electronics,1122.12,2,0.0,2244.24,Cash on Delivery,Tablet,29,8,False,3,4,2,0
608,2023-02-27,34,Male,Bursa,Fashion,743.13,2,72.17,1414.09,Credit Card,Desktop,10,6,True,7,3,2,0
609,2023-02-27,22,Female,Izmir,Home & Garden,654.97,4,195.13,2424.75,Credit Card,Mobile,3,16,True,10,5,2,0
610,2023-02-27,34,Male,Bursa,Fashion,84.09,2,0.0,168.18,Debit Card,Desktop,2,4,True,3,4,2,0
611,2023-02-27,37,Male,Bursa,Electronics,2450.69,1,0.0,2450.69,Credit Card,Desktop,31,8,True,6,4,2,0
612,2023-02-27,33,Male,Istanbul,Fashion,166.17,2,0.0,332.34,Debit Card,Mobile,3,8,True,8,5,2,0
613,2023-02-27,18,Male,Bursa,Food,105.26,1,17.29,87.97,Bank Transfer,Desktop,12,6,False,2,5,2,0
614,2023-02-27,42,Male,Istanbul,Toys,233.43,3,0.0,700.29,Credit Card,Mobile,22,8,True,5,3,2,0
615,2023-02-27,21,Male,Istanbul,Books,34.83,2,0.0,69.66,Bank Transfer,Mobile,7,11,True,3,2,2,0
616,2023-02-28,31,Female,Ankara,Beauty,38.09,2,0.0,76.18,Bank Transfer,Mobile,11,6,False,4,5,2,1
617,2023-02-28,27,Male,Istanbul,Food,94.08,5,0.0,470.4,Digital Wallet,Desktop,10,8,False,5,5,2,1
618,2023-02-28,24,Male,Istanbul,Electronics,6233.25,3,0.0,18699.75,Credit Card,Desktop,5,9,False,12,4,2,1
619,2023-02-28,26,Female,Izmir,Beauty,69.2,1,0.0,69.2,Bank Transfer,Desktop,7,8,False,2,4,2,1
620,2023-02-28,37,Male,Istanbul,Books,66.18,3,0.0,198.54,Digital Wallet,Mobile,23,5,True,6,3,2,1
621,2023-02-28,52,Male,Konya,Beauty,89.45,1,0.0,89.45,Debit Card,Mobile,29,6,False,3,3,2,1
622,2023-02-28,43,Female,Gaziantep,Sports,189.85,4,0.0,759.4,Bank Transfer,Mobile,34,8,True,10,3,2,1
623,2023-02-28,30,Male,Izmir,Sports,409.55,1,0.0,409.55,Credit Card,Mobile,9,8,False,5,4,2,1
624,2023-02-28,47,Male,Istanbul,Food,61.42,1,17.14,44.28,Credit Card,Desktop,19,9,False,6,4,2,1
625,2023-02-28,49,Female,Konya,Books,179.36,1,16.93,162.43,Credit Card,Desktop,25,10,True,16,5,2,1
626,2023-02-28,21,Female,Ankara,Fashion,92.74,2,0.0,185.48,Digital Wallet,Desktop,6,9,True,15,5,2,1
627,2023-02-28,28,Female,Istanbul,Toys,89.35,3,0.0,268.05,Credit Card,Mobile,15,7,True,7,5,2,1
628,2023-02-28,40,Male,Kayseri,Sports,561.67,2,0.0,1123.34,Credit Card,Mobile,20,7,False,9,3,2,1
629,2023-02-28,25,Female,Istanbul,Food,21.01,4,5.17,78.87,Digital Wallet,Desktop,34,7,True,8,5,2,1
630,2023-02-28,32,Male,Antalya,Home & Garden,1647.9,4,361.69,6229.91,Digital Wallet,Tablet,1,13,False,14,5,2,1
631,2023-02-28,42,Male,Kayseri,Home & Garden,178.37,3,19.62,515.49,Digital Wallet,Mobile,21,14,False,8,4,2,1
632,2023-02-28,18,Female,Izmir,Toys,59.58,4,0.0,238.32,Credit Card,Tablet,30,7,True,3,5,2,1
633,2023-02-28,50,Female,Adana,Sports,97.71,1,0.0,97.71,Credit Card,Mobile,18,4,True,10,5,2,1
634,2023-02-28,30,Male,Eskisehir,Home & Garden,336.8,4,0.0,1347.2,Digital Wallet,Mobile,11,11,True,11,5,2,1
635,2023-03-01,53,Female,Gaziantep,Fashion,141.97,2,0.0,283.94,Digital Wallet,Mobile,8,8,True,2,4,3,2
636,2023-03-01,44,Male,Ankara,Fashion,126.58,4,0.0,506.32,Debit Card,Tablet,10,12,True,7,2,3,2
637,2023-03-01,54,Male,Bursa,Books,49.49,5,0.0,247.45,Credit Card,Desktop,15,16,True,7,4,3,2
638,2023-03-01,52,Male,Antalya,Food,40.56,2,5.83,75.29,Debit Card,Desktop,3,12,True,11,2,3,2
639,2023-03-01,37,Male,Gaziantep,Beauty,126.2,5,0.0,631.0,Credit Card,Mobile,13,13,False,5,5,3,2
640,2023-03-01,27,Female,Izmir,Home & Garden,287.64,1,70.08,217.56,Credit Card,Mobile,8,7,False,9,5,3,2
641,2023-03-01,48,Female,Bursa,Beauty,247.29,5,0.0,1236.45,Credit Card,Mobile,19,5,False,5,5,3,2
642,2023-03-01,33,Male,Konya,Fashion,84.68,4,14.84,323.88,Credit Card,Mobile,16,11,True,9,4,3,2
643,2023-03-01,42,Female,Ankara,Sports,157.04,1,0.0,157.04,Credit Card,Mobile,34,5,False,3,4,3,2
644,2023-03-01,29,Female,Ankara,Electronics,2098.95,2,0.0,4197.9,Cash on Delivery,Mobile,29,5,False,11,3,3,2
645,2023-03-01,57,Male,Bursa,Books,44.58,4,8.07,170.25,Cash on Delivery,Tablet,12,13,False,6,4,3,2
646,2023-03-02,36,Male,Bursa,Food,11.72,1,0.0,11.72,Credit Card,Mobile,27,8,False,4,4,3,3
647,2023-03-02,37,Female,Antalya,Electronics,373.58,4,0.0,1494.32,Debit Card,Tablet,26,4,True,11,3,3,3
648,2023-03-02,18,Male,Bursa,Toys,62.42,3,0.0,187.26,Bank Transfer,Mobile,14,10,True,2,5,3,3
649,2023-03-02,35,Male,Istanbul,Books,79.14,1,8.44,70.7,Bank Transfer,Tablet,16,9,True,6,3,3,3
650,2023-03-02,43,Female,Ankara,Toys,68.61,1,0.0,68.61,Debit Card,Mobile,5,6,False,2,5,3,3
651,2023-03-02,23,Female,Adana,Beauty,94.02,3,0.0,282.06,Digital Wallet,Mobile,14,15,True,3,5,3,3
652,2023-03-02,33,Female,Istanbul,Home & Garden,679.55,5,0.0,3397.75,Debit Card,Desktop,8,11,True,4,3,3,3
653,2023-03-02,36,Female,Istanbul,Toys,15.7,1,0.0,15.7,Debit Card,Mobile,27,5,True,3,2,3,3
654,2023-03-02,28,Male,Izmir,Electronics,649.31,2,0.0,1298.62,Debit Card,Desktop,6,10,False,4,3,3,3
655,2023-03-02,37,Female,Antalya,Food,154.55,5,0.0,772.75,Digital Wallet,Mobile,18,11,True,11,4,3,3
656,2023-03-02,43,Male,Istanbul,Books,62.34,2,0.0,124.68,Credit Card,Tablet,17,7,True,7,4,3,3
657,2023-03-03,34,Female,Istanbul,Fashion,194.24,4,0.0,776.96,Bank Transfer,Desktop,12,10,True,12,2,3,4
658,2023-03-03,33,Male,Kayseri,Fashion,150.41,3,0.0,451.23,Debit Card,Tablet,12,12,True,7,5,3,4
659,2023-03-03,18,Male,Ankara,Toys,117.54,1,0.0,117.54,Cash on Delivery,Desktop,19,13,False,6,4,3,4
660,2023-03-03,23,Female,Ankara,Fashion,80.77,2,0.0,161.54,Debit Card,Mobile,10,16,True,3,5,3,4
661,2023-03-03,35,Male,Ankara,Fashion,154.55,3,32.39,431.26,Bank Transfer,Mobile,17,8,True,8,3,3,4
662,2023-03-03,18,Male,Bursa,Food,61.9,2,0.0,123.8,Bank Transfer,Mobile,21,8,False,9,5,3,4
663,2023-03-03,18,Male,Konya,Toys,142.22,1,0.0,142.22,Digital Wallet,Mobile,38,11,True,5,4,3,4
664,2023-03-03,35,Male,Izmir,Food,30.6,1,2.2,28.4,Debit Card,Mobile,7,6,False,4,5,3,4
665,2023-03-03,29,Male,Ankara,Food,71.69,4,0.0,286.76,Credit Card,Mobile,13,12,True,3,4,3,4
666,2023-03-03,32,Female,Gaziantep,Home & Garden,357.1,1,41.86,315.24,Credit Card,Desktop,29,8,False,6,4,3,4
667,2023-03-03,44,Female,Ankara,Fashion,393.1,1,0.0,393.1,Digital Wallet,Mobile,1,8,True,9,4,3,4
668,2023-03-04,36,Male,Kayseri,Sports,1049.07,2,0.0,2098.14,Debit Card,Desktop,22,4,False,9,5,3,5
669,2023-03-04,56,Female,Gaziantep,Home & Garden,1097.89,1,0.0,1097.89,Credit Card,Desktop,23,10,False,6,4,3,5
670,2023-03-04,53,Female,Ankara,Toys,311.84,5,0.0,1559.2,Credit Card,Desktop,14,7,True,8,4,3,5
671,2023-03-04,45,Male,Istanbul,Toys,380.9,2,0.0,761.8,Credit Card,Desktop,17,10,True,6,4,3,5
672,2023-03-04,42,Male,Adana,Home & Garden,623.02,4,0.0,2492.08,Digital Wallet,Desktop,16,9,False,8,5,3,5
673,2023-03-04,36,Female,Gaziantep,Food,32.88,5,0.0,164.4,Digital Wallet,Desktop,5,10,False,5,5,3,5
674,2023-03-04,58,Female,Antalya,Fashion,277.94,4,64.83,1046.93,Credit Card,Desktop,14,7,True,7,4,3,5
675,2023-03-04,37,Female,Istanbul,Beauty,210.25,1,0.0,210.25,Credit Card,Desktop,18,10,True,13,5,3,5
676,2023-03-04,30,Female,Konya,Books,54.38,5,0.0,271.9,Credit Card,Tablet,15,8,False,7,5,3,5
677,2023-03-05,55,Female,Ankara,Toys,104.8,2,0.0,209.6,Debit Card,Desktop,21,5,True,11,4,3,6
678,2023-03-05,41,Male,Istanbul,Books,18.97,2,0.0,37.94,Digital Wallet,Desktop,19,11,True,4,5,3,6
679,2023-03-05,20,Female,Bursa,Food,137.93,3,36.19,377.6,Credit Card,Mobile,11,14,True,11,4,3,6
680,2023-03-05,29,Female,Istanbul,Home & Garden,578.82,1,35.73,543.09,Credit Card,Desktop,15,9,True,8,5,3,6
681,2023-03-05,28,Female,Ankara,Fashion,369.47,1,0.0,369.47,Debit Card,Mobile,9,8,False,5,4,3,6
682,2023-03-05,45,Female,Istanbul,Sports,506.47,1,0.0,506.47,Debit Card,Desktop,5,9,True,11,4,3,6
683,2023-03-05,31,Female,Ankara,Toys,133.66,1,0.0,133.66,Credit Card,Tablet,1,10,False,14,4,3,6
684,2023-03-05,34,Female,Bursa,Food,169.96,2,0.0,339.92,Digital Wallet,Desktop,16,9,True,13,2,3,6
685,2023-03-05,18,Female,Izmir,Food,43.65,1,0.0,43.65,Debit Card,Desktop,24,8,False,5,4,3,6
686,2023-03-06,49,Female,Ankara,Electronics,2592.98,1,0.0,2592.98,Debit Card,Mobile,7,6,True,5,4,3,0
687,2023-03-06,28,Male,Bursa,Beauty,197.25,1,0.0,197.25,Cash on Delivery,Desktop,5,13,True,6,2,3,0
688,2023-03-06,41,Female,Bursa,Electronics,795.84,2,0.0,1591.68,Credit Card,Mobile,21,6,True,6,3,3,0
689,2023-03-06,28,Male,Istanbul,Toys,138.63,1,12.39,126.24,Debit Card,Mobile,21,16,True,4,4,3,0
690,2023-03-06,46,Male,Bursa,Beauty,165.59,1,43.75,121.84,Digital Wallet,Mobile,14,11,False,6,4,3,0
691,2023-03-06,38,Female,Bursa,Books,20.37,2,4.56,36.18,Debit Card,Desktop,8,8,False,2,2,3,0
692,2023-03-06,38,Male,Istanbul,Food,49.85,4,5.83,193.57,Credit Card,Mobile,12,10,False,4,3,3,0
693,2023-03-06,55,Female,Istanbul,Sports,459.35,3,102.78,1275.27,Bank Transfer,Mobile,5,8,True,5,5,3,0
694,2023-03-06,38,Male,Istanbul,Books,28.58,1,0.0,28.58,Debit Card,Desktop,27,10,True,3,4,3,0
695,2023-03-06,20,Female,Eskisehir,Food,115.77,5,0.0,578.85,Debit Card,Mobile,19,10,True,5,4,3,0
696,2023-03-06,27,Male,Adana,Home & Garden,353.9,1,29.33,324.57,Bank Transfer,Tablet,29,12,False,6,5,3,0
697,2023-03-06,57,Male,Ankara,Electronics,3277.3,1,260.97,3016.33,Debit Card,Mobile,7,9,False,9,3,3,0
698,2023-03-06,38,Female,Ankara,Fashion,49.62,5,14.07,234.03,Bank Transfer,Tablet,7,9,True,15,5,3,0
699,2023-03-07,28,Female,Istanbul,Electronics,1388.1,1,0.0,1388.1,Debit Card,Mobile,12,9,False,11,4,3,1
700,2023-03-07,30,Male,Antalya,Sports,364.71,2,0.0,729.42,Credit Card,Mobile,26,8,True,4,4,3,1
701,2023-03-07,21,Male,Eskisehir,Food,28.18,3,0.0,84.54,Credit Card,Mobile,15,11,False,2,5,3,1
702,2023-03-07,32,Male,Bursa,Beauty,99.12,5,0.0,495.6,Credit Card,Desktop,5,7,True,2,2,3,1
703,2023-03-07,28,Male,Kayseri,Electronics,549.32,3,155.64,1492.32,Credit Card,Desktop,27,9,True,4,3,3,1
704,2023-03-07,56,Female,Antalya,Sports,77.87,2,13.24,142.5,Debit Card,Mobile,15,9,True,2,4,3,1
705,2023-03-07,28,Male,Eskisehir,Fashion,198.8,1,50.86,147.94,Digital Wallet,Mobile,19,10,True,9,1,3,1
706,2023-03-07,25,Female,Ankara,Sports,340.59,5,0.0,1702.95,Digital Wallet,Mobile,5,8,True,7,3,3,1
707,2023-03-08,18,Male,Konya,Books,148.6,1,29.7,118.9,Digital Wallet,Desktop,13,8,True,2,5,3,2
708,2023-03-08,38,Male,Istanbul,Fashion,198.64,3,0.0,595.92,Credit Card,Mobile,5,13,True,11,5,3,2
709,2023-03-08,34,Male,Ankara,Fashion,439.35,2,0.0,878.7,Digital Wallet,Desktop,21,7,True,3,4,3,2
710,2023-03-08,29,Female,Kayseri,Food,67.01,3,19.84,181.19,Credit Card,Desktop,24,8,True,6,5,3,2
711,2023-03-08,28,Female,Kayseri,Beauty,227.82,5,23.51,1115.59,Cash on Delivery,Mobile,17,13,False,3,4,3,2
712,2023-03-08,40,Male,Istanbul,Electronics,3374.67,4,778.25,12720.43,Debit Card,Desktop,15,7,True,6,5,3,2
713,2023-03-08,55,Male,Konya,Sports,1273.41,3,0.0,3820.23,Credit Card,Desktop,9,10,False,4,3,3,2
714,2023-03-08,36,Female,Bursa,Beauty,253.75,1,22.6,231.15,Bank Transfer,Tablet,14,5,True,5,4,3,2
715,2023-03-08,41,Female,Konya,Food,37.49,5,0.0,187.45,Credit Card,Desktop,9,10,True,8,3,3,2
716,2023-03-08,37,Female,Ankara,Beauty,66.14,3,7.36,191.06,Digital Wallet,Mobile,42,6,True,6,3,3,2
717,2023-03-09,18,Female,Gaziantep,Books,20.21,4,0.0,80.84,Digital Wallet,Mobile,32,7,True,11,4,3,3
718,2023-03-09,37,Female,Izmir,Home & Garden,704.6,2,0.0,1409.2,Bank Transfer,Desktop,10,8,True,4,5,3,3
719,2023-03-09,20,Male,Konya,Fashion,96.23,2,0.0,192.46,Digital Wallet,Desktop,26,13,False,3,4,3,3
720,2023-03-09,28,Male,Izmir,Food,54.56,2,0.0,109.12,Bank Transfer,Desktop,7,9,True,4,3,3,3
721,2023-03-09,22,Male,Istanbul,Toys,33.81,1,4.49,29.32,Credit Card,Desktop,2,10,True,4,1,3,3
722,2023-03-09,33,Female,Istanbul,Home & Garden,328.87,4,0.0,1315.48,Digital Wallet,Mobile,5,8,False,6,5,3,3
723,2023-03-09,43,Male,Izmir,Sports,228.88,1,0.0,228.88,Debit Card,Desktop,5,6,True,6,4,3,3
724,2023-03-09,28,Female,Ankara,Books,78.05,2,0.0,156.1,Debit Card,Tablet,8,8,False,6,2,3,3
725,2023-03-09,27,Female,Istanbul,Toys,146.8,1,0.0,146.8,Debit Card,Desktop,18,13,True,9,3,3,3
726,2023-03-09,34,Male,Bursa,Food,45.6,2,6.6,84.6,Credit Card,Mobile,15,5,False,5,3,3,3
727,2023-03-09,37,Female,Kayseri,Food,24.99,2,5.65,44.33,Credit Card,Mobile,28,9,False,4,4,3,3
728,2023-03-09,30,Female,Istanbul,Food,94.31,2,0.0,188.62,Digital Wallet,Mobile,11,10,True,6,3,3,3
729,2023-03-09,46,Female,Bursa,Home & Garden,966.91,3,0.0,2900.73,Debit Card,Mobile,12,10,True,6,4,3,3
730,2023-03-09,20,Female,Adana,Sports,580.6,5,78.58,2824.42,Digital Wallet,Desktop,21,13,True,8,5,3,3
731,2023-03-09,41,Male,Istanbul,Sports,260.52,1,37.61,222.91,Credit Card,Desktop,13,5,True,10,5,3,3
732,2023-03-10,56,Male,Gaziantep,Sports,192.74,1,0.0,192.74,Credit Card,Mobile,19,8,False,6,2,3,4
733,2023-03-10,30,Female,Izmir,Home & Garden,190.97,3,0.0,572.91,Debit Card,Desktop,38,12,False,4,2,3,4
734,2023-03-10,20,Male,Izmir,Books,23.74,5,0.0,118.7,Digital Wallet,Desktop,5,13,False,3,4,3,4
735,2023-03-10,56,Female,Istanbul,Sports,240.19,2,0.0,480.38,Credit Card,Mobile,2,9,False,3,1,3,4
736,2023-03-10,41,Male,Istanbul,Food,136.14,2,0.0,272.28,Debit Card,Mobile,8,8,True,6,4,3,4
737,2023-03-10,47,Female,Istanbul,Fashion,226.06,3,0.0,678.18,Credit Card,Mobile,10,8,True,10,3,3,4
738,2023-03-10,25,Female,Kayseri,Electronics,1852.09,1,0.0,1852.09,Cash on Delivery,Mobile,26,9,True,10,4,3,4
739,2023-03-10,25,Female,Gaziantep,Electronics,2132.7,1,0.0,2132.7,Credit Card,Desktop,10,8,False,7,4,3,4
740,2023-03-10,26,Male,Bursa,Sports,1063.19,1,0.0,1063.19,Bank Transfer,Mobile,25,8,True,7,5,3,4
741,2023-03-10,37,Female,Istanbul,Sports,399.65,5,0.0,1998.25,Bank Transfer,Desktop,15,10,True,14,3,3,4
742,2023-03-10,60,Female,Kayseri,Electronics,1252.54,3,0.0,3757.62,Cash on Delivery,Mobile,18,11,True,11,4,3,4
743,2023-03-11,41,Male,Izmir,Food,32.76,1,0.0,32.76,Credit Card,Tablet,14,8,True,3,5,3,5
744,2023-03-11,55,Male,Ankara,Beauty,76.46,4,5.31,300.53,Debit Card,Mobile,9,7,False,8,5,3,5
745,2023-03-11,18,Male,Konya,Home & Garden,834.19,4,0.0,3336.76,Bank Transfer,Mobile,14,7,True,2,4,3,5
746,2023-03-11,46,Female,Antalya,Home & Garden,344.01,3,76.31,955.72,Digital Wallet,Desktop,9,9,True,8,5,3,5
747,2023-03-11,51,Female,Eskisehir,Beauty,105.79,3,0.0,317.37,Bank Transfer,Mobile,15,7,True,5,5,3,5
748,2023-03-11,23,Female,Bursa,Food,43.45,3,0.0,130.35,Digital Wallet,Mobile,19,20,False,8,4,3,5
749,2023-03-11,31,Female,Antalya,Books,57.97,3,0.0,173.91,Debit Card,Mobile,3,10,True,2,1,3,5
750,2023-03-11,42,Female,Gaziantep,Home & Garden,159.38,1,0.0,159.38,Bank Transfer,Mobile,8,11,False,5,5,3,5
751,2023-03-11,58,Female,Izmir,Toys,105.38,3,9.21,306.93,Credit Card,Mobile,16,9,True,5,5,3,5
752,2023-03-11,58,Male,Istanbul,Books,98.28,2,11.84,184.72,Credit Card,Mobile,36,7,False,7,4,3,5
753,2023-03-11,27,Female,Istanbul,Books,15.18,2,3.16,27.2,Bank Transfer,Mobile,17,6,True,7,3,3,5
754,2023-03-12,34,Male,Adana,Books,39.11,1,0.0,39.11,Digital Wallet,Desktop,35,7,True,9,5,3,6
755,2023-03-12,40,Male,Istanbul,Sports,567.61,5,0.0,2838.05,Debit Card,Mobile,10,12,True,4,5,3,6
756,2023-03-12,18,Female,Istanbul,Books,31.33,1,0.0,31.33,Debit Card,Mobile,19,12,True,4,4,3,6
757,2023-03-12,45,Male,Izmir,Food,100.05,5,0.0,500.25,Debit Card,Desktop,18,11,True,8,3,3,6
758,2023-03-12,37,Male,Konya,Toys,181.68,2,0.0,363.36,Credit Card,Desktop,6,6,False,4,3,3,6
759,2023-03-12,31,Male,Istanbul,Food,48.67,1,3.61,45.06,Credit Card,Mobile,11,11,False,5,3,3,6
760,2023-03-12,31,Female,Izmir,Fashion,394.1,1,0.0,394.1,Credit Card,Mobile,4,13,True,5,1,3,6
761,2023-03-12,40,Male,Gaziantep,Fashion,351.6,4,0.0,1406.4,Credit Card,Mobile,3,8,False,19,3,3,6
762,2023-03-12,32,Male,Istanbul,Books,45.06,2,7.33,82.79,Cash on Delivery,Desktop,21,9,True,2,3,3,6
763,2023-03-12,24,Male,Adana,Sports,238.78,2,0.0,477.56,Debit Card,Desktop,13,9,False,7,2,3,6
764,2023-03-12,46,Male,Izmir,Toys,326.94,1,62.18,264.76,Digital Wallet,Tablet,13,9,False,2,3,3,6
765,2023-03-12,28,Male,Istanbul,Electronics,1493.14,1,244.04,1249.1,Debit Card,Desktop,22,14,True,7,5,3,6
766,2023-03-12,18,Male,Izmir,Beauty,23.34,1,0.0,23.34,Digital Wallet,Desktop,9,14,False,3,5,3,6
767,2023-03-12,37,Male,Gaziantep,Sports,170.57,1,21.04,149.53,Credit Card,Mobile,24,12,False,2,5,3,6
768,2023-03-12,38,Female,Bursa,Electronics,141.76,2,0.0,283.52,Debit Card,Desktop,10,10,True,5,1,3,6
769,2023-03-12,40,Female,Istanbul,Books,24.78,1,0.0,24.78,Debit Card,Desktop,7,6,True,8,4,3,6
770,2023-03-13,18,Female,Ankara,Books,139.33,2,38.28,240.38,Debit Card,Desktop,17,9,True,8,5,3,0
771,2023-03-13,37,Male,Adana,Electronics,2486.46,1,0.0,2486.46,Credit Card,Desktop,7,10,False,8,3,3,0
772,2023-03-13,44,Female,Konya,Food,24.55,2,0.0,49.1,Debit Card,Desktop,15,8,False,7,5,3,0
773,2023-03-13,35,Male,Antalya,Electronics,876.37,1,0.0,876.37,Debit Card,Desktop,11,8,True,3,4,3,0
774,2023-03-13,32,Female,Ankara,Food,7.87,1,0.0,7.87,Debit Card,Desktop,12,8,False,9,2,3,0
775,2023-03-13,25,Female,Ankara,Sports,352.49,1,0.0,352.49,Debit Card,Mobile,11,7,False,3,4,3,0
776,2023-03-13,55,Male,Istanbul,Toys,48.02,5,3.57,236.53,Debit Card,Desktop,10,12,True,5,5,3,0
777,2023-03-13,38,Female,Bursa,Food,71.14,4,9.13,275.43,Credit Card,Desktop,15,9,True,1,2,3,0
778,2023-03-13,34,Male,Kayseri,Beauty,63.28,1,0.0,63.28,Debit Card,Mobile,12,11,True,5,5,3,0
779,2023-03-13,24,Male,Izmir,Sports,284.52,3,0.0,853.56,Credit Card,Mobile,14,19,True,7,3,3,0
780,2023-03-13,28,Other,Adana,Home & Garden,822.13,4,119.6,3168.92,Credit Card,Desktop,24,6,True,3,5,3,0
781,2023-03-13,40,Female,Adana,Sports,176.2,1,0.0,176.2,Credit Card,Desktop,31,10,False,11,5,3,0
782,2023-03-13,18,Female,Adana,Home & Garden,249.45,1,0.0,249.45,Credit Card,Mobile,20,10,False,5,5,3,0
783,2023-03-13,50,Male,Konya,Books,108.97,1,0.0,108.97,Debit Card,Mobile,25,10,True,1,4,3,0
784,2023-03-13,23,Female,Gaziantep,Fashion,375.55,1,0.0,375.55,Debit Card,Desktop,8,4,True,5,4,3,0
785,2023-03-13,40,Male,Konya,Food,69.81,2,0.0,139.62,Digital Wallet,Desktop,23,6,True,9,3,3,0
786,2023-03-13,43,Female,Ankara,Beauty,64.63,2,0.0,129.26,Credit Card,Mobile,16,4,True,1,4,3,0
787,2023-03-14,18,Male,Bursa,Fashion,93.46,5,0.0,467.3,Bank Transfer,Mobile,11,10,True,1,5,3,1
788,2023-03-14,54,Female,Bursa,Beauty,29.96,3,0.0,89.88,Credit Card,Mobile,8,10,True,5,5,3,1
789,2023-03-14,18,Female,Bursa,Home & Garden,1753.78,1,0.0,1753.78,Credit Card,Mobile,9,12,True,6,2,3,1
790,2023-03-14,52,Female,Izmir,Home & Garden,449.59,1,51.82,397.77,Credit Card,Tablet,25,8,True,6,2,3,1
791,2023-03-14,27,Female,Gaziantep,Beauty,180.46,1,0.0,180.46,Debit Card,Desktop,18,11,True,10,5,3,1
792,2023-03-14,28,Female,Istanbul,Toys,57.06,2,0.0,114.12,Credit Card,Mobile,10,10,True,7,4,3,1
793,2023-03-14,18,Male,Bursa,Sports,90.53,1,19.25,71.28,Credit Card,Mobile,30,11,True,7,5,3,1
794,2023-03-14,31,Female,Gaziantep,Electronics,1337.76,5,101.45,6587.35,Digital Wallet,Mobile,15,7,True,5,5,3,1
795,2023-03-14,42,Female,Bursa,Home & Garden,574.1,2,0.0,1148.2,Digital Wallet,Mobile,15,5,False,9,2,3,1
796,2023-03-15,37,Female,Istanbul,Electronics,205.86,1,14.62,191.24,Bank Transfer,Mobile,30,8,False,3,5,3,2
797,2023-03-15,30,Female,Bursa,Food,40.18,1,0.0,40.18,Bank Transfer,Desktop,17,6,True,4,3,3,2
798,2023-03-15,33,Female,Istanbul,Toys,120.18,2,11.12,229.24,Credit Card,Mobile,12,6,False,6,4,3,2
799,2023-03-15,24,Male,Istanbul,Sports,218.18,4,27.47,845.25,Credit Card,Mobile,24,8,True,4,3,3,2
800,2023-03-15,20,Female,Istanbul,Home & Garden,1268.86,5,251.83,6092.47,Debit Card,Mobile,2,8,True,12,3,3,2
801,2023-03-15,23,Male,Kayseri,Fashion,114.71,4,0.0,458.84,Bank Transfer,Desktop,34,12,True,7,4,3,2
802,2023-03-15,18,Female,Ankara,Fashion,360.56,4,0.0,1442.24,Bank Transfer,Desktop,20,7,True,13,4,3,2
803,2023-03-15,37,Male,Ankara,Electronics,773.59,1,0.0,773.59,Debit Card,Desktop,27,7,True,5,4,3,2
804,2023-03-15,31,Female,Izmir,Food,90.87,2,0.0,181.74,Digital Wallet,Mobile,11,5,True,10,4,3,2
805,2023-03-15,40,Female,Istanbul,Books,54.93,2,16.42,93.44,Credit Card,Mobile,15,10,False,8,5,3,2
806,2023-03-15,19,Male,Ankara,Fashion,104.09,5,0.0,520.45,Debit Card,Desktop,1,12,True,2,5,3,2
807,2023-03-15,45,Female,Istanbul,Electronics,2799.92,3,409.09,7990.67,Debit Card,Mobile,11,7,True,10,5,3,2
808,2023-03-16,21,Female,Ankara,Beauty,140.63,4,0.0,562.52,Bank Transfer,Mobile,3,12,False,5,1,3,3
809,2023-03-16,37,Female,Istanbul,Books,84.69,2,0.0,169.38,Debit Card,Mobile,2,6,True,10,2,3,3
810,2023-03-16,29,Male,Kayseri,Books,65.57,1,0.0,65.57,Cash on Delivery,Mobile,40,14,True,6,5,3,3
811,2023-03-16,42,Female,Istanbul,Sports,454.3,2,0.0,908.6,Debit Card,Desktop,7,8,True,5,3,3,3
812,2023-03-16,18,Other,Ankara,Books,26.23,4,0.0,104.92,Debit Card,Desktop,8,10,True,3,5,3,3
813,2023-03-16,28,Female,Istanbul,Toys,370.28,5,0.0,1851.4,Digital Wallet,Desktop,8,14,True,2,2,3,3
814,2023-03-16,23,Female,Istanbul,Electronics,3459.43,1,0.0,3459.43,Bank Transfer,Mobile,30,8,False,8,5,3,3
815,2023-03-16,25,Female,Istanbul,Fashion,324.06,4,0.0,1296.24,Digital Wallet,Desktop,21,8,False,2,3,3,3
816,2023-03-16,27,Female,Adana,Electronics,3046.3,5,753.67,14477.83,Credit Card,Mobile,13,13,False,6,4,3,3
817,2023-03-17,50,Male,Antalya,Fashion,181.49,2,0.0,362.98,Credit Card,Mobile,6,9,False,11,1,3,4
818,2023-03-17,18,Male,Istanbul,Electronics,1166.49,2,158.27,2174.71,Cash on Delivery,Mobile,22,12,True,13,5,3,4
819,2023-03-17,54,Female,Izmir,Fashion,365.36,5,0.0,1826.8,Credit Card,Mobile,11,8,True,10,5,3,4
820,2023-03-17,25,Female,Istanbul,Beauty,92.86,2,0.0,185.72,Credit Card,Mobile,24,11,True,16,4,3,4
821,2023-03-17,50,Male,Adana,Beauty,197.57,3,0.0,592.71,Credit Card,Desktop,10,6,True,4,2,3,4
822,2023-03-17,39,Female,Antalya,Books,38.78,3,6.2,110.14,Digital Wallet,Desktop,5,6,True,6,3,3,4
823,2023-03-17,30,Male,Antalya,Fashion,712.9,1,0.0,712.9,Digital Wallet,Desktop,13,11,False,4,5,3,4
824,2023-03-17,18,Male,Kayseri,Home & Garden,1300.42,1,172.45,1127.97,Digital Wallet,Desktop,10,7,True,5,5,3,4
825,2023-03-17,45,Male,Adana,Electronics,1950.1,1,267.57,1682.53,Credit Card,Mobile,23,4,True,2,3,3,4
826,2023-03-18,51,Male,Istanbul,Beauty,48.49,5,0.0,242.45,Credit Card,Desktop,30,10,True,4,3,3,5
827,2023-03-18,35,Female,Istanbul,Books,26.68,1,2.21,24.47,Debit Card,Mobile,11,3,True,6,5,3,5
828,2023-03-18,42,Male,Istanbul,Toys,153.72,1,45.44,108.28,Debit Card,Mobile,17,8,False,5,3,3,5
829,2023-03-18,21,Female,Bursa,Fashion,194.4,3,0.0,583.2,Digital Wallet,Desktop,10,11,True,5,5,3,5
830,2023-03-18,63,Female,Ankara,Electronics,4839.46,2,0.0,9678.92,Credit Card,Tablet,10,8,False,7,5,3,5
831,2023-03-18,41,Female,Bursa,Home & Garden,1087.17,2,0.0,2174.34,Credit Card,Mobile,3,14,False,4,5,3,5
832,2023-03-18,18,Female,Ankara,Beauty,38.08,1,0.0,38.08,Bank Transfer,Tablet,21,5,False,15,5,3,5
833,2023-03-18,25,Female,Istanbul,Toys,200.63,1,0.0,200.63,Debit Card,Desktop,22,8,False,5,5,3,5
834,2023-03-18,29,Other,Izmir,Sports,245.13,2,0.0,490.26,Debit Card,Mobile,9,5,False,3,4,3,5
835,2023-03-18,32,Female,Bursa,Home & Garden,565.06,5,0.0,2825.3,Credit Card,Mobile,7,8,True,2,4,3,5
836,2023-03-18,26,Male,Konya,Electronics,3257.5,2,0.0,6515.0,Bank Transfer,Mobile,27,12,False,9,4,3,5
837,2023-03-19,20,Male,Istanbul,Sports,193.89,4,30.41,745.15,Cash on Delivery,Mobile,28,12,True,8,4,3,6
838,2023-03-19,50,Female,Gaziantep,Electronics,1479.04,1,305.11,1173.93,Credit Card,Mobile,19,7,True,4,4,3,6
839,2023-03-19,34,Female,Istanbul,Beauty,45.52,4,0.0,182.08,Bank Transfer,Mobile,27,12,False,6,5,3,6
840,2023-03-19,51,Male,Ankara,Food,117.19,1,0.0,117.19,Credit Card,Mobile,4,8,True,12,4,3,6
841,2023-03-19,18,Male,Gaziantep,Fashion,327.24,1,0.0,327.24,Credit Card,Tablet,30,7,False,12,5,3,6
842,2023-03-19,64,Female,Istanbul,Home & Garden,1141.96,1,0.0,1141.96,Credit Card,Desktop,14,19,True,6,5,3,6
843,2023-03-19,38,Female,Istanbul,Toys,76.14,2,0.0,152.28,Digital Wallet,Desktop,3,8,True,6,5,3,6
844,2023-03-19,34,Female,Antalya,Books,51.34,2,0.0,102.68,Credit Card,Tablet,9,5,True,6,5,3,6
845,2023-03-19,35,Male,Kayseri,Toys,123.45,2,8.32,238.58,Debit Card,Desktop,6,8,False,7,5,3,6
846,2023-03-19,20,Male,Izmir,Electronics,2019.87,1,257.57,1762.3,Credit Card,Desktop,5,9,True,5,4,3,6
847,2023-03-20,43,Male,Ankara,Food,44.36,2,10.92,77.8,Credit Card,Mobile,7,7,True,7,4,3,0
848,2023-03-20,43,Female,Istanbul,Books,53.32,4,0.0,213.28,Credit Card,Mobile,5,9,False,7,4,3,0
849,2023-03-20,27,Other,Istanbul,Books,74.45,1,0.0,74.45,Credit Card,Mobile,14,8,False,6,5,3,0
850,2023-03-20,44,Female,Adana,Books,58.2,1,0.0,58.2,Debit Card,Mobile,8,8,True,9,5,3,0
851,2023-03-20,34,Male,Ankara,Electronics,863.87,1,0.0,863.87,Bank Transfer,Mobile,12,10,False,8,4,3,0
852,2023-03-20,35,Female,Gaziantep,Books,35.85,1,0.0,35.85,Digital Wallet,Desktop,5,9,True,2,4,3,0
853,2023-03-20,37,Male,Gaziantep,Electronics,3148.04,5,0.0,15740.2,Digital Wallet,Mobile,15,10,False,2,5,3,0
854,2023-03-20,22,Female,Istanbul,Food,54.74,4,9.46,209.5,Digital Wallet,Desktop,21,6,False,3,2,3,0
855,2023-03-20,25,Male,Istanbul,Beauty,63.67,3,0.0,191.01,Debit Card,Tablet,8,10,False,9,4,3,0
856,2023-03-20,45,Female,Izmir,Beauty,126.24,2,0.0,252.48,Debit Card,Mobile,9,9,True,11,5,3,0
857,2023-03-20,39,Male,Konya,Food,85.71,1,0.0,85.71,Credit Card,Mobile,16,12,True,8,5,3,0
858,2023-03-20,31,Male,Eskisehir,Home & Garden,529.98,2,51.24,1008.72,Debit Card,Desktop,15,10,True,4,2,3,0
859,2023-03-20,28,Female,Istanbul,Food,65.33,3,5.27,190.72,Credit Card,Desktop,13,11,True,5,5,3,0
860,2023-03-20,57,Male,Antalya,Toys,88.13,4,10.45,342.07,Bank Transfer,Mobile,16,11,True,6,4,3,0
861,2023-03-20,18,Male,Kayseri,Beauty,107.59,4,0.0,430.36,Digital Wallet,Mobile,11,5,True,4,5,3,0
862,2023-03-20,47,Other,Gaziantep,Food,29.37,4,0.0,117.48,Bank Transfer,Desktop,6,9,False,7,3,3,0
863,2023-03-20,50,Female,Izmir,Home & Garden,382.03,2,0.0,764.06,Cash on Delivery,Mobile,13,7,False,6,2,3,0
864,2023-03-20,35,Female,Eskisehir,Beauty,64.94,1,0.0,64.94,Credit Card,Mobile,10,9,True,5,3,3,0
865,2023-03-21,34,Male,Ankara,Fashion,173.1,1,30.22,142.88,Credit Card,Desktop,8,7,True,6,5,3,1
866,2023-03-21,40,Male,Antalya,Sports,844.88,1,0.0,844.88,Debit Card,Mobile,5,8,True,3,4,3,1
867,2023-03-21,46,Female,Bursa,Toys,176.72,4,0.0,706.88,Credit Card,Mobile,10,12,True,5,4,3,1
868,2023-03-21,33,Female,Konya,Toys,155.52,1,0.0,155.52,Debit Card,Desktop,5,5,True,6,5,3,1
869,2023-03-21,29,Female,Ankara,Food,120.51,1,0.0,120.51,Credit Card,Desktop,11,13,False,8,5,3,1
870,2023-03-21,18,Female,Istanbul,Food,45.47,1,0.0,45.47,Digital Wallet,Desktop,15,10,False,6,4,3,1
871,2023-03-21,26,Female,Adana,Toys,140.24,1,0.0,140.24,Digital Wallet,Desktop,19,8,True,5,3,3,1
872,2023-03-21,34,Male,Ankara,Toys,111.96,1,8.74,103.22,Debit Card,Mobile,9,8,False,4,5,3,1
873,2023-03-21,55,Female,Izmir,Books,68.09,5,0.0,340.45,Debit Card,Desktop,20,18,True,3,3,3,1
874,2023-03-21,37,Male,Istanbul,Food,93.66,2,8.01,179.31,Credit Card,Mobile,6,9,True,2,1,3,1
875,2023-03-21,41,Male,Ankara,Sports,107.21,5,0.0,536.05,Digital Wallet,Mobile,15,11,True,3,5,3,1
876,2023-03-21,40,Female,Gaziantep,Books,60.24,1,0.0,60.24,Credit Card,Mobile,12,9,True,4,5,3,1
877,2023-03-22,41,Male,Izmir,Sports,179.34,5,29.52,867.18,Cash on Delivery,Desktop,27,6,True,8,4,3,2
878,2023-03-22,51,Male,Konya,Electronics,661.31,5,0.0,3306.55,Bank Transfer,Tablet,5,9,True,18,4,3,2
879,2023-03-22,39,Female,Istanbul,Books,123.96,3,0.0,371.88,Debit Card,Mobile,9,15,True,3,5,3,2
880,2023-03-22,39,Male,Konya,Sports,90.77,1,0.0,90.77,Credit Card,Mobile,9,13,True,2,5,3,2
881,2023-03-22,18,Female,Istanbul,Toys,78.48,2,0.0,156.96,Credit Card,Tablet,16,9,True,15,5,3,2
882,2023-03-22,26,Male,Bursa,Beauty,202.19,5,0.0,1010.95,Debit Card,Mobile,9,7,False,3,2,3,2
883,2023-03-22,44,Male,Bursa,Books,39.89,5,0.0,199.45,Bank Transfer,Mobile,23,8,False,5,3,3,2
884,2023-03-22,31,Male,Antalya,Food,128.05,1,0.0,128.05,Bank Transfer,Mobile,28,10,False,4,5,3,2
885,2023-03-22,35,Male,Istanbul,Books,50.83,1,9.5,41.33,Debit Card,Desktop,9,10,True,12,5,3,2
886,2023-03-22,22,Female,Ankara,Toys,145.64,1,0.0,145.64,Credit Card,Mobile,4,8,True,5,4,3,2
887,2023-03-22,40,Female,Istanbul,Toys,71.83,2,0.0,143.66,Debit Card,Tablet,11,12,True,7,4,3,2
888,2023-03-22,55,Male,Istanbul,Beauty,69.69,4,0.0,278.76,Credit Card,Desktop,9,11,True,3,4,3,2
889,2023-03-22,42,Male,Ankara,Fashion,125.69,2,36.31,215.07,Cash on Delivery,Mobile,9,11,True,5,5,3,2
890,2023-03-22,31,Male,Antalya,Beauty,57.72,3,0.0,173.16,Credit Card,Mobile,12,11,True,10,4,3,2
891,2023-03-23,24,Male,Konya,Beauty,101.56,5,0.0,507.8,Digital Wallet,Mobile,9,10,False,4,4,3,3
892,2023-03-23,53,Female,Adana,Toys,42.7,1,0.0,42.7,Credit Card,Desktop,9,9,False,6,5,3,3
893,2023-03-23,40,Female,Eskisehir,Electronics,1614.94,1,0.0,1614.94,Digital Wallet,Tablet,14,6,False,10,4,3,3
894,2023-03-23,38,Female,Eskisehir,Books,38.63,2,0.0,77.26,Digital Wallet,Tablet,14,10,False,6,3,3,3
895,2023-03-23,26,Male,Ankara,Sports,335.91,3,95.13,912.6,Debit Card,Mobile,12,14,False,6,5,3,3
896,2023-03-23,45,Male,Kayseri,Sports,457.57,1,55.16,402.41,Cash on Delivery,Mobile,20,11,False,4,2,3,3
897,2023-03-23,43,Female,Adana,Sports,1255.68,3,0.0,3767.04,Debit Card,Desktop,22,9,False,6,4,3,3
898,2023-03-23,38,Female,Istanbul,Books,44.92,2,6.1,83.74,Credit Card,Tablet,5,8,False,4,4,3,3
899,2023-03-23,39,Male,Konya,Electronics,918.11,4,144.07,3528.37,Debit Card,Mobile,30,9,True,8,3,3,3
900,2023-03-23,23,Male,Izmir,Books,18.49,1,2.42,16.07,Bank Transfer,Mobile,11,8,False,6,4,3,3
901,2023-03-23,57,Male,Ankara,Toys,236.55,3,0.0,709.65,Credit Card,Desktop,11,10,False,6,3,3,3
902,2023-03-23,42,Male,Ankara,Electronics,954.54,2,0.0,1909.08,Digital Wallet,Mobile,7,2,True,3,3,3,3
903,2023-03-24,22,Male,Gaziantep,Sports,765.19,1,0.0,765.19,Digital Wallet,Tablet,5,6,True,22,3,3,4
904,2023-03-24,47,Male,Ankara,Electronics,1840.13,2,0.0,3680.26,Credit Card,Desktop,25,11,False,3,5,3,4
905,2023-03-24,41,Female,Kayseri,Toys,173.45,3,0.0,520.35,Credit Card,Mobile,12,10,False,8,3,3,4
906,2023-03-24,44,Male,Istanbul,Food,43.96,1,0.0,43.96,Debit Card,Mobile,24,5,True,4,3,3,4
907,2023-03-24,29,Female,Bursa,Books,30.85,1,0.0,30.85,Credit Card,Mobile,5,10,False,3,5,3,4
908,2023-03-24,27,Male,Ankara,Fashion,153.06,4,0.0,612.24,Digital Wallet,Mobile,15,6,True,6,3,3,4
909,2023-03-25,32,Female,Adana,Books,19.46,2,2.11,36.81,Debit Card,Tablet,20,9,True,7,1,3,5
910,2023-03-25,18,Male,Gaziantep,Books,37.36,1,0.0,37.36,Cash on Delivery,Mobile,7,13,False,8,4,3,5
911,2023-03-25,31,Female,Izmir,Books,23.79,4,6.27,88.89,Credit Card,Mobile,15,9,False,11,5,3,5
912,2023-03-25,48,Male,Adana,Books,44.32,1,0.0,44.32,Credit Card,Mobile,4,9,True,7,5,3,5
913,2023-03-25,34,Female,Gaziantep,Fashion,368.43,2,26.91,709.95,Digital Wallet,Desktop,8,12,False,3,5,3,5
914,2023-03-25,24,Male,Istanbul,Books,32.12,4,0.0,128.48,Digital Wallet,Tablet,20,7,True,5,3,3,5
915,2023-03-25,45,Male,Antalya,Electronics,1407.18,1,0.0,1407.18,Credit Card,Mobile,13,7,True,10,4,3,5
916,2023-03-25,54,Other,Bursa,Electronics,1086.3,1,0.0,1086.3,Credit Card,Mobile,25,9,True,4,5,3,5
917,2023-03-25,49,Female,Eskisehir,Sports,154.52,1,0.0,154.52,Debit Card,Mobile,15,9,False,8,3,3,5
918,2023-03-26,46,Male,Izmir,Fashion,152.36,2,0.0,304.72,Credit Card,Mobile,22,8,True,12,4,3,6
919,2023-03-26,22,Female,Kayseri,Books,18.57,4,0.0,74.28,Debit Card,Mobile,14,13,True,5,5,3,6
920,2023-03-26,32,Male,Ankara,Food,21.01,1,0.0,21.01,Debit Card,Desktop,9,6,True,6,4,3,6
921,2023-03-26,26,Female,Istanbul,Electronics,1916.92,1,0.0,1916.92,Credit Card,Mobile,4,17,True,8,4,3,6
922,2023-03-26,37,Male,Adana,Books,68.28,1,0.0,68.28,Digital Wallet,Desktop,14,6,True,4,4,3,6
923,2023-03-26,33,Male,Antalya,Sports,327.07,1,38.08,288.99,Credit Card,Mobile,4,11,True,4,5,3,6
924,2023-03-26,40,Female,Eskisehir,Books,29.66,1,0.0,29.66,Debit Card,Mobile,20,8,False,3,5,3,6
925,2023-03-26,33,Male,Konya,Beauty,238.53,5,0.0,1192.65,Credit Card,Mobile,9,8,False,3,4,3,6
926,2023-03-26,60,Male,Gaziantep,Books,64.23,3,0.0,192.69,Credit Card,Desktop,22,8,False,6,5,3,6
927,2023-03-26,50,Male,Antalya,Books,47.41,1,0.0,47.41,Credit Card,Desktop,12,10,True,4,5,3,6
928,2023-03-26,25,Male,Gaziantep,Books,51.34,1,0.0,51.34,Debit Card,Mobile,17,12,True,2,4,3,6
929,2023-03-26,26,Female,Istanbul,Sports,205.49,1,46.65,158.84,Credit Card,Mobile,21,12,True,13,5,3,6
930,2023-03-26,48,Male,Eskisehir,Sports,965.96,3,0.0,2897.88,Debit Card,Mobile,7,10,True,14,5,3,6
931,2023-03-27,48,Male,Kayseri,Books,56.64,3,0.0,169.92,Digital Wallet,Mobile,6,12,False,4,4,3,0
932,2023-03-27,39,Male,Istanbul,Food,40.18,1,0.0,40.18,Digital Wallet,Mobile,21,6,False,9,2,3,0
933,2023-03-27,42,Female,Antalya,Electronics,2057.45,5,0.0,10287.25,Credit Card,Desktop,32,6,True,7,4,3,0
934,2023-03-27,33,Female,Izmir,Beauty,71.4,2,20.93,121.87,Digital Wallet,Mobile,9,5,False,3,5,3,0
935,2023-03-27,30,Female,Kayseri,Books,81.56,1,0.0,81.56,Debit Card,Tablet,36,5,True,3,5,3,0
936,2023-03-27,34,Male,Konya,Toys,75.57,5,0.0,377.85,Credit Card,Desktop,22,4,True,8,5,3,0
937,2023-03-27,32,Male,Istanbul,Books,76.48,3,7.65,221.79,Debit Card,Mobile,18,7,True,15,4,3,0
938,2023-03-27,22,Male,Gaziantep,Fashion,657.24,1,0.0,657.24,Debit Card,Mobile,16,8,False,14,5,3,0
939,2023-03-27,23,Male,Istanbul,Books,49.64,5,0.0,248.2,Digital Wallet,Tablet,8,7,True,7,4,3,0
940,2023-03-27,50,Female,Istanbul,Home & Garden,800.7,1,138.46,662.24,Debit Card,Desktop,14,5,False,6,2,3,0
941,2023-03-28,24,Female,Konya,Home & Garden,757.8,4,0.0,3031.2,Digital Wallet,Mobile,18,6,False,6,3,3,1
942,2023-03-28,55,Male,Istanbul,Fashion,263.16,4,0.0,1052.64,Credit Card,Mobile,5,7,True,8,4,3,1
943,2023-03-28,24,Female,Kayseri,Sports,417.0,5,76.13,2008.87,Digital Wallet,Desktop,14,9,True,4,4,3,1
944,2023-03-28,33,Female,Eskisehir,Food,92.65,1,0.0,92.65,Credit Card,Mobile,9,10,False,9,3,3,1
945,2023-03-28,48,Female,Ankara,Food,136.73,2,0.0,273.46,Bank Transfer,Mobile,12,12,False,6,5,3,1
946,2023-03-28,37,Female,Konya,Electronics,311.32,5,0.0,1556.6,Credit Card,Tablet,2,10,False,4,5,3,1
947,2023-03-28,46,Female,Bursa,Food,14.71,3,1.23,42.9,Credit Card,Desktop,10,10,True,4,5,3,1
948,2023-03-28,57,Male,Istanbul,Beauty,38.95,3,0.0,116.85,Credit Card,Mobile,32,11,True,13,5,3,1
949,2023-03-28,31,Male,Ankara,Beauty,117.5,1,0.0,117.5,Digital Wallet,Mobile,30,8,False,7,3,3,1
950,2023-03-29,18,Female,Izmir,Beauty,95.08,1,12.37,82.71,Cash on Delivery,Desktop,11,8,True,6,5,3,2
951,2023-03-29,24,Male,Adana,Books,88.08,1,0.0,88.08,Digital Wallet,Desktop,11,15,False,10,2,3,2
952,2023-03-29,38,Male,Izmir,Fashion,409.15,2,0.0,818.3,Digital Wallet,Mobile,9,8,False,5,5,3,2
953,2023-03-29,39,Male,Bursa,Fashion,626.76,4,0.0,2507.04,Digital Wallet,Mobile,29,8,True,6,3,3,2
954,2023-03-29,54,Male,Gaziantep,Books,42.32,2,0.0,84.64,Digital Wallet,Tablet,11,9,False,5,2,3,2
955,2023-03-29,40,Male,Gaziantep,Fashion,149.07,5,0.0,745.35,Credit Card,Mobile,14,6,True,7,3,3,2
956,2023-03-30,54,Male,Istanbul,Beauty,234.38,1,60.58,173.8,Cash on Delivery,Mobile,12,9,True,3,2,3,3
957,2023-03-30,27,Male,Gaziantep,Home & Garden,1414.78,2,339.15,2490.41,Credit Card,Desktop,8,9,True,5,5,3,3
958,2023-03-30,27,Male,Ankara,Fashion,381.42,2,55.43,707.41,Debit Card,Desktop,30,9,True,5,3,3,3
959,2023-03-30,53,Male,Istanbul,Books,57.58,1,0.0,57.58,Digital Wallet,Desktop,11,12,True,6,3,3,3
960,2023-03-30,19,Male,Adana,Fashion,351.96,2,0.0,703.92,Credit Card,Desktop,18,6,True,10,1,3,3
961,2023-03-30,58,Female,Adana,Books,88.5,2,0.0,177.0,Bank Transfer,Mobile,16,5,True,10,5,3,3
962,2023-03-30,26,Female,Kayseri,Home & Garden,886.97,1,0.0,886.97,Credit Card,Mobile,15,11,True,10,1,3,3
963,2023-03-30,31,Female,Izmir,Sports,101.45,3,0.0,304.35,Debit Card,Mobile,5,12,True,13,4,3,3
964,2023-03-31,35,Male,Konya,Home & Garden,863.44,3,0.0,2590.32,Cash on Delivery,Desktop,33,9,False,10,5,3,4
965,2023-03-31,24,Female,Istanbul,Toys,68.9,1,0.0,68.9,Credit Card,Mobile,17,8,True,10,5,3,4
966,2023-03-31,18,Male,Adana,Books,60.09,2,0.0,120.18,Credit Card,Tablet,6,14,True,6,4,3,4
967,2023-03-31,28,Male,Istanbul,Fashion,399.82,2,70.66,728.98,Credit Card,Mobile,3,12,True,4,3,3,4
968,2023-03-31,41,Male,Kayseri,Books,141.76,1,25.85,115.91,Digital Wallet,Desktop,3,9,False,6,5,3,4
969,2023-03-31,35,Male,Istanbul,Fashion,334.91,1,0.0,334.91,Debit Card,Mobile,7,10,True,5,5,3,4
970,2023-03-31,37,Male,Eskisehir,Beauty,113.06,4,0.0,452.24,Cash on Delivery,Desktop,25,8,True,6,4,3,4
971,2023-03-31,41,Female,Kayseri,Sports,372.22,5,25.72,1835.38,Digital Wallet,Mobile,13,7,False,7,3,3,4
972,2023-03-31,56,Female,Izmir,Toys,102.45,1,0.0,102.45,Debit Card,Mobile,11,14,True,2,4,3,4
973,2023-03-31,18,Other,Ankara,Electronics,883.79,3,65.99,2585.38,Cash on Delivery,Mobile,6,10,False,6,5,3,4
974,2023-03-31,34,Female,Bursa,Fashion,421.85,2,0.0,843.7,Credit Card,Mobile,13,9,True,3,5,3,4
975,2023-03-31,23,Female,Bursa,Beauty,29.91,1,0.0,29.91,Credit Card,Mobile,6,10,False,3,5,3,4
976,2023-03-31,51,Male,Gaziantep,Home & Garden,244.6,1,0.0,244.6,Digital Wallet,Mobile,17,9,True,3,2,3,4
977,2023-03-31,29,Female,Eskisehir,Electronics,4939.75,2,0.0,9879.5,Debit Card,Tablet,11,5,True,9,5,3,4
978,2023-03-31,18,Female,Adana,Electronics,2247.4,2,0.0,4494.8,Digital Wallet,Desktop,28,5,True,9,5,3,4
979,2023-04-01,34,Female,Gaziantep,Food,113.5,2,0.0,227.0,Cash on Delivery,Tablet,22,11,False,7,3,4,5
980,2023-04-01,28,Female,Izmir,Electronics,203.03,3,47.38,561.71,Digital Wallet,Mobile,5,7,True,7,5,4,5
981,2023-04-01,57,Female,Izmir,Sports,1474.99,2,0.0,2949.98,Debit Card,Mobile,11,9,True,12,4,4,5
982,2023-04-01,43,Female,Antalya,Sports,380.05,2,0.0,760.1,Credit Card,Desktop,31,5,True,3,4,4,5
983,2023-04-01,30,Male,Eskisehir,Home & Garden,2182.37,2,0.0,4364.74,Debit Card,Tablet,13,9,True,5,5,4,5
984,2023-04-01,24,Male,Bursa,Fashion,125.06,5,25.22,600.08,Bank Transfer,Desktop,14,9,True,4,4,4,5
985,2023-04-02,34,Female,Bursa,Beauty,170.96,4,26.54,657.3,Bank Transfer,Mobile,14,11,False,7,1,4,6
986,2023-04-02,47,Female,Bursa,Electronics,1372.62,1,0.0,1372.62,Credit Card,Mobile,12,10,True,3,4,4,6
987,2023-04-02,57,Female,Izmir,Sports,351.37,1,0.0,351.37,Credit Card,Desktop,13,6,False,6,5,4,6
988,2023-04-02,54,Male,Istanbul,Beauty,66.4,1,0.0,66.4,Debit Card,Mobile,13,11,True,6,1,4,6
989,2023-04-02,18,Male,Adana,Toys,161.71,4,0.0,646.84,Digital Wallet,Mobile,13,8,False,2,2,4,6
990,2023-04-02,28,Male,Kayseri,Fashion,252.5,1,0.0,252.5,Credit Card,Tablet,4,12,False,8,5,4,6
991,2023-04-02,42,Female,Eskisehir,Fashion,60.74,1,0.0,60.74,Credit Card,Mobile,6,5,False,9,5,4,6
992,2023-04-02,20,Male,Eskisehir,Fashion,88.51,4,0.0,354.04,Debit Card,Mobile,25,10,True,6,5,4,6
993,2023-04-02,18,Male,Gaziantep,Beauty,159.18,2,0.0,318.36,Digital Wallet,Mobile,7,9,False,6,5,4,6
994,2023-04-03,27,Male,Adana,Food,29.51,2,0.0,59.02,Credit Card,Desktop,9,7,True,7,5,4,0
995,2023-04-03,48,Male,Ankara,Books,140.48,4,0.0,561.92,Credit Card,Mobile,10,10,True,8,5,4,0
996,2023-04-03,49,Male,Izmir,Books,23.05,1,0.0,23.05,Bank Transfer,Mobile,17,8,True,2,4,4,0
997,2023-04-03,38,Female,Adana,Sports,438.41,3,77.65,1237.58,Debit Card,Tablet,9,8,False,4,4,4,0
998,2023-04-03,34,Other,Istanbul,Beauty,48.76,2,0.0,97.52,Debit Card,Mobile,18,11,True,6,2,4,0
999,2023-04-03,39,Male,Ankara,Food,78.88,5,0.0,394.4,Digital Wallet,Mobile,15,8,True,10,5,4,0
1000,2023-04-03,55,Female,Istanbul,Toys,93.27,4,0.0,373.08,Credit Card,Desktop,57,11,False,6,5,4,0
1001,2023-04-03,31,Female,Ankara,Home & Garden,934.08,2,0.0,1868.16,Debit Card,Desktop,9,6,False,11,1,4,0
1002,2023-04-03,47,Female,Ankara,Food,32.92,1,0.0,32.92,Credit Card,Desktop,13,10,True,6,2,4,0
1003,2023-04-04,33,Female,Istanbul,Home & Garden,752.46,1,0.0,752.46,Credit Card,Mobile,6,11,False,13,4,4,1
1004,2023-04-04,24,Male,Ankara,Fashion,254.19,1,42.6,211.59,Bank Transfer,Desktop,16,7,False,3,4,4,1
1005,2023-04-04,41,Male,Istanbul,Electronics,545.49,3,108.31,1528.16,Credit Card,Desktop,5,11,True,6,3,4,1
1006,2023-04-04,30,Female,Adana,Toys,207.2,2,0.0,414.4,Cash on Delivery,Mobile,18,16,True,4,5,4,1
1007,2023-04-04,37,Female,Bursa,Fashion,255.96,1,0.0,255.96,Debit Card,Mobile,21,9,True,5,2,4,1
1008,2023-04-04,47,Male,Adana,Toys,149.97,5,29.65,720.2,Credit Card,Desktop,22,8,True,3,5,4,1
1009,2023-04-05,22,Female,Adana,Sports,622.08,2,0.0,1244.16,Credit Card,Mobile,2,8,True,3,5,4,2
1010,2023-04-05,34,Female,Istanbul,Sports,347.27,1,0.0,347.27,Debit Card,Desktop,8,5,False,8,4,4,2
1011,2023-04-05,42,Male,Kayseri,Sports,335.82,1,0.0,335.82,Credit Card,Desktop,13,10,False,3,2,4,2
1012,2023-04-05,23,Male,Ankara,Food,117.99,2,0.0,235.98,Bank Transfer,Mobile,6,10,True,8,5,4,2
1013,2023-04-05,51,Female,Antalya,Books,53.54,5,6.39,261.31,Debit Card,Desktop,13,7,True,4,3,4,2
1014,2023-04-05,46,Male,Istanbul,Beauty,87.65,4,0.0,350.6,Debit Card,Mobile,10,9,False,12,5,4,2
1015,2023-04-06,45,Male,Istanbul,Beauty,170.93,1,37.41,133.52,Debit Card,Desktop,28,10,True,6,4,4,3
1016,2023-04-06,39,Female,Gaziantep,Fashion,220.64,5,22.46,1080.74,Credit Card,Desktop,22,5,False,7,2,4,3
1017,2023-04-06,59,Female,Bursa,Toys,309.32,5,0.0,1546.6,Debit Card,Desktop,10,17,True,11,4,4,3
1018,2023-04-06,33,Female,Gaziantep,Home & Garden,204.04,1,0.0,204.04,Digital Wallet,Mobile,32,10,False,8,5,4,3
1019,2023-04-06,38,Female,Ankara,Home & Garden,803.94,1,199.21,604.73,Credit Card,Mobile,19,7,True,5,5,4,3
1020,2023-04-06,25,Male,Gaziantep,Books,26.61,5,5.23,127.82,Debit Card,Mobile,20,9,True,8,5,4,3
1021,2023-04-06,45,Male,Izmir,Beauty,17.81,1,0.0,17.81,Digital Wallet,Desktop,15,8,True,5,4,4,3
1022,2023-04-06,46,Male,Ankara,Books,21.86,1,6.02,15.84,Debit Card,Mobile,16,12,True,13,3,4,3
1023,2023-04-06,20,Female,Antalya,Food,27.23,5,1.87,134.28,Debit Card,Desktop,15,11,True,4,5,4,3
1024,2023-04-06,21,Male,Istanbul,Fashion,218.37,1,25.68,192.69,Debit Card,Mobile,13,10,False,6,4,4,3
1025,2023-04-06,41,Female,Izmir,Sports,410.41,3,55.51,1175.72,Credit Card,Mobile,12,17,True,9,5,4,3
1026,2023-04-06,48,Male,Eskisehir,Food,14.57,1,0.0,14.57,Debit Card,Desktop,6,14,False,3,4,4,3
1027,2023-04-07,51,Female,Izmir,Sports,1077.36,2,0.0,2154.72,Cash on Delivery,Mobile,19,6,True,8,4,4,4
1028,2023-04-07,49,Male,Istanbul,Fashion,406.49,1,0.0,406.49,Credit Card,Desktop,14,13,True,7,5,4,4
1029,2023-04-07,42,Male,Istanbul,Electronics,790.25,1,0.0,790.25,Digital Wallet,Mobile,17,10,True,18,2,4,4
1030,2023-04-07,20,Female,Izmir,Books,40.32,1,0.0,40.32,Debit Card,Mobile,15,4,False,6,2,4,4
1031,2023-04-07,44,Female,Izmir,Sports,335.94,1,0.0,335.94,Credit Card,Desktop,17,9,True,6,4,4,4
1032,2023-04-07,18,Male,Istanbul,Fashion,483.72,5,0.0,2418.6,Digital Wallet,Mobile,18,13,False,7,5,4,4
1033,2023-04-08,34,Female,Istanbul,Books,77.61,3,0.0,232.83,Digital Wallet,Mobile,15,7,False,9,2,4,5
1034,2023-04-08,27,Female,Eskisehir,Toys,110.64,1,0.0,110.64,Digital Wallet,Mobile,9,12,True,2,4,4,5
1035,2023-04-08,35,Male,Ankara,Sports,146.49,3,32.67,406.8,Credit Card,Desktop,18,8,True,7,4,4,5
1036,2023-04-08,44,Female,Istanbul,Electronics,504.27,1,80.12,424.15,Bank Transfer,Mobile,12,10,True,9,2,4,5
1037,2023-04-08,19,Male,Konya,Toys,366.62,3,33.82,1066.04,Debit Card,Mobile,19,9,True,7,5,4,5
1038,2023-04-08,18,Female,Konya,Home & Garden,448.51,1,0.0,448.51,Cash on Delivery,Mobile,19,11,False,4,5,4,5
1039,2023-04-08,33,Female,Izmir,Food,54.32,3,5.19,157.77,Credit Card,Desktop,18,5,True,4,4,4,5
1040,2023-04-08,28,Male,Izmir,Sports,469.83,1,0.0,469.83,Credit Card,Mobile,13,11,True,11,4,4,5
1041,2023-04-08,31,Male,Konya,Sports,341.81,3,0.0,1025.43,Credit Card,Mobile,13,6,False,9,5,4,5
1042,2023-04-08,27,Female,Izmir,Beauty,112.43,1,20.04,92.39,Credit Card,Tablet,7,7,True,2,5,4,5
1043,2023-04-08,36,Male,Antalya,Books,25.53,1,0.0,25.53,Credit Card,Desktop,20,9,True,5,4,4,5
1044,2023-04-08,39,Male,Istanbul,Toys,171.52,3,32.22,482.34,Debit Card,Desktop,6,7,False,5,5,4,5
1045,2023-04-08,26,Male,Kayseri,Fashion,554.92,1,88.56,466.36,Debit Card,Mobile,24,13,True,5,4,4,5
1046,2023-04-09,18,Male,Istanbul,Beauty,52.78,5,13.58,250.32,Bank Transfer,Mobile,24,9,False,4,5,4,6
1047,2023-04-09,35,Female,Eskisehir,Beauty,117.83,1,0.0,117.83,Bank Transfer,Mobile,8,10,True,8,1,4,6
1048,2023-04-09,45,Female,Istanbul,Fashion,75.25,4,0.0,301.0,Credit Card,Mobile,33,8,True,4,3,4,6
1049,2023-04-09,39,Female,Kayseri,Sports,589.24,4,0.0,2356.96,Credit Card,Tablet,15,9,True,5,2,4,6
1050,2023-04-09,22,Female,Istanbul,Fashion,110.87,5,23.71,530.64,Digital Wallet,Desktop,19,5,True,6,4,4,6
1051,2023-04-09,35,Female,Ankara,Electronics,1102.47,1,180.66,921.81,Credit Card,Mobile,2,7,True,12,2,4,6
1052,2023-04-09,50,Male,Bursa,Home & Garden,374.68,4,87.24,1411.48,Credit Card,Desktop,8,7,False,8,5,4,6
1053,2023-04-09,25,Male,Istanbul,Books,82.06,1,5.79,76.27,Credit Card,Desktop,19,12,False,7,5,4,6
1054,2023-04-09,24,Male,Ankara,Fashion,190.7,1,0.0,190.7,Digital Wallet,Desktop,9,4,True,6,5,4,6
1055,2023-04-09,21,Male,Konya,Home & Garden,934.88,5,0.0,4674.4,Credit Card,Desktop,12,6,True,5,4,4,6
1056,2023-04-09,43,Female,Izmir,Food,23.87,5,3.2,116.15,Credit Card,Desktop,22,9,False,3,5,4,6
1057,2023-04-10,32,Female,Istanbul,Fashion,343.83,3,81.61,949.88,Credit Card,Desktop,5,12,False,4,4,4,0
1058,2023-04-10,18,Female,Istanbul,Beauty,43.04,2,0.0,86.08,Digital Wallet,Mobile,17,15,True,4,4,4,0
1059,2023-04-10,18,Male,Istanbul,Food,65.77,1,7.77,58.0,Debit Card,Desktop,21,6,False,14,5,4,0
1060,2023-04-10,35,Male,Izmir,Books,71.89,1,0.0,71.89,Credit Card,Desktop,3,1,False,10,2,4,0
1061,2023-04-10,32,Male,Bursa,Books,31.73,1,0.0,31.73,Debit Card,Tablet,11,6,False,2,5,4,0
1062,2023-04-10,48,Female,Istanbul,Toys,267.25,3,0.0,801.75,Credit Card,Mobile,7,5,True,8,4,4,0
1063,2023-04-11,18,Male,Adana,Electronics,3380.47,3,0.0,10141.41,Credit Card,Desktop,7,11,True,7,5,4,1
1064,2023-04-11,45,Female,Konya,Toys,348.13,3,0.0,1044.39,Credit Card,Mobile,10,6,True,3,5,4,1
1065,2023-04-11,21,Male,Kayseri,Home & Garden,381.06,2,0.0,762.12,Credit Card,Tablet,20,7,True,8,5,4,1
1066,2023-04-11,45,Female,Bursa,Beauty,141.85,4,12.88,554.52,Debit Card,Desktop,14,11,True,9,4,4,1
1067,2023-04-11,33,Male,Izmir,Sports,551.01,4,0.0,2204.04,Bank Transfer,Mobile,23,7,True,14,4,4,1
1068,2023-04-11,18,Male,Adana,Sports,387.36,2,0.0,774.72,Debit Card,Desktop,11,7,False,3,4,4,1
1069,2023-04-12,35,Male,Izmir,Home & Garden,204.11,5,0.0,1020.55,Credit Card,Desktop,24,11,False,5,5,4,2
1070,2023-04-12,18,Female,Ankara,Toys,182.27,1,0.0,182.27,Bank Transfer,Mobile,21,12,True,3,4,4,2
1071,2023-04-12,35,Female,Bursa,Electronics,426.58,1,74.95,351.63,Bank Transfer,Mobile,16,6,True,9,4,4,2
1072,2023-04-12,31,Male,Istanbul,Electronics,2003.75,1,0.0,2003.75,Debit Card,Mobile,3,8,True,6,4,4,2
1073,2023-04-12,54,Female,Gaziantep,Sports,34.78,1,8.7,26.08,Credit Card,Desktop,8,11,False,6,4,4,2
1074,2023-04-12,50,Female,Bursa,Beauty,85.69,1,0.0,85.69,Credit Card,Mobile,14,7,True,16,4,4,2
1075,2023-04-12,36,Male,Izmir,Fashion,88.22,2,0.0,176.44,Digital Wallet,Desktop,19,9,False,4,2,4,2
1076,2023-04-12,48,Male,Adana,Food,25.98,1,0.0,25.98,Digital Wallet,Tablet,17,10,True,5,4,4,2
1077,2023-04-12,39,Male,Ankara,Beauty,67.37,2,14.33,120.41,Digital Wallet,Desktop,9,8,True,4,5,4,2
1078,2023-04-13,27,Female,Istanbul,Fashion,262.95,3,0.0,788.85,Digital Wallet,Mobile,22,4,False,4,5,4,3
1079,2023-04-13,38,Male,Istanbul,Fashion,304.29,1,0.0,304.29,Debit Card,Mobile,20,15,False,3,4,4,3
1080,2023-04-13,23,Female,Istanbul,Toys,46.98,5,0.0,234.9,Digital Wallet,Mobile,15,6,False,3,2,4,3
1081,2023-04-13,65,Female,Konya,Books,133.57,5,0.0,667.85,Credit Card,Mobile,14,11,True,5,5,4,3
1082,2023-04-13,18,Male,Izmir,Fashion,276.82,1,0.0,276.82,Cash on Delivery,Tablet,3,14,True,6,4,4,3
1083,2023-04-13,52,Female,Bursa,Toys,417.88,4,54.15,1617.37,Credit Card,Mobile,7,8,True,4,4,4,3
1084,2023-04-13,53,Female,Antalya,Home & Garden,206.14,2,0.0,412.28,Debit Card,Mobile,4,12,True,7,3,4,3
1085,2023-04-13,46,Female,Antalya,Fashion,158.25,4,8.43,624.57,Credit Card,Tablet,12,7,True,8,1,4,3
1086,2023-04-13,35,Male,Istanbul,Electronics,491.74,2,68.33,915.15,Credit Card,Mobile,13,13,True,3,2,4,3
1087,2023-04-13,35,Other,Istanbul,Food,95.58,1,20.65,74.93,Credit Card,Desktop,9,10,False,6,5,4,3
1088,2023-04-13,22,Female,Antalya,Toys,122.17,1,0.0,122.17,Digital Wallet,Mobile,17,7,True,3,5,4,3
1089,2023-04-13,29,Male,Istanbul,Electronics,2644.21,2,601.34,4687.08,Bank Transfer,Mobile,12,4,True,6,4,4,3
1090,2023-04-14,44,Male,Antalya,Electronics,4682.17,4,0.0,18728.68,Digital Wallet,Mobile,12,8,False,8,4,4,4
1091,2023-04-14,26,Female,Antalya,Beauty,118.2,1,0.0,118.2,Digital Wallet,Desktop,6,9,False,7,5,4,4
1092,2023-04-14,42,Male,Istanbul,Sports,467.56,4,0.0,1870.24,Debit Card,Desktop,21,9,True,4,5,4,4
1093,2023-04-14,34,Other,Istanbul,Books,22.86,5,0.0,114.3,Credit Card,Desktop,4,13,True,7,5,4,4
1094,2023-04-14,22,Female,Istanbul,Books,12.93,1,0.0,12.93,Credit Card,Mobile,24,9,False,11,2,4,4
1095,2023-04-15,46,Male,Ankara,Fashion,48.17,2,0.0,96.34,Cash on Delivery,Mobile,9,5,True,17,2,4,5
1096,2023-04-15,32,Female,Kayseri,Fashion,669.82,1,0.0,669.82,Bank Transfer,Desktop,9,9,True,8,5,4,5
1097,2023-04-15,53,Male,Istanbul,Books,52.51,1,2.99,49.52,Digital Wallet,Mobile,9,10,True,2,4,4,5
1098,2023-04-15,43,Male,Bursa,Beauty,30.1,4,0.0,120.4,Credit Card,Mobile,27,7,False,8,4,4,5
1099,2023-04-15,23,Female,Bursa,Fashion,269.79,3,0.0,809.37,Credit Card,Mobile,15,7,False,9,3,4,5
1100,2023-04-15,44,Female,Izmir,Toys,300.26,5,63.08,1438.22,Credit Card,Mobile,17,10,True,8,5,4,5
1101,2023-04-15,36,Female,Adana,Beauty,76.06,2,0.0,152.12,Credit Card,Mobile,26,10,False,12,3,4,5
1102,2023-04-15,41,Female,Ankara,Toys,161.3,2,0.0,322.6,Digital Wallet,Mobile,8,10,True,3,5,4,5
1103,2023-04-15,29,Female,Eskisehir,Books,15.07,1,3.84,11.23,Debit Card,Mobile,11,7,False,2,4,4,5
1104,2023-04-15,36,Male,Adana,Electronics,572.16,1,0.0,572.16,Credit Card,Mobile,14,6,True,6,4,4,5
1105,2023-04-16,36,Female,Bursa,Books,53.02,3,0.0,159.06,Debit Card,Desktop,21,3,True,10,5,4,6
1106,2023-04-16,40,Female,Istanbul,Home & Garden,667.15,5,0.0,3335.75,Debit Card,Mobile,10,7,False,4,5,4,6
1107,2023-04-16,25,Female,Ankara,Home & Garden,712.9,2,0.0,1425.8,Credit Card,Desktop,15,4,True,4,2,4,6
1108,2023-04-16,40,Female,Antalya,Toys,166.68,5,0.0,833.4,Credit Card,Desktop,14,11,False,6,3,4,6
1109,2023-04-16,23,Male,Adana,Home & Garden,700.33,2,0.0,1400.66,Debit Card,Desktop,8,5,True,9,2,4,6
1110,2023-04-16,34,Male,Konya,Sports,674.29,2,0.0,1348.58,Bank Transfer,Desktop,10,9,False,9,5,4,6
1111,2023-04-16,18,Female,Istanbul,Toys,289.21,2,28.9,549.52,Credit Card,Desktop,8,8,True,4,5,4,6
1112,2023-04-16,30,Male,Istanbul,Home & Garden,627.63,5,0.0,3138.15,Debit Card,Desktop,10,9,False,20,5,4,6
1113,2023-04-16,33,Male,Gaziantep,Home & Garden,699.75,2,0.0,1399.5,Debit Card,Tablet,10,4,False,9,4,4,6
1114,2023-04-16,45,Male,Adana,Home & Garden,747.12,1,0.0,747.12,Bank Transfer,Mobile,37,7,False,12,4,4,6
1115,2023-04-17,47,Female,Ankara,Home & Garden,515.08,3,0.0,1545.24,Debit Card,Mobile,12,8,True,3,5,4,0
1116,2023-04-17,31,Male,Ankara,Books,49.78,1,2.83,46.95,Bank Transfer,Desktop,8,10,True,9,4,4,0
1117,2023-04-17,31,Male,Istanbul,Home & Garden,474.19,1,0.0,474.19,Debit Card,Desktop,3,11,False,6,3,4,0
1118,2023-04-17,37,Female,Istanbul,Sports,360.17,1,0.0,360.17,Digital Wallet,Desktop,26,10,True,5,5,4,0
1119,2023-04-17,49,Female,Adana,Toys,151.26,3,0.0,453.78,Credit Card,Desktop,20,7,False,6,4,4,0
1120,2023-04-17,31,Female,Bursa,Home & Garden,690.97,1,0.0,690.97,Bank Transfer,Mobile,7,7,True,12,5,4,0
1121,2023-04-17,40,Female,Ankara,Home & Garden,488.74,2,0.0,977.48,Credit Card,Mobile,17,9,False,7,4,4,0
1122,2023-04-18,53,Female,Izmir,Beauty,82.32,1,0.0,82.32,Credit Card,Desktop,16,10,True,4,4,4,1
1123,2023-04-18,38,Female,Eskisehir,Fashion,123.37,5,0.0,616.85,Digital Wallet,Mobile,30,11,True,5,4,4,1
1124,2023-04-18,22,Male,Izmir,Sports,914.24,1,0.0,914.24,Credit Card,Mobile,15,14,False,12,3,4,1
1125,2023-04-18,18,Female,Izmir,Toys,250.12,3,0.0,750.36,Digital Wallet,Mobile,7,14,False,10,5,4,1
1126,2023-04-18,26,Female,Izmir,Sports,248.84,1,0.0,248.84,Credit Card,Tablet,10,8,False,13,3,4,1
1127,2023-04-18,32,Male,Istanbul,Food,68.3,1,0.0,68.3,Debit Card,Mobile,19,11,True,4,5,4,1
1128,2023-04-18,43,Male,Istanbul,Books,43.36,4,0.0,173.44,Bank Transfer,Mobile,21,12,True,12,1,4,1
1129,2023-04-19,35,Male,Antalya,Beauty,137.06,3,28.04,383.14,Credit Card,Mobile,14,13,True,4,5,4,2
1130,2023-04-19,38,Female,Adana,Fashion,499.87,2,100.25,899.49,Credit Card,Mobile,2,9,True,5,3,4,2
1131,2023-04-19,18,Female,Bursa,Food,52.03,2,0.0,104.06,Debit Card,Desktop,21,6,True,7,3,4,2
1132,2023-04-19,40,Female,Konya,Home & Garden,219.57,1,0.0,219.57,Credit Card,Mobile,8,9,False,3,5,4,2
1133,2023-04-19,26,Male,Bursa,Fashion,148.75,3,0.0,446.25,Bank Transfer,Mobile,10,7,True,8,3,4,2
1134,2023-04-19,32,Male,Istanbul,Sports,191.49,2,23.0,359.98,Digital Wallet,Mobile,16,10,False,7,4,4,2
1135,2023-04-19,29,Male,Adana,Home & Garden,1253.02,2,296.72,2209.32,Credit Card,Mobile,14,6,True,4,5,4,2
1136,2023-04-19,36,Female,Antalya,Beauty,76.01,1,7.88,68.13,Debit Card,Mobile,6,11,False,8,2,4,2
1137,2023-04-19,25,Female,Eskisehir,Home & Garden,662.8,2,0.0,1325.6,Credit Card,Desktop,6,9,True,12,4,4,2
1138,2023-04-19,29,Male,Bursa,Beauty,92.42,1,19.58,72.84,Digital Wallet,Mobile,3,6,True,3,3,4,2
1139,2023-04-19,49,Male,Konya,Home & Garden,755.6,1,65.53,690.07,Digital Wallet,Desktop,15,13,True,7,3,4,2
1140,2023-04-19,30,Female,Izmir,Toys,341.65,5,0.0,1708.25,Credit Card,Desktop,10,4,False,12,5,4,2
1141,2023-04-20,22,Male,Istanbul,Electronics,1552.8,4,0.0,6211.2,Digital Wallet,Desktop,13,10,True,3,3,4,3
1142,2023-04-20,19,Male,Kayseri,Electronics,1138.68,4,245.15,4309.57,Digital Wallet,Mobile,14,7,True,3,5,4,3
1143,2023-04-20,33,Male,Eskisehir,Beauty,122.34,1,0.0,122.34,Credit Card,Desktop,16,8,True,9,4,4,3
1144,2023-04-20,62,Male,Ankara,Sports,152.03,1,0.0,152.03,Credit Card,Desktop,6,8,True,7,2,4,3
1145,2023-04-20,18,Female,Istanbul,Home & Garden,366.57,2,0.0,733.14,Credit Card,Mobile,13,9,True,7,5,4,3
1146,2023-04-20,37,Male,Konya,Beauty,100.96,1,0.0,100.96,Debit Card,Mobile,13,5,True,5,5,4,3
1147,2023-04-20,18,Female,Istanbul,Beauty,81.7,4,0.0,326.8,Digital Wallet,Mobile,7,7,True,10,4,4,3
1148,2023-04-20,25,Female,Bursa,Fashion,235.34,5,0.0,1176.7,Debit Card,Mobile,8,10,False,5,4,4,3
1149,2023-04-20,34,Male,Adana,Home & Garden,612.76,1,0.0,612.76,Debit Card,Desktop,4,7,True,5,5,4,3
1150,2023-04-20,27,Female,Ankara,Fashion,472.58,1,0.0,472.58,Credit Card,Mobile,12,5,True,8,5,4,3
1151,2023-04-20,35,Male,Ankara,Books,141.98,1,19.47,122.51,Debit Card,Mobile,20,8,False,4,4,4,3
1152,2023-04-21,18,Female,Antalya,Books,19.25,2,0.0,38.5,Credit Card,Desktop,18,11,True,3,2,4,4
1153,2023-04-21,31,Male,Izmir,Beauty,93.65,4,0.0,374.6,Debit Card,Desktop,3,15,False,3,5,4,4
1154,2023-04-21,48,Male,Eskisehir,Home & Garden,966.2,2,0.0,1932.4,Debit Card,Mobile,21,8,True,11,4,4,4
1155,2023-04-21,47,Female,Antalya,Home & Garden,339.84,4,77.82,1281.54,Debit Card,Desktop,17,5,True,4,4,4,4
1156,2023-04-21,36,Female,Istanbul,Toys,74.12,1,15.74,58.38,Debit Card,Mobile,29,8,True,9,4,4,4
1157,2023-04-21,27,Male,Istanbul,Books,31.87,1,0.0,31.87,Credit Card,Desktop,8,11,False,7,4,4,4
1158,2023-04-21,42,Male,Gaziantep,Fashion,244.67,1,67.66,177.01,Credit Card,Mobile,30,12,True,10,4,4,4
1159,2023-04-21,33,Female,Istanbul,Food,56.31,5,11.25,270.3,Credit Card,Mobile,15,10,True,5,2,4,4
1160,2023-04-21,32,Female,Istanbul,Food,123.46,1,29.61,93.85,Digital Wallet,Mobile,6,9,True,9,3,4,4
1161,2023-04-21,29,Male,Bursa,Beauty,67.21,3,18.55,183.08,Bank Transfer,Desktop,22,12,True,4,4,4,4
1162,2023-04-22,22,Female,Kayseri,Sports,175.93,2,9.44,342.42,Digital Wallet,Tablet,7,10,True,6,4,4,5
1163,2023-04-22,45,Female,Istanbul,Sports,235.65,1,0.0,235.65,Credit Card,Mobile,2,11,False,6,1,4,5
1164,2023-04-22,18,Female,Adana,Sports,533.62,2,0.0,1067.24,Debit Card,Desktop,11,6,True,4,4,4,5
1165,2023-04-22,18,Female,Istanbul,Toys,303.91,1,0.0,303.91,Credit Card,Desktop,9,4,True,6,1,4,5
1166,2023-04-22,32,Female,Ankara,Home & Garden,1076.8,3,0.0,3230.4,Credit Card,Mobile,12,5,False,7,3,4,5
1167,2023-04-22,27,Female,Gaziantep,Books,65.23,3,18.27,177.42,Debit Card,Mobile,8,11,True,4,4,4,5
1168,2023-04-22,49,Female,Ankara,Food,72.9,2,0.0,145.8,Credit Card,Desktop,19,9,False,5,4,4,5
1169,2023-04-22,40,Male,Adana,Electronics,1546.14,1,171.78,1374.36,Debit Card,Mobile,7,7,True,3,5,4,5
1170,2023-04-22,43,Female,Istanbul,Books,131.13,1,0.0,131.13,Credit Card,Mobile,10,9,False,10,3,4,5
1171,2023-04-22,28,Male,Istanbul,Food,127.6,1,8.64,118.96,Cash on Delivery,Desktop,18,12,False,6,4,4,5
1172,2023-04-22,46,Female,Istanbul,Toys,99.16,1,0.0,99.16,Digital Wallet,Desktop,11,9,True,10,4,4,5
1173,2023-04-22,41,Female,Istanbul,Beauty,148.29,3,0.0,444.87,Digital Wallet,Mobile,6,8,False,2,2,4,5
1174,2023-04-23,20,Female,Istanbul,Home & Garden,1223.37,2,146.22,2300.52,Credit Card,Mobile,13,6,False,6,4,4,6
1175,2023-04-23,30,Female,Istanbul,Toys,235.25,2,0.0,470.5,Debit Card,Mobile,11,7,True,8,4,4,6
1176,2023-04-23,42,Female,Izmir,Fashion,155.01,4,0.0,620.04,Digital Wallet,Desktop,26,8,False,10,3,4,6
1177,2023-04-23,37,Male,Gaziantep,Electronics,3853.91,4,0.0,15415.64,Bank Transfer,Tablet,18,6,True,7,4,4,6
1178,2023-04-23,57,Male,Eskisehir,Food,88.67,1,0.0,88.67,Credit Card,Desktop,11,8,True,7,2,4,6
1179,2023-04-23,33,Male,Gaziantep,Electronics,2627.96,1,0.0,2627.96,Credit Card,Mobile,30,10,True,19,5,4,6
1180,2023-04-23,18,Female,Istanbul,Books,72.7,5,0.0,363.5,Cash on Delivery,Desktop,22,10,True,5,4,4,6
1181,2023-04-23,57,Male,Izmir,Electronics,1034.05,2,62.85,2005.25,Debit Card,Desktop,24,16,False,6,5,4,6
1182,2023-04-23,38,Female,Eskisehir,Fashion,370.31,5,0.0,1851.55,Digital Wallet,Mobile,10,6,True,3,3,4,6
1183,2023-04-23,48,Female,Adana,Home & Garden,207.14,1,0.0,207.14,Credit Card,Tablet,16,9,False,10,5,4,6
1184,2023-04-23,34,Male,Istanbul,Books,89.46,1,0.0,89.46,Debit Card,Desktop,7,5,True,15,5,4,6
1185,2023-04-24,19,Male,Adana,Home & Garden,236.44,1,0.0,236.44,Credit Card,Tablet,10,12,True,11,4,4,0
1186,2023-04-24,45,Male,Izmir,Sports,519.2,3,152.68,1404.92,Debit Card,Mobile,14,5,True,2,4,4,0
1187,2023-04-24,18,Male,Istanbul,Toys,257.5,3,41.78,730.72,Cash on Delivery,Mobile,6,5,True,3,2,4,0
1188,2023-04-24,48,Male,Gaziantep,Toys,118.84,1,10.24,108.6,Cash on Delivery,Mobile,9,7,True,5,5,4,0
1189,2023-04-24,36,Male,Istanbul,Books,69.83,4,0.0,279.32,Credit Card,Desktop,24,9,True,5,4,4,0
1190,2023-04-24,46,Male,Antalya,Home & Garden,1347.08,2,0.0,2694.16,Credit Card,Mobile,6,11,True,7,4,4,0
1191,2023-04-24,46,Male,Izmir,Electronics,965.36,2,0.0,1930.72,Credit Card,Mobile,11,4,False,5,5,4,0
1192,2023-04-24,54,Female,Izmir,Books,56.78,5,0.0,283.9,Credit Card,Mobile,7,13,True,3,5,4,0
1193,2023-04-24,24,Male,Konya,Fashion,136.07,5,0.0,680.35,Debit Card,Mobile,10,9,False,3,5,4,0
1194,2023-04-24,30,Female,Istanbul,Food,188.17,2,0.0,376.34,Digital Wallet,Desktop,9,7,False,5,3,4,0
1195,2023-04-24,37,Female,Bursa,Sports,307.83,5,0.0,1539.15,Debit Card,Mobile,11,8,True,2,5,4,0
1196,2023-04-25,42,Male,Adana,Food,27.31,1,0.0,27.31,Credit Card,Mobile,1,14,True,4,2,4,1
1197,2023-04-25,19,Female,Gaziantep,Fashion,121.65,4,0.0,486.6,Debit Card,Mobile,9,10,True,11,4,4,1
1198,2023-04-25,53,Female,Ankara,Food,53.11,3,8.92,150.41,Credit Card,Desktop,19,13,True,2,3,4,1
1199,2023-04-25,50,Male,Bursa,Books,22.3,5,0.0,111.5,Credit Card,Tablet,24,6,True,6,5,4,1
1200,2023-04-25,39,Male,Istanbul,Beauty,139.36,1,0.0,139.36,Debit Card,Mobile,4,14,True,3,5,4,1
1201,2023-04-25,36,Male,Istanbul,Beauty,129.57,1,0.0,129.57,Digital Wallet,Desktop,5,10,True,7,1,4,1
1202,2023-04-25,20,Female,Gaziantep,Food,36.71,5,0.0,183.55,Debit Card,Desktop,15,9,False,3,5,4,1
1203,2023-04-25,42,Female,Izmir,Home & Garden,144.54,1,0.0,144.54,Debit Card,Tablet,39,9,True,11,4,4,1
1204,2023-04-25,56,Male,Adana,Toys,372.2,1,0.0,372.2,Credit Card,Mobile,3,11,True,6,5,4,1
1205,2023-04-26,26,Male,Antalya,Beauty,76.79,2,0.0,153.58,Credit Card,Tablet,21,6,True,3,4,4,2
1206,2023-04-26,42,Male,Izmir,Electronics,318.15,2,0.0,636.3,Credit Card,Mobile,12,10,False,6,2,4,2
1207,2023-04-26,40,Female,Istanbul,Beauty,265.5,4,36.65,1025.35,Debit Card,Desktop,16,5,False,4,5,4,2
1208,2023-04-26,54,Male,Ankara,Fashion,281.34,4,0.0,1125.36,Credit Card,Mobile,6,8,True,11,5,4,2
1209,2023-04-26,37,Female,Kayseri,Beauty,93.76,2,0.0,187.52,Credit Card,Desktop,29,6,True,4,4,4,2
1210,2023-04-26,48,Male,Istanbul,Food,41.82,1,0.0,41.82,Digital Wallet,Desktop,12,6,True,4,5,4,2
1211,2023-04-26,52,Male,Istanbul,Food,29.21,2,0.0,58.42,Debit Card,Mobile,10,10,True,8,5,4,2
1212,2023-04-26,20,Female,Bursa,Electronics,2764.95,1,261.34,2503.61,Credit Card,Tablet,6,6,True,5,4,4,2
1213,2023-04-26,30,Female,Ankara,Fashion,250.66,1,0.0,250.66,Bank Transfer,Mobile,12,11,True,11,5,4,2
1214,2023-04-26,56,Female,Antalya,Beauty,59.9,1,0.0,59.9,Credit Card,Desktop,5,10,True,8,3,4,2
1215,2023-04-26,49,Female,Adana,Books,61.41,5,0.0,307.05,Credit Card,Mobile,2,6,True,6,3,4,2
1216,2023-04-26,36,Male,Adana,Toys,83.28,2,0.0,166.56,Debit Card,Tablet,21,10,False,12,4,4,2
1217,2023-04-26,37,Male,Izmir,Home & Garden,961.44,1,217.14,744.3,Credit Card,Tablet,20,5,True,13,5,4,2
1218,2023-04-26,45,Female,Konya,Electronics,1856.42,4,369.02,7056.66,Digital Wallet,Mobile,9,11,True,6,3,4,2
1219,2023-04-26,31,Female,Izmir,Beauty,114.84,1,21.45,93.39,Cash on Delivery,Mobile,11,9,True,6,5,4,2
1220,2023-04-27,38,Male,Kayseri,Food,17.64,2,1.28,34.0,Digital Wallet,Mobile,12,12,True,6,2,4,3
1221,2023-04-27,33,Male,Kayseri,Fashion,308.72,4,0.0,1234.88,Credit Card,Desktop,6,9,False,3,5,4,3
1222,2023-04-27,21,Male,Adana,Food,106.53,1,15.99,90.54,Bank Transfer,Tablet,11,10,True,6,4,4,3
1223,2023-04-27,29,Female,Ankara,Sports,621.79,3,87.78,1777.59,Credit Card,Tablet,21,8,False,3,4,4,3
1224,2023-04-27,18,Male,Ankara,Toys,252.16,1,0.0,252.16,Cash on Delivery,Desktop,47,9,True,6,5,4,3
1225,2023-04-27,34,Male,Istanbul,Electronics,1551.18,2,0.0,3102.36,Debit Card,Mobile,22,6,True,5,5,4,3
1226,2023-04-27,38,Female,Izmir,Fashion,253.62,2,0.0,507.24,Bank Transfer,Desktop,18,9,True,4,5,4,3
1227,2023-04-27,42,Male,Izmir,Electronics,1867.71,1,0.0,1867.71,Digital Wallet,Mobile,7,11,True,5,5,4,3
1228,2023-04-28,42,Male,Istanbul,Electronics,1843.57,1,0.0,1843.57,Credit Card,Tablet,9,7,True,4,1,4,4
1229,2023-04-28,39,Male,Ankara,Sports,220.68,1,0.0,220.68,Credit Card,Tablet,18,7,True,7,5,4,4
1230,2023-04-28,18,Male,Konya,Food,126.06,2,0.0,252.12,Credit Card,Desktop,28,11,True,8,4,4,4
1231,2023-04-28,55,Male,Konya,Sports,980.69,1,0.0,980.69,Credit Card,Mobile,7,7,False,3,5,4,4
1232,2023-04-28,29,Male,Konya,Sports,99.46,2,0.0,198.92,Credit Card,Mobile,30,8,True,4,4,4,4
1233,2023-04-28,27,Male,Istanbul,Sports,742.38,2,0.0,1484.76,Bank Transfer,Mobile,18,6,False,8,5,4,4
1234,2023-04-28,33,Male,Gaziantep,Fashion,332.9,4,0.0,1331.6,Credit Card,Mobile,26,9,False,6,5,4,4
1235,2023-04-28,73,Male,Gaziantep,Food,20.29,1,0.0,20.29,Digital Wallet,Mobile,18,14,True,4,4,4,4
1236,2023-04-28,33,Male,Istanbul,Fashion,426.48,3,118.7,1160.74,Credit Card,Desktop,47,8,True,11,4,4,4
1237,2023-04-28,22,Female,Eskisehir,Home & Garden,1266.51,2,0.0,2533.02,Cash on Delivery,Mobile,10,7,True,2,5,4,4
1238,2023-04-29,18,Female,Gaziantep,Books,80.91,2,0.0,161.82,Credit Card,Desktop,16,3,False,12,2,4,5
1239,2023-04-29,39,Female,Eskisehir,Electronics,840.72,4,89.75,3273.13,Debit Card,Desktop,24,11,True,6,4,4,5
1240,2023-04-29,25,Male,Eskisehir,Home & Garden,432.55,1,0.0,432.55,Credit Card,Desktop,13,15,True,2,4,4,5
1241,2023-04-29,38,Female,Adana,Home & Garden,51.83,5,4.64,254.51,Debit Card,Mobile,7,9,True,2,5,4,5
1242,2023-04-29,35,Male,Konya,Home & Garden,951.62,5,0.0,4758.1,Digital Wallet,Desktop,18,12,False,9,4,4,5
1243,2023-04-29,24,Female,Bursa,Home & Garden,854.06,1,223.13,630.93,Credit Card,Tablet,6,10,True,10,4,4,5
1244,2023-04-29,42,Male,Izmir,Home & Garden,617.18,1,0.0,617.18,Credit Card,Mobile,12,5,False,10,5,4,5
1245,2023-04-29,41,Male,Istanbul,Beauty,166.3,2,0.0,332.6,Digital Wallet,Desktop,6,10,False,10,4,4,5
1246,2023-04-29,45,Female,Antalya,Electronics,812.13,5,0.0,4060.65,Credit Card,Mobile,5,8,False,4,5,4,5
1247,2023-04-30,27,Male,Konya,Toys,260.01,3,13.6,766.43,Credit Card,Desktop,8,11,False,3,5,4,6
1248,2023-04-30,62,Other,Gaziantep,Fashion,133.62,1,24.02,109.6,Debit Card,Mobile,19,15,True,14,4,4,6
1249,2023-04-30,32,Female,Bursa,Home & Garden,602.17,1,0.0,602.17,Bank Transfer,Desktop,5,11,False,10,4,4,6
1250,2023-04-30,30,Female,Gaziantep,Toys,76.13,5,10.03,370.62,Cash on Delivery,Mobile,10,11,True,3,4,4,6
1251,2023-04-30,33,Female,Konya,Toys,236.02,2,63.06,408.98,Credit Card,Mobile,14,10,False,4,2,4,6
1252,2023-04-30,34,Female,Istanbul,Beauty,50.57,4,0.0,202.28,Debit Card,Mobile,1,10,True,10,4,4,6
1253,2023-04-30,41,Male,Gaziantep,Food,42.45,2,0.0,84.9,Debit Card,Mobile,16,9,True,12,3,4,6
1254,2023-04-30,22,Female,Istanbul,Home & Garden,437.56,2,0.0,875.12,Cash on Delivery,Desktop,12,6,True,5,3,4,6
1255,2023-04-30,52,Female,Istanbul,Fashion,533.41,1,84.22,449.19,Credit Card,Mobile,14,6,False,2,5,4,6
1256,2023-04-30,24,Male,Ankara,Beauty,49.67,2,0.0,99.34,Credit Card,Desktop,10,10,False,6,5,4,6
1257,2023-04-30,43,Male,Kayseri,Home & Garden,584.64,1,0.0,584.64,Debit Card,Desktop,15,5,False,5,5,4,6
1258,2023-04-30,25,Other,Adana,Books,53.09,5,0.0,265.45,Debit Card,Mobile,5,3,False,6,4,4,6
1259,2023-04-30,50,Female,Izmir,Food,24.14,3,0.0,72.42,Debit Card,Desktop,24,9,False,5,2,4,6
1260,2023-05-01,30,Male,Bursa,Fashion,504.39,1,0.0,504.39,Cash on Delivery,Tablet,23,11,True,4,4,5,0
1261,2023-05-01,41,Female,Ankara,Home & Garden,728.37,1,0.0,728.37,Debit Card,Tablet,7,11,True,4,4,5,0
1262,2023-05-01,21,Female,Kayseri,Food,141.87,1,0.0,141.87,Debit Card,Desktop,8,7,False,3,4,5,0
1263,2023-05-01,36,Male,Istanbul,Sports,440.2,1,0.0,440.2,Credit Card,Desktop,7,7,True,8,5,5,0
1264,2023-05-01,29,Female,Konya,Sports,1197.72,1,0.0,1197.72,Debit Card,Tablet,12,6,True,11,4,5,0
1265,2023-05-01,24,Female,Antalya,Toys,351.94,3,0.0,1055.82,Credit Card,Mobile,6,11,True,2,4,5,0
1266,2023-05-01,28,Female,Eskisehir,Books,49.96,1,6.71,43.25,Credit Card,Mobile,21,11,True,20,2,5,0
1267,2023-05-01,23,Male,Antalya,Books,77.7,2,18.64,136.76,Debit Card,Mobile,14,7,True,5,5,5,0
1268,2023-05-01,18,Male,Izmir,Food,83.28,1,14.08,69.2,Debit Card,Desktop,5,12,True,6,3,5,0
1269,2023-05-01,22,Male,Antalya,Books,51.62,5,0.0,258.1,Bank Transfer,Mobile,4,12,True,11,5,5,0
1270,2023-05-01,54,Male,Istanbul,Fashion,287.19,1,0.0,287.19,Bank Transfer,Mobile,9,10,False,4,5,5,0
1271,2023-05-02,37,Male,Bursa,Fashion,213.62,1,0.0,213.62,Debit Card,Mobile,10,11,True,2,5,5,1
1272,2023-05-02,34,Female,Istanbul,Home & Garden,410.36,2,51.66,769.06,Digital Wallet,Mobile,10,10,False,6,4,5,1
1273,2023-05-02,22,Male,Istanbul,Food,17.16,2,0.0,34.32,Credit Card,Mobile,14,3,True,8,4,5,1
1274,2023-05-02,29,Male,Ankara,Fashion,234.7,3,61.68,642.42,Bank Transfer,Mobile,12,11,False,15,5,5,1
1275,2023-05-02,45,Female,Adana,Fashion,80.91,3,0.0,242.73,Debit Card,Desktop,33,7,True,4,5,5,1
1276,2023-05-02,40,Male,Bursa,Electronics,1420.48,2,283.82,2557.14,Digital Wallet,Tablet,17,8,True,3,3,5,1
1277,2023-05-02,33,Female,Konya,Food,54.95,2,0.0,109.9,Debit Card,Mobile,12,10,True,12,4,5,1
1278,2023-05-02,21,Male,Izmir,Sports,458.94,3,99.46,1277.36,Bank Transfer,Mobile,12,12,True,8,3,5,1
1279,2023-05-02,25,Female,Izmir,Toys,137.6,1,0.0,137.6,Digital Wallet,Mobile,6,13,False,13,5,5,1
1280,2023-05-02,27,Female,Ankara,Beauty,37.87,4,0.0,151.48,Credit Card,Mobile,15,11,True,7,2,5,1
1281,2023-05-02,37,Female,Izmir,Electronics,578.16,2,0.0,1156.32,Credit Card,Desktop,19,7,False,8,4,5,1
1282,2023-05-02,38,Female,Istanbul,Books,124.09,5,13.36,607.09,Debit Card,Mobile,18,7,False,11,3,5,1
1283,2023-05-03,35,Male,Izmir,Fashion,91.59,4,14.26,352.1,Digital Wallet,Desktop,35,12,False,3,5,5,2
1284,2023-05-03,38,Female,Izmir,Beauty,112.69,3,0.0,338.07,Digital Wallet,Desktop,14,11,False,5,5,5,2
1285,2023-05-03,28,Male,Istanbul,Food,77.53,2,8.66,146.4,Cash on Delivery,Tablet,11,6,True,10,5,5,2
1286,2023-05-03,47,Female,Bursa,Home & Garden,1039.58,1,0.0,1039.58,Digital Wallet,Desktop,24,10,True,9,4,5,2
1287,2023-05-03,18,Male,Eskisehir,Home & Garden,1513.47,1,0.0,1513.47,Debit Card,Mobile,8,9,True,6,2,5,2
1288,2023-05-03,30,Female,Istanbul,Fashion,36.61,3,0.0,109.83,Credit Card,Mobile,17,5,False,4,5,5,2
1289,2023-05-03,29,Male,Konya,Fashion,598.16,4,0.0,2392.64,Bank Transfer,Mobile,26,12,False,6,4,5,2
1290,2023-05-03,23,Male,Adana,Home & Garden,632.11,1,71.36,560.75,Debit Card,Mobile,21,12,True,4,4,5,2
1291,2023-05-03,27,Male,Adana,Food,33.95,1,6.33,27.62,Debit Card,Mobile,17,12,False,12,4,5,2
1292,2023-05-03,37,Female,Adana,Electronics,2303.77,1,0.0,2303.77,Credit Card,Desktop,12,12,True,6,3,5,2
1293,2023-05-03,35,Male,Izmir,Sports,213.77,1,0.0,213.77,Digital Wallet,Desktop,3,8,False,12,4,5,2
1294,2023-05-03,28,Male,Istanbul,Home & Garden,266.94,3,0.0,800.82,Debit Card,Mobile,15,7,True,3,1,5,2
1295,2023-05-03,50,Female,Kayseri,Electronics,3219.13,4,0.0,12876.52,Debit Card,Tablet,7,6,False,10,2,5,2
1296,2023-05-03,54,Female,Konya,Home & Garden,1332.53,1,0.0,1332.53,Debit Card,Desktop,9,6,True,4,5,5,2
1297,2023-05-04,41,Female,Eskisehir,Sports,400.22,1,93.81,306.41,Credit Card,Desktop,7,3,False,5,5,5,3
1298,2023-05-04,18,Male,Izmir,Books,72.22,1,0.0,72.22,Credit Card,Mobile,4,13,False,8,2,5,3
1299,2023-05-04,38,Female,Antalya,Toys,37.37,1,2.46,34.91,Credit Card,Desktop,13,8,True,7,2,5,3
1300,2023-05-04,35,Male,Istanbul,Electronics,715.93,1,0.0,715.93,Debit Card,Desktop,7,9,True,9,3,5,3
1301,2023-05-04,25,Male,Gaziantep,Fashion,515.74,4,0.0,2062.96,Debit Card,Desktop,20,14,True,5,2,5,3
1302,2023-05-04,32,Male,Ankara,Home & Garden,168.17,5,29.89,810.96,Digital Wallet,Desktop,4,4,False,4,3,5,3
1303,2023-05-04,23,Other,Istanbul,Beauty,152.3,5,0.0,761.5,Credit Card,Desktop,8,9,True,3,4,5,3
1304,2023-05-04,42,Male,Izmir,Books,13.46,2,0.0,26.92,Digital Wallet,Mobile,16,6,False,7,3,5,3
1305,2023-05-04,49,Female,Konya,Toys,152.12,1,0.0,152.12,Credit Card,Mobile,20,14,True,9,2,5,3
1306,2023-05-04,37,Female,Adana,Beauty,26.89,4,0.0,107.56,Credit Card,Desktop,12,10,True,6,5,5,3
1307,2023-05-04,33,Female,Istanbul,Toys,151.53,1,0.0,151.53,Debit Card,Tablet,16,6,True,5,3,5,3
1308,2023-05-04,18,Male,Istanbul,Toys,82.92,1,0.0,82.92,Credit Card,Mobile,11,12,True,5,3,5,3
1309,2023-05-04,29,Female,Izmir,Beauty,220.2,1,0.0,220.2,Debit Card,Tablet,14,8,False,4,4,5,3
1310,2023-05-04,32,Female,Antalya,Toys,169.14,4,0.0,676.56,Debit Card,Mobile,8,8,False,2,5,5,3
1311,2023-05-04,18,Male,Gaziantep,Sports,300.94,3,19.68,883.14,Credit Card,Desktop,3,12,True,3,2,5,3
1312,2023-05-05,36,Male,Eskisehir,Books,46.79,2,0.0,93.58,Credit Card,Mobile,10,7,True,11,5,5,4
1313,2023-05-05,29,Female,Eskisehir,Home & Garden,345.33,5,81.4,1645.25,Credit Card,Mobile,18,9,True,4,5,5,4
1314,2023-05-05,43,Male,Bursa,Beauty,205.03,4,58.54,761.58,Bank Transfer,Desktop,31,9,False,2,2,5,4
1315,2023-05-05,27,Female,Adana,Toys,76.77,1,0.0,76.77,Debit Card,Desktop,7,7,True,2,5,5,4
1316,2023-05-05,56,Female,Antalya,Electronics,1740.39,1,0.0,1740.39,Credit Card,Mobile,18,11,True,5,5,5,4
1317,2023-05-05,37,Male,Istanbul,Food,177.04,1,0.0,177.04,Cash on Delivery,Desktop,14,5,False,5,4,5,4
1318,2023-05-05,27,Male,Gaziantep,Sports,1117.76,1,132.82,984.94,Digital Wallet,Desktop,40,11,False,9,4,5,4
1319,2023-05-05,25,Female,Bursa,Home & Garden,342.63,1,0.0,342.63,Credit Card,Mobile,22,12,True,8,4,5,4
1320,2023-05-05,31,Female,Istanbul,Beauty,36.42,1,0.0,36.42,Digital Wallet,Desktop,3,8,False,11,4,5,4
1321,2023-05-05,19,Female,Konya,Books,45.16,3,0.0,135.48,Credit Card,Mobile,13,6,False,4,5,5,4
1322,2023-05-05,31,Female,Konya,Books,94.66,5,0.0,473.3,Credit Card,Mobile,9,7,True,8,5,5,4
1323,2023-05-05,30,Female,Istanbul,Home & Garden,722.14,1,0.0,722.14,Digital Wallet,Desktop,13,5,True,9,5,5,4
1324,2023-05-05,34,Male,Konya,Toys,86.65,1,24.83,61.82,Bank Transfer,Desktop,10,9,False,8,4,5,4
1325,2023-05-05,36,Female,Istanbul,Electronics,2248.65,3,315.31,6430.64,Cash on Delivery,Desktop,13,10,False,4,4,5,4
1326,2023-05-05,27,Female,Adana,Food,54.89,4,14.47,205.09,Credit Card,Mobile,16,15,False,7,3,5,4
1327,2023-05-05,20,Female,Konya,Books,58.59,1,0.0,58.59,Debit Card,Desktop,16,13,True,4,2,5,4
1328,2023-05-05,44,Female,Bursa,Beauty,131.51,1,0.0,131.51,Debit Card,Tablet,18,8,True,7,3,5,4
1329,2023-05-06,27,Female,Izmir,Electronics,1517.87,2,238.92,2796.82,Credit Card,Desktop,10,5,True,4,1,5,5
1330,2023-05-06,38,Female,Izmir,Toys,226.86,1,0.0,226.86,Cash on Delivery,Mobile,23,7,True,1,3,5,5
1331,2023-05-06,37,Male,Ankara,Sports,282.84,4,0.0,1131.36,Debit Card,Desktop,33,7,True,6,3,5,5
1332,2023-05-06,32,Female,Istanbul,Food,131.96,1,0.0,131.96,Credit Card,Desktop,17,9,True,4,5,5,5
1333,2023-05-06,34,Male,Istanbul,Food,53.7,4,0.0,214.8,Bank Transfer,Mobile,9,6,True,14,1,5,5
1334,2023-05-06,37,Female,Ankara,Beauty,103.09,2,0.0,206.18,Credit Card,Mobile,15,8,False,5,3,5,5
1335,2023-05-06,35,Female,Ankara,Home & Garden,983.11,1,59.37,923.74,Credit Card,Desktop,8,17,True,4,5,5,5
1336,2023-05-06,34,Female,Antalya,Beauty,67.93,1,14.15,53.78,Digital Wallet,Desktop,16,12,False,4,2,5,5
1337,2023-05-06,34,Female,Ankara,Food,56.0,1,11.43,44.57,Credit Card,Tablet,7,16,True,5,5,5,5
1338,2023-05-06,71,Female,Kayseri,Beauty,59.49,2,0.0,118.98,Credit Card,Desktop,12,11,True,13,4,5,5
1339,2023-05-06,20,Female,Kayseri,Sports,2207.18,1,657.32,1549.86,Digital Wallet,Desktop,14,8,True,5,4,5,5
1340,2023-05-06,49,Male,Antalya,Toys,233.8,2,51.27,416.33,Credit Card,Mobile,7,10,False,14,4,5,5
1341,2023-05-07,46,Male,Istanbul,Home & Garden,579.68,1,0.0,579.68,Digital Wallet,Mobile,9,8,True,10,5,5,6
1342,2023-05-07,35,Male,Kayseri,Fashion,324.1,4,48.73,1247.67,Debit Card,Mobile,3,6,True,8,4,5,6
1343,2023-05-07,21,Male,Ankara,Books,37.64,1,0.0,37.64,Cash on Delivery,Mobile,21,6,True,6,1,5,6
1344,2023-05-07,22,Female,Gaziantep,Toys,333.99,4,0.0,1335.96,Debit Card,Desktop,14,3,True,2,5,5,6
1345,2023-05-07,50,Female,Istanbul,Beauty,219.09,1,0.0,219.09,Cash on Delivery,Tablet,12,13,False,10,5,5,6
1346,2023-05-07,23,Female,Konya,Food,110.67,2,0.0,221.34,Digital Wallet,Mobile,17,6,False,10,4,5,6
1347,2023-05-07,35,Male,Gaziantep,Sports,716.68,3,0.0,2150.04,Debit Card,Mobile,15,6,True,8,5,5,6
1348,2023-05-07,56,Female,Gaziantep,Fashion,157.39,3,0.0,472.17,Bank Transfer,Mobile,9,13,True,11,5,5,6
1349,2023-05-07,44,Female,Ankara,Electronics,984.42,4,0.0,3937.68,Debit Card,Mobile,5,11,True,10,2,5,6
1350,2023-05-07,22,Male,Bursa,Home & Garden,764.65,3,0.0,2293.95,Debit Card,Mobile,22,15,False,5,4,5,6
1351,2023-05-07,39,Female,Istanbul,Home & Garden,1563.79,2,0.0,3127.58,Credit Card,Tablet,34,9,True,6,3,5,6
1352,2023-05-07,49,Male,Eskisehir,Sports,126.18,2,0.0,252.36,Debit Card,Desktop,30,11,True,3,5,5,6
1353,2023-05-07,55,Female,Izmir,Toys,140.45,3,31.99,389.36,Debit Card,Mobile,17,7,True,5,5,5,6
1354,2023-05-07,30,Female,Ankara,Sports,586.55,4,0.0,2346.2,Credit Card,Desktop,16,8,False,7,5,5,6
1355,2023-05-07,26,Male,Ankara,Beauty,115.8,1,22.76,93.04,Bank Transfer,Mobile,9,7,True,15,5,5,6
1356,2023-05-08,38,Male,Kayseri,Toys,163.19,5,0.0,815.95,Credit Card,Desktop,12,16,False,4,5,5,0
1357,2023-05-08,48,Male,Istanbul,Electronics,3546.51,3,0.0,10639.53,Debit Card,Desktop,15,4,False,10,4,5,0
1358,2023-05-08,42,Male,Bursa,Sports,242.38,2,54.77,429.99,Debit Card,Desktop,17,11,True,12,5,5,0
1359,2023-05-08,51,Male,Antalya,Toys,169.95,2,11.01,328.89,Credit Card,Mobile,15,14,True,8,4,5,0
1360,2023-05-08,49,Male,Bursa,Fashion,66.25,5,0.0,331.25,Cash on Delivery,Mobile,11,11,True,7,4,5,0
1361,2023-05-08,33,Female,Istanbul,Books,49.39,1,0.0,49.39,Credit Card,Tablet,8,13,False,5,5,5,0
1362,2023-05-08,41,Female,Konya,Toys,76.98,1,19.59,57.39,Debit Card,Desktop,29,8,True,6,4,5,0
1363,2023-05-08,42,Female,Bursa,Home & Garden,723.46,1,0.0,723.46,Debit Card,Mobile,18,6,False,3,5,5,0
1364,2023-05-08,27,Female,Istanbul,Food,22.56,1,0.0,22.56,Debit Card,Mobile,14,5,False,7,5,5,0
1365,2023-05-08,18,Male,Kayseri,Beauty,93.11,3,12.18,267.15,Cash on Delivery,Desktop,24,7,False,15,5,5,0
1366,2023-05-08,34,Female,Istanbul,Sports,331.75,2,69.89,593.61,Debit Card,Mobile,3,9,False,18,5,5,0
1367,2023-05-08,36,Female,Gaziantep,Electronics,1827.6,4,143.6,7166.8,Bank Transfer,Desktop,17,12,True,6,4,5,0
1368,2023-05-08,26,Male,Ankara,Food,103.69,2,0.0,207.38,Debit Card,Desktop,30,13,True,17,4,5,0
1369,2023-05-08,37,Male,Istanbul,Fashion,102.11,5,0.0,510.55,Credit Card,Desktop,2,9,False,9,5,5,0
1370,2023-05-09,31,Female,Adana,Electronics,3135.28,1,286.99,2848.29,Credit Card,Mobile,28,13,False,3,4,5,1
1371,2023-05-09,27,Female,Istanbul,Beauty,133.0,2,0.0,266.0,Bank Transfer,Desktop,8,9,True,5,2,5,1
1372,2023-05-09,34,Male,Istanbul,Electronics,1990.08,3,0.0,5970.24,Cash on Delivery,Mobile,19,11,False,8,5,5,1
1373,2023-05-09,26,Male,Eskisehir,Books,20.28,5,0.0,101.4,Bank Transfer,Desktop,12,10,True,5,3,5,1
1374,2023-05-09,31,Female,Konya,Toys,61.9,5,0.0,309.5,Debit Card,Mobile,14,11,False,9,4,5,1
1375,2023-05-09,45,Male,Adana,Beauty,154.16,1,0.0,154.16,Credit Card,Mobile,10,3,True,7,4,5,1
1376,2023-05-09,29,Female,Konya,Electronics,2694.74,2,0.0,5389.48,Debit Card,Mobile,9,13,True,7,2,5,1
1377,2023-05-09,49,Male,Ankara,Food,53.67,5,0.0,268.35,Digital Wallet,Desktop,33,7,True,12,4,5,1
1378,2023-05-09,41,Female,Istanbul,Home & Garden,573.39,5,36.8,2830.15,Digital Wallet,Desktop,3,4,False,3,4,5,1
1379,2023-05-09,55,Female,Ankara,Electronics,1620.42,4,0.0,6481.68,Digital Wallet,Mobile,8,9,True,7,5,5,1
1380,2023-05-09,25,Male,Izmir,Home & Garden,149.17,2,0.0,298.34,Debit Card,Desktop,2,5,True,12,3,5,1
1381,2023-05-10,47,Male,Istanbul,Sports,272.9,1,0.0,272.9,Credit Card,Mobile,2,6,True,5,4,5,2
1382,2023-05-10,27,Female,Istanbul,Home & Garden,228.43,1,68.11,160.32,Credit Card,Desktop,26,9,True,9,5,5,2
1383,2023-05-10,27,Male,Istanbul,Fashion,412.63,1,0.0,412.63,Credit Card,Desktop,27,10,False,9,4,5,2
1384,2023-05-10,43,Female,Kayseri,Sports,479.56,2,0.0,959.12,Credit Card,Mobile,18,7,True,12,4,5,2
1385,2023-05-10,41,Female,Bursa,Electronics,1258.33,1,0.0,1258.33,Credit Card,Mobile,12,8,True,2,2,5,2
1386,2023-05-10,23,Male,Antalya,Fashion,125.88,1,35.44,90.44,Credit Card,Desktop,15,11,False,8,4,5,2
1387,2023-05-10,42,Male,Izmir,Food,40.28,3,12.0,108.84,Bank Transfer,Desktop,10,5,True,12,3,5,2
1388,2023-05-10,20,Male,Izmir,Toys,227.05,1,0.0,227.05,Digital Wallet,Mobile,12,8,True,9,4,5,2
1389,2023-05-11,43,Male,Istanbul,Beauty,121.44,2,28.58,214.3,Credit Card,Desktop,13,11,True,4,5,5,3
1390,2023-05-11,31,Other,Istanbul,Beauty,115.49,4,23.34,438.62,Digital Wallet,Mobile,6,7,True,8,4,5,3
1391,2023-05-11,34,Female,Izmir,Fashion,634.79,3,0.0,1904.37,Bank Transfer,Mobile,7,8,False,8,1,5,3
1392,2023-05-11,30,Female,Izmir,Fashion,142.3,4,0.0,569.2,Debit Card,Mobile,17,9,True,5,5,5,3
1393,2023-05-11,18,Male,Konya,Toys,340.65,2,0.0,681.3,Debit Card,Mobile,1,8,False,9,2,5,3
1394,2023-05-11,26,Female,Kayseri,Fashion,65.3,1,0.0,65.3,Credit Card,Desktop,5,10,False,9,4,5,3
1395,2023-05-11,18,Male,Istanbul,Sports,493.0,5,0.0,2465.0,Digital Wallet,Desktop,11,7,False,5,2,5,3
1396,2023-05-11,26,Female,Izmir,Fashion,176.37,5,0.0,881.85,Bank Transfer,Mobile,13,6,False,9,4,5,3
1397,2023-05-12,28,Female,Ankara,Sports,235.17,1,0.0,235.17,Digital Wallet,Tablet,15,12,False,5,3,5,4
1398,2023-05-12,43,Female,Gaziantep,Home & Garden,735.86,2,76.78,1394.94,Digital Wallet,Desktop,15,8,False,3,3,5,4
1399,2023-05-12,30,Male,Izmir,Toys,101.57,1,0.0,101.57,Debit Card,Tablet,17,9,True,8,4,5,4
1400,2023-05-12,32,Female,Adana,Home & Garden,653.79,5,65.57,3203.38,Credit Card,Mobile,27,9,False,4,2,5,4
1401,2023-05-12,33,Male,Konya,Sports,604.82,1,0.0,604.82,Digital Wallet,Mobile,15,6,True,5,2,5,4
1402,2023-05-12,18,Female,Ankara,Food,174.96,4,0.0,699.84,Credit Card,Mobile,12,12,False,7,4,5,4
1403,2023-05-12,40,Male,Ankara,Toys,92.97,5,0.0,464.85,Debit Card,Desktop,6,4,True,5,2,5,4
1404,2023-05-13,32,Male,Ankara,Home & Garden,1213.03,5,0.0,6065.15,Credit Card,Mobile,27,11,True,15,4,5,5
1405,2023-05-13,54,Female,Bursa,Food,59.41,2,0.0,118.82,Credit Card,Mobile,4,7,True,6,4,5,5
1406,2023-05-13,38,Male,Antalya,Books,14.42,4,0.0,57.68,Credit Card,Mobile,8,10,True,7,5,5,5
1407,2023-05-13,32,Male,Antalya,Home & Garden,1661.55,4,280.79,6365.41,Debit Card,Desktop,15,5,True,4,5,5,5
1408,2023-05-14,43,Male,Istanbul,Beauty,25.91,3,0.0,77.73,Digital Wallet,Tablet,3,13,True,6,5,5,6
1409,2023-05-14,25,Male,Istanbul,Electronics,2719.71,1,422.24,2297.47,Debit Card,Mobile,7,12,False,1,5,5,6
1410,2023-05-14,43,Male,Istanbul,Fashion,275.03,2,0.0,550.06,Credit Card,Mobile,16,12,True,12,5,5,6
1411,2023-05-14,33,Female,Gaziantep,Home & Garden,1083.14,2,68.14,2098.14,Digital Wallet,Mobile,9,14,False,13,4,5,6
1412,2023-05-14,22,Male,Bursa,Home & Garden,823.08,1,0.0,823.08,Credit Card,Mobile,23,7,False,7,5,5,6
1413,2023-05-14,40,Female,Kayseri,Sports,940.51,1,77.46,863.05,Digital Wallet,Desktop,7,9,False,3,4,5,6
1414,2023-05-14,49,Male,Ankara,Fashion,220.66,1,0.0,220.66,Digital Wallet,Mobile,17,13,False,3,3,5,6
1415,2023-05-14,38,Male,Eskisehir,Sports,600.21,1,0.0,600.21,Debit Card,Mobile,13,7,True,8,4,5,6
1416,2023-05-14,23,Male,Izmir,Food,25.46,1,0.0,25.46,Credit Card,Desktop,11,11,False,11,5,5,6
1417,2023-05-14,39,Female,Istanbul,Electronics,924.23,1,0.0,924.23,Debit Card,Mobile,34,8,False,3,5,5,6
1418,2023-05-15,30,Male,Istanbul,Fashion,229.32,1,0.0,229.32,Digital Wallet,Mobile,15,6,False,3,5,5,0
1419,2023-05-15,35,Female,Izmir,Beauty,130.08,2,0.0,260.16,Credit Card,Mobile,18,13,True,10,4,5,0
1420,2023-05-15,36,Male,Bursa,Sports,288.48,1,0.0,288.48,Bank Transfer,Mobile,28,11,True,6,4,5,0
1421,2023-05-15,38,Female,Izmir,Toys,180.98,1,45.0,135.98,Digital Wallet,Desktop,10,8,True,6,3,5,0
1422,2023-05-15,43,Female,Bursa,Fashion,109.93,5,0.0,549.65,Digital Wallet,Tablet,13,8,False,11,4,5,0
1423,2023-05-15,43,Female,Ankara,Electronics,1755.72,3,423.06,4844.1,Credit Card,Mobile,4,14,False,5,4,5,0
1424,2023-05-15,18,Male,Bursa,Books,20.51,4,4.43,77.61,Credit Card,Mobile,4,12,True,2,4,5,0
1425,2023-05-15,41,Female,Izmir,Beauty,92.5,4,0.0,370.0,Digital Wallet,Desktop,14,9,True,9,4,5,0
1426,2023-05-15,41,Female,Istanbul,Home & Garden,659.99,1,0.0,659.99,Cash on Delivery,Desktop,21,8,True,7,4,5,0
1427,2023-05-16,43,Male,Ankara,Beauty,43.77,4,0.0,175.08,Digital Wallet,Desktop,19,12,False,7,4,5,1
1428,2023-05-16,37,Male,Gaziantep,Beauty,125.21,4,28.05,472.79,Debit Card,Mobile,13,5,True,6,4,5,1
1429,2023-05-16,18,Female,Antalya,Beauty,86.95,2,0.0,173.9,Credit Card,Desktop,36,11,False,16,5,5,1
1430,2023-05-16,49,Female,Izmir,Fashion,68.45,2,0.0,136.9,Credit Card,Tablet,15,13,True,6,5,5,1
1431,2023-05-16,46,Female,Ankara,Toys,117.3,3,0.0,351.9,Debit Card,Mobile,16,9,False,10,4,5,1
1432,2023-05-16,25,Male,Istanbul,Sports,541.58,3,0.0,1624.74,Credit Card,Desktop,3,7,True,1,1,5,1
1433,2023-05-16,42,Female,Istanbul,Fashion,119.07,2,0.0,238.14,Digital Wallet,Tablet,22,3,True,4,1,5,1
1434,2023-05-16,47,Female,Antalya,Sports,322.29,3,0.0,966.87,Credit Card,Mobile,16,6,False,10,4,5,1
1435,2023-05-16,28,Male,Izmir,Beauty,213.77,4,0.0,855.08,Credit Card,Desktop,22,5,False,2,4,5,1
1436,2023-05-16,18,Male,Istanbul,Sports,761.42,4,0.0,3045.68,Debit Card,Desktop,20,10,True,4,4,5,1
1437,2023-05-16,55,Female,Istanbul,Books,86.12,1,0.0,86.12,Credit Card,Mobile,14,9,True,6,4,5,1
1438,2023-05-16,57,Female,Adana,Home & Garden,423.12,2,0.0,846.24,Digital Wallet,Desktop,17,12,True,7,5,5,1
1439,2023-05-16,54,Female,Eskisehir,Books,50.09,2,0.0,100.18,Credit Card,Desktop,36,14,True,5,4,5,1
1440,2023-05-16,34,Male,Ankara,Fashion,118.91,4,0.0,475.64,Bank Transfer,Mobile,6,12,True,8,4,5,1
1441,2023-05-16,29,Male,Adana,Fashion,325.73,4,93.15,1209.77,Debit Card,Mobile,8,8,True,6,5,5,1
1442,2023-05-16,31,Female,Bursa,Home & Garden,211.08,4,0.0,844.32,Debit Card,Mobile,21,11,True,3,2,5,1
1443,2023-05-16,27,Female,Istanbul,Electronics,2070.88,1,0.0,2070.88,Credit Card,Tablet,4,10,True,7,3,5,1
1444,2023-05-16,27,Male,Izmir,Sports,768.14,1,0.0,768.14,Credit Card,Desktop,9,6,True,14,4,5,1
1445,2023-05-16,43,Male,Adana,Toys,83.79,1,0.0,83.79,Debit Card,Tablet,10,6,False,3,3,5,1
1446,2023-05-17,21,Female,Izmir,Food,50.14,4,2.61,197.95,Digital Wallet,Mobile,42,13,True,5,3,5,2
1447,2023-05-17,28,Female,Ankara,Toys,316.02,1,50.47,265.55,Digital Wallet,Mobile,18,7,False,12,4,5,2
1448,2023-05-17,28,Male,Bursa,Sports,771.29,4,129.17,2955.99,Credit Card,Desktop,16,11,True,2,3,5,2
1449,2023-05-17,48,Male,Eskisehir,Electronics,1571.22,3,0.0,4713.66,Credit Card,Mobile,9,14,False,6,1,5,2
1450,2023-05-17,24,Male,Bursa,Electronics,2019.23,3,0.0,6057.69,Credit Card,Desktop,6,8,True,9,5,5,2
1451,2023-05-17,43,Male,Eskisehir,Books,78.01,1,12.49,65.52,Bank Transfer,Mobile,20,10,True,5,5,5,2
1452,2023-05-17,43,Female,Adana,Books,79.73,3,0.0,239.19,Digital Wallet,Desktop,14,13,True,4,5,5,2
1453,2023-05-17,25,Male,Istanbul,Sports,1713.28,1,0.0,1713.28,Credit Card,Mobile,36,7,True,10,5,5,2
1454,2023-05-17,46,Female,Istanbul,Beauty,40.42,1,9.88,30.54,Credit Card,Mobile,20,6,True,4,4,5,2
1455,2023-05-17,24,Male,Ankara,Food,129.47,3,0.0,388.41,Credit Card,Mobile,21,9,True,4,5,5,2
1456,2023-05-17,35,Female,Gaziantep,Fashion,235.59,1,0.0,235.59,Debit Card,Desktop,14,8,True,6,4,5,2
1457,2023-05-17,41,Male,Adana,Home & Garden,988.92,1,80.43,908.49,Debit Card,Tablet,4,10,False,4,3,5,2
1458,2023-05-18,28,Male,Ankara,Beauty,191.01,3,0.0,573.03,Credit Card,Tablet,10,7,True,5,4,5,3
1459,2023-05-18,39,Female,Izmir,Home & Garden,1044.75,2,0.0,2089.5,Digital Wallet,Desktop,11,12,False,11,4,5,3
1460,2023-05-18,41,Female,Istanbul,Food,84.1,1,12.67,71.43,Debit Card,Tablet,13,14,True,6,4,5,3
1461,2023-05-18,40,Female,Bursa,Toys,102.81,1,0.0,102.81,Debit Card,Mobile,13,6,True,5,4,5,3
1462,2023-05-18,44,Female,Ankara,Books,81.15,2,9.03,153.27,Digital Wallet,Mobile,7,3,False,8,4,5,3
1463,2023-05-18,25,Male,Adana,Fashion,456.2,2,26.44,885.96,Credit Card,Mobile,12,10,True,5,4,5,3
1464,2023-05-18,50,Male,Izmir,Sports,890.59,4,0.0,3562.36,Credit Card,Mobile,13,11,True,4,5,5,3
1465,2023-05-18,43,Male,Eskisehir,Sports,139.78,2,0.0,279.56,Credit Card,Desktop,23,9,False,14,5,5,3
1466,2023-05-18,18,Female,Ankara,Books,13.44,2,0.0,26.88,Digital Wallet,Mobile,7,9,False,11,2,5,3
1467,2023-05-18,28,Male,Istanbul,Beauty,164.8,3,30.29,464.11,Credit Card,Mobile,10,9,False,11,2,5,3
1468,2023-05-18,40,Female,Istanbul,Books,24.73,1,0.0,24.73,Debit Card,Mobile,5,16,False,4,3,5,3
1469,2023-05-19,35,Male,Istanbul,Books,36.14,2,3.85,68.43,Bank Transfer,Mobile,9,11,False,9,4,5,4
1470,2023-05-19,35,Female,Antalya,Books,59.81,2,3.11,116.51,Credit Card,Desktop,13,5,True,11,5,5,4
1471,2023-05-19,24,Female,Ankara,Books,35.0,1,0.0,35.0,Cash on Delivery,Desktop,7,8,False,5,5,5,4
1472,2023-05-19,47,Female,Izmir,Fashion,336.37,3,0.0,1009.11,Credit Card,Tablet,7,11,False,4,5,5,4
1473,2023-05-19,18,Male,Istanbul,Home & Garden,868.08,1,0.0,868.08,Credit Card,Mobile,29,6,True,3,5,5,4
1474,2023-05-19,37,Female,Ankara,Sports,297.98,1,78.23,219.75,Bank Transfer,Mobile,4,7,True,10,3,5,4
1475,2023-05-19,31,Female,Antalya,Home & Garden,1235.6,1,0.0,1235.6,Bank Transfer,Mobile,14,9,True,5,5,5,4
1476,2023-05-20,34,Female,Izmir,Sports,1086.08,2,0.0,2172.16,Credit Card,Desktop,28,11,False,10,5,5,5
1477,2023-05-20,25,Male,Kayseri,Toys,109.94,1,0.0,109.94,Debit Card,Desktop,19,8,True,7,3,5,5
1478,2023-05-20,48,Male,Kayseri,Toys,76.93,2,0.0,153.86,Bank Transfer,Desktop,13,9,True,9,4,5,5
1479,2023-05-20,34,Female,Izmir,Books,77.07,1,11.47,65.6,Cash on Delivery,Desktop,9,6,True,5,4,5,5
1480,2023-05-20,53,Female,Ankara,Fashion,204.22,1,37.66,166.56,Debit Card,Mobile,28,10,True,2,4,5,5
1481,2023-05-20,41,Other,Bursa,Beauty,123.19,1,0.0,123.19,Bank Transfer,Mobile,25,7,False,2,5,5,5
1482,2023-05-20,41,Male,Istanbul,Electronics,2182.74,1,0.0,2182.74,Bank Transfer,Mobile,24,14,False,9,2,5,5
1483,2023-05-20,52,Male,Kayseri,Toys,375.36,2,0.0,750.72,Credit Card,Desktop,15,9,False,11,3,5,5
1484,2023-05-20,18,Male,Bursa,Beauty,88.54,1,17.64,70.9,Digital Wallet,Desktop,21,5,False,8,5,5,5
1485,2023-05-20,42,Male,Istanbul,Toys,88.7,4,0.0,354.8,Digital Wallet,Mobile,10,8,True,4,5,5,5
1486,2023-05-20,35,Male,Eskisehir,Electronics,905.97,3,0.0,2717.91,Credit Card,Desktop,35,13,True,8,5,5,5
1487,2023-05-20,49,Male,Gaziantep,Books,81.05,1,0.0,81.05,Debit Card,Mobile,5,8,False,10,5,5,5
1488,2023-05-20,24,Male,Izmir,Home & Garden,320.91,4,0.0,1283.64,Bank Transfer,Mobile,8,12,True,10,4,5,5
1489,2023-05-20,31,Male,Istanbul,Books,20.52,3,1.62,59.94,Bank Transfer,Tablet,3,10,False,5,5,5,5
1490,2023-05-20,49,Female,Bursa,Fashion,487.7,3,0.0,1463.1,Digital Wallet,Mobile,23,7,True,6,5,5,5
1491,2023-05-20,32,Female,Istanbul,Home & Garden,301.66,3,0.0,904.98,Credit Card,Mobile,12,8,False,9,4,5,5
1492,2023-05-21,33,Female,Istanbul,Books,116.83,1,15.14,101.69,Digital Wallet,Mobile,13,10,True,6,5,5,6
1493,2023-05-21,32,Female,Kayseri,Toys,82.21,2,10.37,154.05,Digital Wallet,Mobile,10,16,False,3,4,5,6
1494,2023-05-21,38,Male,Istanbul,Sports,378.3,1,0.0,378.3,Debit Card,Desktop,19,7,True,2,4,5,6
1495,2023-05-21,34,Female,Istanbul,Food,33.31,2,0.0,66.62,Credit Card,Mobile,20,5,True,9,4,5,6
1496,2023-05-21,48,Female,Istanbul,Fashion,263.67,1,0.0,263.67,Debit Card,Desktop,48,8,False,3,4,5,6
1497,2023-05-21,32,Male,Ankara,Books,69.89,5,0.0,349.45,Bank Transfer,Mobile,13,7,False,3,3,5,6
1498,2023-05-21,27,Female,Izmir,Sports,228.06,1,0.0,228.06,Debit Card,Desktop,19,12,True,8,3,5,6
1499,2023-05-21,29,Female,Istanbul,Home & Garden,483.19,1,0.0,483.19,Credit Card,Mobile,7,3,True,12,3,5,6
1500,2023-05-21,34,Female,Adana,Sports,202.62,1,0.0,202.62,Credit Card,Desktop,13,8,False,15,4,5,6
1501,2023-05-21,38,Female,Istanbul,Food,19.44,4,0.0,77.76,Cash on Delivery,Desktop,10,5,False,5,4,5,6
1502,2023-05-21,32,Female,Bursa,Beauty,294.19,3,55.31,827.26,Debit Card,Mobile,15,10,False,4,4,5,6
1503,2023-05-21,45,Female,Ankara,Home & Garden,349.69,3,0.0,1049.07,Digital Wallet,Mobile,8,10,False,7,4,5,6
1504,2023-05-21,29,Female,Bursa,Toys,36.47,2,9.26,63.68,Credit Card,Mobile,5,9,False,6,3,5,6
1505,2023-05-22,39,Female,Izmir,Books,25.37,1,0.0,25.37,Cash on Delivery,Desktop,25,9,True,5,4,5,0
1506,2023-05-22,43,Male,Istanbul,Electronics,3719.21,1,0.0,3719.21,Debit Card,Mobile,34,6,False,7,4,5,0
1507,2023-05-22,37,Male,Eskisehir,Food,139.88,1,0.0,139.88,Bank Transfer,Mobile,9,4,True,9,5,5,0
1508,2023-05-22,55,Female,Konya,Beauty,84.42,1,9.67,74.75,Digital Wallet,Tablet,23,7,False,2,4,5,0
1509,2023-05-22,18,Male,Istanbul,Food,29.45,1,0.0,29.45,Debit Card,Mobile,23,11,False,15,4,5,0
1510,2023-05-22,18,Female,Istanbul,Electronics,1217.39,1,332.87,884.52,Debit Card,Desktop,20,12,False,16,5,5,0
1511,2023-05-22,48,Female,Bursa,Fashion,163.1,3,32.0,457.3,Credit Card,Mobile,5,12,True,3,4,5,0
1512,2023-05-22,31,Female,Istanbul,Fashion,304.13,3,0.0,912.39,Debit Card,Desktop,10,8,True,10,4,5,0
1513,2023-05-22,53,Male,Istanbul,Electronics,2209.23,1,0.0,2209.23,Digital Wallet,Desktop,13,5,True,7,4,5,0
1514,2023-05-22,21,Male,Kayseri,Beauty,242.37,1,0.0,242.37,Credit Card,Desktop,33,14,False,15,3,5,0
1515,2023-05-22,34,Male,Gaziantep,Sports,122.1,1,0.0,122.1,Credit Card,Mobile,28,9,False,17,4,5,0
1516,2023-05-23,19,Female,Istanbul,Toys,133.74,1,0.0,133.74,Credit Card,Tablet,18,12,True,5,5,5,1
1517,2023-05-23,31,Other,Bursa,Books,57.59,3,0.0,172.77,Debit Card,Mobile,4,3,True,2,4,5,1
1518,2023-05-23,44,Female,Kayseri,Electronics,4703.23,2,0.0,9406.46,Credit Card,Mobile,6,9,True,10,1,5,1
1519,2023-05-23,40,Male,Ankara,Electronics,713.01,1,0.0,713.01,Debit Card,Desktop,12,11,True,8,4,5,1
1520,2023-05-23,40,Female,Antalya,Books,72.08,1,0.0,72.08,Bank Transfer,Mobile,4,11,False,4,4,5,1
1521,2023-05-23,18,Female,Izmir,Fashion,133.09,2,24.74,241.44,Digital Wallet,Mobile,12,7,True,4,5,5,1
1522,2023-05-23,18,Female,Adana,Food,133.08,1,20.92,112.16,Credit Card,Tablet,13,6,True,7,5,5,1
1523,2023-05-23,28,Male,Gaziantep,Fashion,386.18,2,83.42,688.94,Credit Card,Mobile,7,10,True,3,4,5,1
1524,2023-05-23,38,Female,Konya,Fashion,718.22,2,0.0,1436.44,Credit Card,Mobile,23,17,False,7,5,5,1
1525,2023-05-23,57,Female,Istanbul,Beauty,194.88,4,11.1,768.42,Cash on Delivery,Desktop,20,10,True,10,4,5,1
1526,2023-05-23,52,Female,Gaziantep,Food,99.44,1,0.0,99.44,Debit Card,Desktop,7,10,False,2,4,5,1
1527,2023-05-23,34,Male,Ankara,Toys,225.26,1,0.0,225.26,Credit Card,Tablet,17,8,False,2,5,5,1
1528,2023-05-23,50,Male,Eskisehir,Beauty,49.35,5,0.0,246.75,Debit Card,Desktop,7,9,False,7,4,5,1
1529,2023-05-23,28,Female,Istanbul,Electronics,555.8,2,0.0,1111.6,Digital Wallet,Tablet,31,12,True,11,5,5,1
1530,2023-05-23,33,Female,Ankara,Sports,782.92,1,113.51,669.41,Credit Card,Mobile,8,10,False,3,4,5,1
1531,2023-05-23,36,Female,Adana,Home & Garden,591.53,1,111.31,480.22,Debit Card,Mobile,31,7,True,5,5,5,1
1532,2023-05-24,40,Male,Izmir,Home & Garden,123.52,1,0.0,123.52,Debit Card,Desktop,12,8,True,2,5,5,2
1533,2023-05-24,18,Female,Izmir,Toys,127.19,1,10.98,116.21,Credit Card,Mobile,27,3,True,10,3,5,2
1534,2023-05-24,54,Male,Gaziantep,Home & Garden,431.99,1,108.63,323.36,Debit Card,Mobile,15,8,False,1,5,5,2
1535,2023-05-24,28,Female,Istanbul,Toys,162.62,1,0.0,162.62,Debit Card,Mobile,14,5,True,2,3,5,2
1536,2023-05-24,43,Female,Konya,Electronics,561.78,3,0.0,1685.34,Debit Card,Mobile,12,8,True,10,4,5,2
1537,2023-05-24,42,Other,Izmir,Fashion,107.43,1,0.0,107.43,Credit Card,Mobile,33,9,True,6,3,5,2
1538,2023-05-24,22,Female,Kayseri,Food,31.57,1,0.0,31.57,Debit Card,Mobile,12,7,True,4,3,5,2
1539,2023-05-25,35,Female,Istanbul,Fashion,318.0,1,0.0,318.0,Credit Card,Mobile,32,11,False,3,2,5,3
1540,2023-05-25,38,Female,Antalya,Toys,48.93,1,0.0,48.93,Debit Card,Mobile,7,9,True,8,2,5,3
1541,2023-05-25,53,Male,Antalya,Home & Garden,102.22,1,0.0,102.22,Bank Transfer,Desktop,9,8,True,6,5,5,3
1542,2023-05-25,40,Male,Bursa,Electronics,1319.95,4,0.0,5279.8,Credit Card,Mobile,7,11,True,1,1,5,3
1543,2023-05-25,34,Female,Gaziantep,Sports,814.53,5,0.0,4072.65,Credit Card,Mobile,8,11,True,5,5,5,3
1544,2023-05-25,37,Female,Izmir,Toys,172.84,1,0.0,172.84,Bank Transfer,Desktop,9,13,True,6,5,5,3
1545,2023-05-25,23,Male,Gaziantep,Sports,1438.14,1,0.0,1438.14,Bank Transfer,Desktop,41,7,True,9,5,5,3
1546,2023-05-25,18,Male,Antalya,Beauty,73.65,2,21.33,125.97,Debit Card,Mobile,13,9,True,9,4,5,3
1547,2023-05-25,35,Female,Izmir,Toys,41.76,1,7.49,34.27,Digital Wallet,Tablet,20,16,False,5,5,5,3
1548,2023-05-26,28,Female,Istanbul,Fashion,264.11,2,52.8,475.42,Debit Card,Mobile,34,12,True,9,5,5,4
1549,2023-05-26,25,Male,Ankara,Electronics,2246.73,2,0.0,4493.46,Debit Card,Tablet,14,7,True,1,2,5,4
1550,2023-05-26,39,Female,Istanbul,Electronics,1600.69,2,336.58,2864.8,Debit Card,Desktop,13,7,False,4,4,5,4
1551,2023-05-26,32,Male,Ankara,Beauty,163.89,1,0.0,163.89,Debit Card,Mobile,7,9,False,4,5,5,4
1552,2023-05-26,38,Male,Istanbul,Sports,279.59,1,0.0,279.59,Credit Card,Mobile,20,14,True,7,4,5,4
1553,2023-05-26,28,Male,Gaziantep,Fashion,225.05,1,0.0,225.05,Bank Transfer,Mobile,5,16,True,7,4,5,4
1554,2023-05-26,35,Male,Konya,Food,24.88,1,1.34,23.54,Credit Card,Mobile,5,6,False,3,2,5,4
1555,2023-05-26,21,Male,Istanbul,Home & Garden,630.83,5,166.59,2987.56,Credit Card,Mobile,12,9,True,6,5,5,4
1556,2023-05-26,38,Female,Kayseri,Home & Garden,203.81,2,0.0,407.62,Credit Card,Desktop,35,8,True,13,5,5,4
1557,2023-05-26,39,Male,Istanbul,Beauty,65.5,2,9.93,121.07,Credit Card,Mobile,17,9,True,2,5,5,4
1558,2023-05-26,39,Male,Bursa,Toys,314.68,1,0.0,314.68,Debit Card,Mobile,8,8,True,11,5,5,4
1559,2023-05-27,18,Female,Ankara,Beauty,116.72,4,19.04,447.84,Debit Card,Tablet,8,7,False,2,5,5,5
1560,2023-05-27,48,Other,Bursa,Food,136.6,3,27.29,382.51,Bank Transfer,Mobile,28,6,True,7,5,5,5
1561,2023-05-27,23,Female,Adana,Books,31.63,1,3.48,28.15,Digital Wallet,Desktop,12,9,False,4,4,5,5
1562,2023-05-27,45,Female,Konya,Food,95.69,2,0.0,191.38,Digital Wallet,Mobile,10,7,True,3,4,5,5
1563,2023-05-27,42,Male,Bursa,Food,124.03,1,0.0,124.03,Credit Card,Mobile,7,7,True,6,4,5,5
1564,2023-05-27,25,Male,Izmir,Beauty,188.29,5,0.0,941.45,Digital Wallet,Mobile,10,11,False,18,3,5,5
1565,2023-05-27,50,Female,Izmir,Fashion,212.74,1,33.91,178.83,Debit Card,Tablet,10,10,False,3,5,5,5
1566,2023-05-27,28,Female,Konya,Home & Garden,198.93,1,33.4,165.53,Credit Card,Desktop,12,10,False,4,3,5,5
1567,2023-05-27,51,Female,Izmir,Toys,85.94,1,8.16,77.78,Digital Wallet,Mobile,9,11,True,4,4,5,5
1568,2023-05-27,29,Male,Ankara,Fashion,355.54,4,0.0,1422.16,Credit Card,Desktop,23,8,False,6,3,5,5
1569,2023-05-27,26,Female,Eskisehir,Home & Garden,466.49,1,0.0,466.49,Credit Card,Mobile,4,8,True,3,4,5,5
1570,2023-05-27,49,Female,Istanbul,Beauty,77.73,1,6.04,71.69,Credit Card,Desktop,16,8,False,5,4,5,5
1571,2023-05-27,43,Female,Ankara,Food,35.61,2,2.91,68.31,Debit Card,Mobile,8,8,True,11,2,5,5
1572,2023-05-28,39,Female,Gaziantep,Beauty,147.14,1,21.67,125.47,Credit Card,Desktop,5,9,True,6,4,5,6
1573,2023-05-28,27,Female,Bursa,Toys,152.28,1,0.0,152.28,Credit Card,Desktop,10,6,True,6,4,5,6
1574,2023-05-28,49,Male,Konya,Books,50.79,1,0.0,50.79,Bank Transfer,Desktop,4,4,True,5,3,5,6
1575,2023-05-28,26,Male,Izmir,Home & Garden,419.7,3,83.74,1175.36,Credit Card,Desktop,14,6,True,8,2,5,6
1576,2023-05-28,60,Female,Bursa,Beauty,83.21,1,0.0,83.21,Credit Card,Mobile,25,11,True,4,4,5,6
1577,2023-05-28,46,Female,Istanbul,Fashion,156.4,1,24.31,132.09,Digital Wallet,Desktop,54,14,False,10,4,5,6
1578,2023-05-28,36,Male,Ankara,Toys,184.96,1,0.0,184.96,Debit Card,Desktop,20,8,True,21,5,5,6
1579,2023-05-28,18,Male,Izmir,Home & Garden,1934.36,3,0.0,5803.08,Credit Card,Mobile,19,6,True,6,4,5,6
1580,2023-05-28,34,Male,Ankara,Fashion,329.1,2,0.0,658.2,Credit Card,Tablet,18,13,True,6,4,5,6
1581,2023-05-28,60,Male,Bursa,Toys,98.76,2,20.19,177.33,Credit Card,Mobile,5,9,True,9,3,5,6
1582,2023-05-28,43,Female,Ankara,Fashion,186.96,3,0.0,560.88,Credit Card,Mobile,14,11,True,6,5,5,6
1583,2023-05-28,56,Female,Istanbul,Sports,982.82,1,73.73,909.09,Debit Card,Desktop,7,6,True,3,5,5,6
1584,2023-05-28,24,Female,Izmir,Beauty,151.35,1,0.0,151.35,Debit Card,Tablet,6,6,False,4,4,5,6
1585,2023-05-28,41,Female,Gaziantep,Home & Garden,525.48,1,94.71,430.77,Cash on Delivery,Mobile,16,7,True,5,2,5,6
1586,2023-05-28,27,Female,Ankara,Sports,284.43,2,55.07,513.79,Debit Card,Mobile,19,6,False,11,5,5,6
1587,2023-05-29,53,Male,Istanbul,Food,85.02,5,0.0,425.1,Credit Card,Mobile,8,11,False,7,5,5,0
1588,2023-05-29,42,Male,Istanbul,Beauty,338.26,4,99.1,1253.94,Debit Card,Desktop,11,7,False,9,4,5,0
1589,2023-05-29,24,Female,Adana,Home & Garden,122.66,1,21.31,101.35,Bank Transfer,Tablet,39,8,True,9,4,5,0
1590,2023-05-29,44,Male,Eskisehir,Sports,93.82,4,13.16,362.12,Credit Card,Desktop,23,7,True,3,4,5,0
1591,2023-05-29,40,Female,Istanbul,Electronics,912.38,5,0.0,4561.9,Credit Card,Mobile,24,13,True,7,4,5,0
1592,2023-05-29,39,Female,Ankara,Home & Garden,255.73,5,0.0,1278.65,Credit Card,Mobile,12,6,False,6,3,5,0
1593,2023-05-29,22,Female,Istanbul,Sports,333.33,1,36.84,296.49,Credit Card,Mobile,17,11,False,11,3,5,0
1594,2023-05-29,40,Male,Izmir,Fashion,660.12,2,0.0,1320.24,Credit Card,Mobile,17,11,True,3,1,5,0
1595,2023-05-29,40,Female,Ankara,Sports,464.8,2,0.0,929.6,Credit Card,Mobile,10,16,False,10,5,5,0
1596,2023-05-29,18,Male,Istanbul,Sports,251.74,1,0.0,251.74,Digital Wallet,Desktop,5,10,False,10,5,5,0
1597,2023-05-30,27,Male,Adana,Toys,149.08,3,24.28,422.96,Credit Card,Mobile,8,8,False,11,4,5,1
1598,2023-05-30,19,Female,Istanbul,Food,103.11,4,12.37,400.07,Credit Card,Desktop,27,8,False,6,5,5,1
1599,2023-05-30,39,Male,Antalya,Food,253.81,1,28.16,225.65,Debit Card,Desktop,14,8,False,4,5,5,1
1600,2023-05-30,50,Male,Konya,Fashion,306.31,1,0.0,306.31,Debit Card,Mobile,10,8,True,3,5,5,1
1601,2023-05-30,47,Female,Istanbul,Beauty,155.29,5,14.37,762.08,Bank Transfer,Mobile,16,8,True,4,5,5,1
1602,2023-05-30,32,Female,Adana,Fashion,482.63,5,0.0,2413.15,Bank Transfer,Desktop,15,9,True,3,5,5,1
1603,2023-05-30,28,Male,Ankara,Electronics,3227.59,5,0.0,16137.95,Credit Card,Mobile,13,15,False,10,2,5,1
1604,2023-05-30,41,Male,Antalya,Electronics,790.29,1,0.0,790.29,Debit Card,Desktop,28,10,True,11,4,5,1
1605,2023-05-30,26,Female,Ankara,Electronics,1129.19,2,0.0,2258.38,Debit Card,Desktop,2,13,True,10,4,5,1
1606,2023-05-30,46,Male,Ankara,Beauty,127.94,3,0.0,383.82,Credit Card,Desktop,26,5,True,6,5,5,1
1607,2023-05-30,31,Male,Bursa,Toys,192.95,3,0.0,578.85,Debit Card,Mobile,15,9,True,6,2,5,1
1608,2023-05-31,33,Male,Antalya,Sports,247.05,1,0.0,247.05,Debit Card,Mobile,12,14,True,10,2,5,2
1609,2023-05-31,31,Female,Konya,Fashion,309.85,1,0.0,309.85,Debit Card,Mobile,4,9,True,10,5,5,2
1610,2023-05-31,20,Female,Antalya,Books,84.6,3,0.0,253.8,Bank Transfer,Desktop,21,7,False,2,5,5,2
1611,2023-05-31,40,Female,Konya,Electronics,1321.46,4,0.0,5285.84,Digital Wallet,Tablet,13,7,True,8,3,5,2
1612,2023-05-31,47,Female,Izmir,Electronics,3208.37,1,595.11,2613.26,Credit Card,Tablet,14,13,True,5,3,5,2
1613,2023-05-31,19,Female,Eskisehir,Toys,525.71,3,0.0,1577.13,Credit Card,Mobile,15,10,False,6,3,5,2
1614,2023-05-31,51,Male,Kayseri,Toys,61.63,3,0.0,184.89,Digital Wallet,Desktop,2,5,True,8,4,5,2
1615,2023-06-01,32,Female,Istanbul,Toys,73.0,5,0.0,365.0,Credit Card,Desktop,9,8,True,6,4,6,3
1616,2023-06-01,28,Female,Ankara,Books,38.04,5,3.88,186.32,Digital Wallet,Tablet,8,6,False,5,4,6,3
1617,2023-06-01,30,Male,Eskisehir,Electronics,1458.12,2,0.0,2916.24,Bank Transfer,Mobile,13,8,True,10,4,6,3
1618,2023-06-01,41,Female,Ankara,Home & Garden,914.77,1,46.33,868.44,Bank Transfer,Desktop,20,9,False,9,3,6,3
1619,2023-06-01,30,Female,Konya,Food,121.47,1,12.15,109.32,Credit Card,Desktop,13,9,True,3,5,6,3
1620,2023-06-01,36,Male,Antalya,Food,123.88,2,23.04,224.72,Digital Wallet,Mobile,21,7,False,9,5,6,3
1621,2023-06-01,37,Female,Adana,Food,76.02,1,16.01,60.01,Cash on Delivery,Mobile,19,7,False,10,3,6,3
1622,2023-06-01,23,Male,Kayseri,Toys,106.44,2,23.97,188.91,Debit Card,Desktop,12,16,False,5,2,6,3
1623,2023-06-01,44,Female,Izmir,Sports,352.01,2,0.0,704.02,Digital Wallet,Desktop,11,7,False,4,4,6,3
1624,2023-06-01,24,Male,Istanbul,Books,33.29,1,0.0,33.29,Digital Wallet,Mobile,10,5,True,3,5,6,3
1625,2023-06-01,49,Male,Izmir,Fashion,525.58,1,0.0,525.58,Bank Transfer,Mobile,3,6,False,4,1,6,3
1626,2023-06-01,45,Female,Izmir,Sports,330.4,1,0.0,330.4,Credit Card,Desktop,10,6,True,5,4,6,3
1627,2023-06-01,22,Female,Gaziantep,Food,8.92,1,0.0,8.92,Credit Card,Desktop,11,7,True,2,4,6,3
1628,2023-06-01,35,Female,Istanbul,Beauty,45.69,1,11.01,34.68,Credit Card,Tablet,12,11,True,11,3,6,3
1629,2023-06-01,45,Male,Gaziantep,Toys,241.65,5,31.71,1176.54,Debit Card,Desktop,7,6,True,7,3,6,3
1630,2023-06-02,40,Male,Izmir,Toys,105.56,2,0.0,211.12,Credit Card,Tablet,19,9,True,4,5,6,4
1631,2023-06-02,61,Female,Bursa,Fashion,219.13,1,0.0,219.13,Debit Card,Desktop,20,8,False,7,4,6,4
1632,2023-06-02,23,Female,Antalya,Home & Garden,824.77,1,92.91,731.86,Credit Card,Mobile,8,13,True,2,4,6,4
1633,2023-06-02,24,Female,Kayseri,Sports,385.52,1,0.0,385.52,Debit Card,Mobile,10,6,True,9,2,6,4
1634,2023-06-02,18,Female,Bursa,Beauty,85.98,3,0.0,257.94,Credit Card,Desktop,16,10,True,12,3,6,4
1635,2023-06-02,64,Female,Izmir,Toys,195.28,1,0.0,195.28,Credit Card,Tablet,9,5,True,6,4,6,4
1636,2023-06-02,43,Male,Antalya,Sports,324.48,1,59.09,265.39,Debit Card,Mobile,14,11,True,5,2,6,4
1637,2023-06-02,37,Female,Eskisehir,Home & Garden,278.52,1,0.0,278.52,Digital Wallet,Mobile,3,6,False,12,2,6,4
1638,2023-06-02,35,Male,Konya,Home & Garden,766.0,1,0.0,766.0,Credit Card,Mobile,31,5,False,6,5,6,4
1639,2023-06-02,75,Male,Izmir,Toys,279.46,1,0.0,279.46,Digital Wallet,Tablet,18,10,True,6,4,6,4
1640,2023-06-02,41,Male,Ankara,Electronics,1361.17,1,0.0,1361.17,Credit Card,Mobile,19,13,False,5,4,6,4
1641,2023-06-03,27,Male,Kayseri,Books,86.24,1,14.83,71.41,Digital Wallet,Mobile,9,6,False,2,4,6,5
1642,2023-06-03,50,Male,Izmir,Books,66.46,1,4.63,61.83,Digital Wallet,Desktop,17,6,True,18,5,6,5
1643,2023-06-03,44,Male,Istanbul,Home & Garden,240.27,1,46.11,194.16,Credit Card,Mobile,16,8,True,7,3,6,5
1644,2023-06-03,40,Male,Adana,Books,51.5,2,0.0,103.0,Bank Transfer,Desktop,3,8,False,6,5,6,5
1645,2023-06-03,40,Male,Bursa,Toys,44.88,3,0.0,134.64,Credit Card,Mobile,5,8,True,11,4,6,5
1646,2023-06-03,18,Female,Istanbul,Beauty,250.31,4,48.83,952.41,Cash on Delivery,Mobile,8,4,True,5,3,6,5
1647,2023-06-03,25,Male,Adana,Fashion,154.06,1,0.0,154.06,Credit Card,Desktop,3,13,True,14,5,6,5
1648,2023-06-03,19,Male,Ankara,Beauty,132.39,1,0.0,132.39,Digital Wallet,Mobile,9,11,False,5,5,6,5
1649,2023-06-03,53,Female,Izmir,Sports,510.29,1,0.0,510.29,Credit Card,Mobile,22,8,True,6,4,6,5
1650,2023-06-03,31,Male,Istanbul,Beauty,188.15,1,36.8,151.35,Digital Wallet,Desktop,8,15,True,8,1,6,5
1651,2023-06-03,36,Male,Istanbul,Books,83.63,2,0.0,167.26,Credit Card,Mobile,9,13,False,5,5,6,5
1652,2023-06-03,33,Male,Bursa,Beauty,166.69,1,0.0,166.69,Debit Card,Mobile,4,8,False,7,4,6,5
1653,2023-06-03,45,Female,Antalya,Home & Garden,271.5,1,61.57,209.93,Debit Card,Mobile,15,18,False,3,5,6,5
1654,2023-06-03,29,Female,Adana,Books,93.7,1,0.0,93.7,Bank Transfer,Mobile,13,8,False,8,4,6,5
1655,2023-06-03,30,Female,Gaziantep,Electronics,274.95,4,0.0,1099.8,Debit Card,Desktop,13,8,True,5,4,6,5
1656,2023-06-03,18,Male,Istanbul,Books,45.63,4,0.0,182.52,Credit Card,Mobile,5,8,True,6,5,6,5
1657,2023-06-03,34,Male,Eskisehir,Sports,417.18,5,0.0,2085.9,Debit Card,Desktop,7,10,False,6,4,6,5
1658,2023-06-03,36,Male,Istanbul,Toys,125.12,3,0.0,375.36,Digital Wallet,Mobile,27,9,False,7,5,6,5
1659,2023-06-04,43,Female,Bursa,Food,37.34,4,3.78,145.58,Credit Card,Desktop,8,7,True,11,4,6,6
1660,2023-06-04,56,Male,Gaziantep,Toys,225.2,2,0.0,450.4,Digital Wallet,Mobile,11,5,True,6,5,6,6
1661,2023-06-04,21,Male,Adana,Books,121.67,1,0.0,121.67,Digital Wallet,Desktop,18,10,False,6,4,6,6
1662,2023-06-04,26,Male,Kayseri,Sports,1018.83,1,0.0,1018.83,Credit Card,Mobile,6,8,True,7,4,6,6
1663,2023-06-04,52,Male,Antalya,Home & Garden,235.8,5,0.0,1179.0,Cash on Delivery,Mobile,12,12,False,16,4,6,6
1664,2023-06-04,41,Male,Ankara,Beauty,122.22,4,0.0,488.88,Credit Card,Mobile,18,6,False,2,3,6,6
1665,2023-06-04,39,Female,Ankara,Books,50.15,1,0.0,50.15,Debit Card,Mobile,19,9,False,25,2,6,6
1666,2023-06-04,55,Male,Izmir,Fashion,452.39,5,77.57,2184.38,Digital Wallet,Mobile,11,6,True,9,4,6,6
1667,2023-06-04,22,Male,Istanbul,Home & Garden,730.66,1,0.0,730.66,Credit Card,Mobile,8,13,False,6,4,6,6
1668,2023-06-04,51,Male,Istanbul,Toys,101.73,5,0.0,508.65,Credit Card,Desktop,15,11,True,5,4,6,6
1669,2023-06-04,46,Male,Antalya,Electronics,1461.15,2,0.0,2922.3,Debit Card,Desktop,17,13,False,11,5,6,6
1670,2023-06-04,41,Female,Gaziantep,Books,53.15,5,0.0,265.75,Bank Transfer,Mobile,2,11,True,5,3,6,6
1671,2023-06-04,27,Female,Eskisehir,Sports,218.56,1,0.0,218.56,Credit Card,Desktop,14,14,True,9,4,6,6
1672,2023-06-04,27,Female,Istanbul,Food,59.29,1,0.0,59.29,Bank Transfer,Mobile,18,6,True,7,3,6,6
1673,2023-06-04,18,Male,Istanbul,Electronics,3463.03,5,215.85,17099.3,Digital Wallet,Desktop,20,5,True,4,4,6,6
1674,2023-06-05,28,Male,Antalya,Electronics,1682.35,3,0.0,5047.05,Credit Card,Mobile,10,8,False,2,3,6,0
1675,2023-06-05,44,Male,Eskisehir,Fashion,256.66,2,51.02,462.3,Bank Transfer,Desktop,23,8,True,9,4,6,0
1676,2023-06-05,23,Female,Bursa,Electronics,556.7,2,0.0,1113.4,Credit Card,Mobile,8,12,True,13,5,6,0
1677,2023-06-05,45,Female,Eskisehir,Home & Garden,813.32,2,0.0,1626.64,Cash on Delivery,Desktop,26,9,False,12,4,6,0
1678,2023-06-05,25,Male,Bursa,Food,71.58,2,14.38,128.78,Credit Card,Desktop,29,9,True,13,5,6,0
1679,2023-06-05,34,Male,Istanbul,Sports,254.43,1,0.0,254.43,Credit Card,Mobile,33,9,False,11,5,6,0
1680,2023-06-05,34,Male,Istanbul,Electronics,1902.71,2,0.0,3805.42,Cash on Delivery,Mobile,10,9,True,4,5,6,0
1681,2023-06-05,30,Male,Adana,Home & Garden,584.55,1,0.0,584.55,Debit Card,Tablet,6,12,False,5,5,6,0
1682,2023-06-05,34,Other,Istanbul,Sports,557.95,1,0.0,557.95,Digital Wallet,Mobile,12,7,True,10,3,6,0
1683,2023-06-05,40,Female,Ankara,Home & Garden,482.18,2,0.0,964.36,Digital Wallet,Desktop,22,7,True,8,4,6,0
1684,2023-06-05,18,Female,Konya,Food,89.62,1,20.81,68.81,Credit Card,Tablet,16,8,False,6,3,6,0
1685,2023-06-05,63,Male,Istanbul,Home & Garden,320.11,1,27.05,293.06,Debit Card,Mobile,11,6,True,12,1,6,0
1686,2023-06-06,24,Male,Adana,Books,69.48,1,0.0,69.48,Credit Card,Desktop,12,7,True,12,4,6,1
1687,2023-06-06,47,Male,Antalya,Home & Garden,269.47,1,0.0,269.47,Digital Wallet,Desktop,4,9,True,3,5,6,1
1688,2023-06-06,38,Male,Bursa,Beauty,31.06,1,0.0,31.06,Digital Wallet,Mobile,23,10,True,3,4,6,1
1689,2023-06-06,28,Female,Istanbul,Fashion,385.53,1,0.0,385.53,Credit Card,Mobile,14,9,False,2,4,6,1
1690,2023-06-06,43,Male,Eskisehir,Home & Garden,727.64,2,100.1,1355.18,Digital Wallet,Mobile,4,9,True,10,5,6,1
1691,2023-06-06,53,Female,Istanbul,Sports,307.38,1,0.0,307.38,Digital Wallet,Desktop,41,7,False,4,5,6,1
1692,2023-06-06,36,Female,Istanbul,Electronics,1407.33,4,323.25,5306.07,Credit Card,Tablet,28,7,False,6,4,6,1
1693,2023-06-07,35,Male,Istanbul,Toys,435.89,1,88.84,347.05,Debit Card,Mobile,17,8,True,5,5,6,2
1694,2023-06-07,45,Male,Izmir,Beauty,80.24,3,4.79,235.93,Debit Card,Mobile,26,6,True,5,4,6,2
1695,2023-06-07,21,Female,Ankara,Books,107.16,1,0.0,107.16,Digital Wallet,Mobile,14,6,True,2,4,6,2
1696,2023-06-07,21,Male,Izmir,Toys,94.67,3,0.0,284.01,Debit Card,Desktop,5,9,True,7,3,6,2
1697,2023-06-07,43,Female,Gaziantep,Fashion,117.25,4,0.0,469.0,Credit Card,Desktop,8,6,True,5,2,6,2
1698,2023-06-07,33,Female,Izmir,Beauty,64.79,1,0.0,64.79,Credit Card,Desktop,15,12,False,6,3,6,2
1699,2023-06-07,57,Female,Gaziantep,Toys,107.48,4,0.0,429.92,Debit Card,Mobile,5,6,True,9,4,6,2
1700,2023-06-07,18,Female,Istanbul,Food,62.36,4,0.0,249.44,Credit Card,Mobile,11,7,False,7,5,6,2
1701,2023-06-07,39,Female,Istanbul,Electronics,395.57,1,0.0,395.57,Cash on Delivery,Mobile,21,12,True,4,3,6,2
1702,2023-06-07,18,Female,Ankara,Sports,596.62,1,0.0,596.62,Digital Wallet,Mobile,35,11,False,7,5,6,2
1703,2023-06-07,20,Female,Konya,Electronics,440.47,1,0.0,440.47,Credit Card,Tablet,22,13,False,10,4,6,2
1704,2023-06-07,18,Male,Bursa,Beauty,137.16,1,0.0,137.16,Debit Card,Desktop,2,7,False,3,4,6,2
1705,2023-06-08,47,Female,Adana,Sports,611.83,5,91.08,2968.07,Credit Card,Mobile,4,6,True,8,3,6,3
1706,2023-06-08,46,Female,Istanbul,Toys,177.96,4,0.0,711.84,Bank Transfer,Mobile,8,9,False,1,2,6,3
1707,2023-06-08,43,Female,Bursa,Toys,99.37,2,0.0,198.74,Debit Card,Mobile,14,10,True,17,4,6,3
1708,2023-06-08,49,Female,Adana,Toys,609.35,3,0.0,1828.05,Digital Wallet,Desktop,24,9,True,6,3,6,3
1709,2023-06-08,23,Female,Ankara,Sports,332.47,3,18.49,978.92,Credit Card,Desktop,10,9,True,12,4,6,3
1710,2023-06-08,53,Male,Ankara,Fashion,90.94,2,15.11,166.77,Credit Card,Desktop,6,9,False,16,4,6,3
1711,2023-06-08,56,Female,Adana,Electronics,1014.5,4,0.0,4058.0,Debit Card,Desktop,42,11,False,5,4,6,3
1712,2023-06-08,26,Male,Adana,Beauty,168.0,3,33.8,470.2,Debit Card,Desktop,28,10,False,7,1,6,3
1713,2023-06-08,40,Male,Istanbul,Fashion,920.82,2,0.0,1841.64,Debit Card,Tablet,12,9,True,10,4,6,3
1714,2023-06-08,22,Female,Istanbul,Beauty,89.99,4,0.0,359.96,Digital Wallet,Desktop,5,8,True,4,4,6,3
1715,2023-06-08,38,Female,Istanbul,Toys,368.91,1,0.0,368.91,Credit Card,Desktop,26,8,True,5,5,6,3
1716,2023-06-08,23,Female,Izmir,Beauty,48.95,1,0.0,48.95,Debit Card,Mobile,11,9,True,9,4,6,3
1717,2023-06-08,53,Female,Adana,Sports,226.36,1,0.0,226.36,Debit Card,Mobile,14,11,False,7,4,6,3
1718,2023-06-08,40,Female,Ankara,Home & Garden,581.77,3,92.85,1652.46,Debit Card,Mobile,8,14,False,5,5,6,3
1719,2023-06-08,32,Male,Bursa,Electronics,836.34,1,0.0,836.34,Credit Card,Tablet,18,8,False,12,4,6,3
1720,2023-06-09,39,Female,Bursa,Food,93.45,1,0.0,93.45,Credit Card,Desktop,8,10,False,10,5,6,4
1721,2023-06-09,39,Male,Ankara,Fashion,76.2,1,4.53,71.67,Credit Card,Mobile,7,5,True,7,5,6,4
1722,2023-06-09,48,Male,Izmir,Sports,720.91,1,0.0,720.91,Debit Card,Mobile,6,9,False,3,4,6,4
1723,2023-06-09,18,Male,Bursa,Sports,647.56,4,170.55,2419.69,Bank Transfer,Mobile,4,9,False,6,4,6,4
1724,2023-06-09,18,Female,Ankara,Electronics,411.22,4,0.0,1644.88,Credit Card,Mobile,7,9,True,10,4,6,4
1725,2023-06-09,48,Female,Konya,Home & Garden,949.2,2,0.0,1898.4,Credit Card,Mobile,11,9,True,7,5,6,4
1726,2023-06-09,20,Female,Gaziantep,Food,44.35,3,0.0,133.05,Debit Card,Desktop,8,10,True,7,4,6,4
1727,2023-06-09,45,Female,Bursa,Food,62.49,2,0.0,124.98,Credit Card,Desktop,11,6,False,3,4,6,4
1728,2023-06-09,32,Female,Istanbul,Electronics,1701.39,1,0.0,1701.39,Bank Transfer,Tablet,45,8,True,5,5,6,4
1729,2023-06-10,38,Female,Ankara,Sports,249.82,3,0.0,749.46,Cash on Delivery,Mobile,20,7,True,5,4,6,5
1730,2023-06-10,21,Male,Istanbul,Books,51.08,5,0.0,255.4,Digital Wallet,Mobile,23,8,False,7,5,6,5
1731,2023-06-10,39,Female,Bursa,Home & Garden,1297.64,1,0.0,1297.64,Debit Card,Mobile,13,7,True,7,2,6,5
1732,2023-06-10,34,Female,Istanbul,Home & Garden,1053.13,1,0.0,1053.13,Debit Card,Mobile,11,4,True,7,4,6,5
1733,2023-06-10,21,Female,Konya,Home & Garden,453.66,1,72.83,380.83,Bank Transfer,Desktop,10,10,False,2,3,6,5
1734,2023-06-10,18,Female,Izmir,Sports,208.45,5,0.0,1042.25,Debit Card,Desktop,8,9,True,6,5,6,5
1735,2023-06-10,25,Male,Ankara,Books,69.62,5,0.0,348.1,Credit Card,Mobile,9,7,False,3,4,6,5
1736,2023-06-10,32,Male,Istanbul,Toys,78.56,4,0.0,314.24,Digital Wallet,Mobile,33,8,True,12,5,6,5
1737,2023-06-10,28,Female,Konya,Home & Garden,174.49,4,0.0,697.96,Bank Transfer,Mobile,11,5,True,6,4,6,5
1738,2023-06-10,33,Female,Ankara,Books,53.32,5,0.0,266.6,Credit Card,Desktop,15,6,True,2,1,6,5
1739,2023-06-10,32,Female,Kayseri,Books,15.98,1,0.0,15.98,Debit Card,Desktop,18,5,True,12,4,6,5
1740,2023-06-10,54,Male,Adana,Electronics,2017.8,1,0.0,2017.8,Credit Card,Desktop,13,7,True,13,4,6,5
1741,2023-06-10,52,Female,Gaziantep,Toys,129.1,4,0.0,516.4,Digital Wallet,Mobile,6,7,False,7,5,6,5
1742,2023-06-10,18,Male,Istanbul,Toys,314.82,5,34.23,1539.87,Bank Transfer,Mobile,18,12,True,1,3,6,5
1743,2023-06-10,38,Female,Gaziantep,Home & Garden,1123.05,1,0.0,1123.05,Debit Card,Tablet,30,14,True,7,4,6,5
1744,2023-06-10,52,Female,Istanbul,Toys,75.86,2,0.0,151.72,Credit Card,Desktop,10,9,False,11,2,6,5
1745,2023-06-10,33,Male,Izmir,Fashion,718.68,1,0.0,718.68,Digital Wallet,Desktop,10,7,True,8,2,6,5
1746,2023-06-10,30,Female,Istanbul,Sports,228.28,3,0.0,684.84,Credit Card,Mobile,3,12,True,7,4,6,5
1747,2023-06-11,18,Male,Bursa,Home & Garden,375.52,1,0.0,375.52,Credit Card,Mobile,7,8,False,2,4,6,6
1748,2023-06-11,31,Female,Istanbul,Electronics,836.04,5,0.0,4180.2,Debit Card,Desktop,8,10,False,8,5,6,6
1749,2023-06-11,28,Male,Ankara,Food,93.22,5,0.0,466.1,Credit Card,Mobile,13,6,True,2,1,6,6
1750,2023-06-11,18,Female,Antalya,Beauty,48.91,4,0.0,195.64,Credit Card,Mobile,20,7,True,2,4,6,6
1751,2023-06-11,42,Male,Konya,Toys,386.28,1,0.0,386.28,Credit Card,Desktop,16,5,False,3,4,6,6
1752,2023-06-11,46,Male,Izmir,Fashion,369.08,1,0.0,369.08,Debit Card,Mobile,19,19,True,6,4,6,6
1753,2023-06-11,33,Female,Antalya,Food,91.86,5,21.65,437.65,Digital Wallet,Mobile,5,6,False,7,1,6,6
1754,2023-06-11,53,Female,Istanbul,Food,176.88,1,0.0,176.88,Credit Card,Desktop,9,5,True,4,4,6,6
1755,2023-06-11,23,Female,Istanbul,Home & Garden,1754.61,3,0.0,5263.83,Debit Card,Mobile,12,8,True,5,5,6,6
1756,2023-06-11,38,Male,Izmir,Food,166.67,5,0.0,833.35,Debit Card,Desktop,10,7,True,5,4,6,6
1757,2023-06-11,39,Female,Adana,Beauty,110.03,1,0.0,110.03,Bank Transfer,Mobile,8,13,True,8,5,6,6
1758,2023-06-11,46,Male,Izmir,Home & Garden,1302.22,1,0.0,1302.22,Debit Card,Desktop,10,11,False,6,5,6,6
1759,2023-06-12,22,Female,Istanbul,Electronics,2162.24,1,0.0,2162.24,Credit Card,Mobile,6,7,True,3,4,6,0
1760,2023-06-12,33,Male,Izmir,Food,19.1,1,0.0,19.1,Digital Wallet,Mobile,8,9,False,5,4,6,0
1761,2023-06-12,44,Female,Kayseri,Electronics,4051.08,1,0.0,4051.08,Digital Wallet,Mobile,2,13,False,6,4,6,0
1762,2023-06-12,46,Male,Gaziantep,Fashion,294.76,1,48.33,246.43,Credit Card,Mobile,6,8,True,8,4,6,0
1763,2023-06-12,33,Male,Ankara,Beauty,144.91,1,0.0,144.91,Debit Card,Mobile,11,8,True,2,2,6,0
1764,2023-06-12,23,Female,Bursa,Electronics,572.98,1,0.0,572.98,Digital Wallet,Tablet,10,11,False,2,3,6,0
1765,2023-06-12,26,Male,Ankara,Toys,256.84,1,56.56,200.28,Credit Card,Mobile,20,5,False,5,3,6,0
1766,2023-06-12,38,Male,Istanbul,Electronics,1912.51,2,0.0,3825.02,Credit Card,Tablet,20,13,True,4,4,6,0
1767,2023-06-13,18,Female,Ankara,Sports,822.07,2,0.0,1644.14,Debit Card,Mobile,18,10,True,2,1,6,1
1768,2023-06-13,38,Female,Istanbul,Home & Garden,503.38,3,78.44,1431.7,Credit Card,Mobile,11,6,True,12,5,6,1
1769,2023-06-13,43,Female,Kayseri,Food,121.93,1,21.91,100.02,Credit Card,Desktop,4,9,True,5,3,6,1
1770,2023-06-13,52,Male,Istanbul,Home & Garden,580.26,1,0.0,580.26,Digital Wallet,Desktop,11,7,False,6,5,6,1
1771,2023-06-13,35,Female,Izmir,Beauty,265.39,3,0.0,796.17,Bank Transfer,Mobile,25,11,False,10,5,6,1
1772,2023-06-13,36,Female,Gaziantep,Fashion,702.39,2,0.0,1404.78,Credit Card,Desktop,24,8,False,1,4,6,1
1773,2023-06-13,28,Male,Eskisehir,Food,116.47,3,0.0,349.41,Credit Card,Mobile,48,7,False,12,4,6,1
1774,2023-06-13,32,Male,Istanbul,Beauty,183.13,4,20.37,712.15,Credit Card,Desktop,25,8,False,8,5,6,1
1775,2023-06-13,55,Female,Ankara,Sports,419.21,4,41.12,1635.72,Bank Transfer,Mobile,11,9,False,4,4,6,1
1776,2023-06-13,41,Female,Izmir,Home & Garden,678.07,1,0.0,678.07,Credit Card,Mobile,8,8,True,5,2,6,1
1777,2023-06-13,44,Male,Istanbul,Fashion,83.48,2,0.0,166.96,Digital Wallet,Desktop,4,6,False,4,4,6,1
1778,2023-06-13,23,Male,Bursa,Books,39.58,5,0.0,197.9,Debit Card,Mobile,4,10,True,6,2,6,1
1779,2023-06-14,39,Male,Istanbul,Books,109.38,1,20.77,88.61,Digital Wallet,Desktop,4,14,False,6,5,6,2
1780,2023-06-14,18,Female,Adana,Home & Garden,601.1,1,0.0,601.1,Credit Card,Mobile,18,12,False,3,4,6,2
1781,2023-06-14,46,Male,Konya,Toys,116.5,2,10.0,223.0,Digital Wallet,Mobile,15,11,False,11,3,6,2
1782,2023-06-14,31,Male,Istanbul,Toys,120.42,5,0.0,602.1,Digital Wallet,Mobile,12,12,True,2,2,6,2
1783,2023-06-14,46,Female,Istanbul,Beauty,84.03,4,0.0,336.12,Credit Card,Mobile,11,8,True,4,4,6,2
1784,2023-06-14,18,Male,Kayseri,Electronics,4715.13,1,1068.79,3646.34,Credit Card,Desktop,15,10,False,5,5,6,2
1785,2023-06-14,18,Female,Adana,Toys,327.82,1,0.0,327.82,Credit Card,Desktop,28,13,False,6,4,6,2
1786,2023-06-14,42,Male,Gaziantep,Food,146.07,1,0.0,146.07,Cash on Delivery,Mobile,16,10,True,3,1,6,2
1787,2023-06-14,40,Female,Izmir,Electronics,1737.88,1,0.0,1737.88,Digital Wallet,Mobile,6,6,True,9,5,6,2
1788,2023-06-14,24,Male,Ankara,Electronics,1768.86,2,0.0,3537.72,Credit Card,Desktop,15,12,False,6,5,6,2
1789,2023-06-14,43,Male,Istanbul,Home & Garden,1657.63,3,0.0,4972.89,Digital Wallet,Mobile,26,7,False,4,5,6,2
1790,2023-06-14,40,Male,Izmir,Fashion,74.94,4,0.0,299.76,Bank Transfer,Mobile,1,8,False,10,5,6,2
1791,2023-06-15,51,Female,Istanbul,Toys,353.48,3,103.53,956.91,Credit Card,Mobile,9,12,True,4,3,6,3
1792,2023-06-15,29,Male,Izmir,Sports,377.34,3,0.0,1132.02,Credit Card,Mobile,22,4,False,3,4,6,3
1793,2023-06-15,41,Other,Gaziantep,Food,53.41,2,0.0,106.82,Cash on Delivery,Desktop,23,10,True,9,5,6,3
1794,2023-06-15,21,Male,Konya,Food,43.97,1,7.54,36.43,Credit Card,Tablet,11,11,True,3,5,6,3
1795,2023-06-15,18,Male,Istanbul,Fashion,242.41,2,0.0,484.82,Bank Transfer,Mobile,11,9,True,5,3,6,3
1796,2023-06-15,55,Male,Istanbul,Beauty,42.96,2,0.0,85.92,Digital Wallet,Mobile,10,8,True,5,5,6,3
1797,2023-06-15,23,Female,Ankara,Food,90.08,3,0.0,270.24,Debit Card,Mobile,9,5,True,5,5,6,3
1798,2023-06-15,47,Female,Antalya,Electronics,988.12,3,0.0,2964.36,Debit Card,Mobile,7,9,True,10,3,6,3
1799,2023-06-15,21,Male,Bursa,Beauty,151.5,1,0.0,151.5,Bank Transfer,Desktop,32,9,True,2,5,6,3
1800,2023-06-15,42,Male,Ankara,Home & Garden,797.83,5,0.0,3989.15,Cash on Delivery,Mobile,16,10,False,4,2,6,3
1801,2023-06-16,27,Female,Ankara,Toys,542.1,1,0.0,542.1,Credit Card,Mobile,9,9,False,4,5,6,4
1802,2023-06-16,39,Male,Izmir,Toys,116.29,4,0.0,465.16,Bank Transfer,Mobile,1,10,False,5,5,6,4
1803,2023-06-16,48,Female,Eskisehir,Beauty,89.98,1,0.0,89.98,Digital Wallet,Desktop,9,9,False,14,2,6,4
1804,2023-06-16,23,Male,Istanbul,Food,94.35,3,0.0,283.05,Cash on Delivery,Mobile,11,9,True,9,3,6,4
1805,2023-06-16,37,Male,Kayseri,Beauty,53.1,1,0.0,53.1,Credit Card,Tablet,13,11,True,7,5,6,4
1806,2023-06-16,25,Female,Istanbul,Home & Garden,866.95,1,109.27,757.68,Credit Card,Mobile,4,8,False,4,5,6,4
1807,2023-06-16,30,Male,Kayseri,Beauty,36.21,1,8.32,27.89,Digital Wallet,Desktop,15,7,True,7,1,6,4
1808,2023-06-16,56,Male,Ankara,Toys,135.83,2,0.0,271.66,Debit Card,Desktop,14,5,True,15,5,6,4
1809,2023-06-16,18,Male,Kayseri,Home & Garden,145.82,2,0.0,291.64,Debit Card,Mobile,22,10,False,5,4,6,4
1810,2023-06-16,36,Male,Ankara,Food,67.47,5,12.01,325.34,Credit Card,Tablet,7,11,False,4,4,6,4
1811,2023-06-17,60,Male,Kayseri,Toys,171.19,2,0.0,342.38,Credit Card,Mobile,22,10,False,6,5,6,5
1812,2023-06-17,49,Female,Izmir,Electronics,258.63,5,0.0,1293.15,Debit Card,Mobile,16,7,True,5,4,6,5
1813,2023-06-17,49,Male,Istanbul,Fashion,100.72,1,0.0,100.72,Bank Transfer,Desktop,8,9,True,1,2,6,5
1814,2023-06-17,29,Female,Konya,Food,108.75,1,0.0,108.75,Credit Card,Mobile,19,8,True,1,1,6,5
1815,2023-06-17,38,Female,Konya,Electronics,3410.86,1,275.17,3135.69,Debit Card,Desktop,4,13,True,6,1,6,5
1816,2023-06-17,46,Male,Kayseri,Electronics,915.38,1,117.7,797.68,Credit Card,Mobile,6,10,True,7,4,6,5
1817,2023-06-17,38,Female,Eskisehir,Food,103.76,1,0.0,103.76,Digital Wallet,Mobile,21,10,False,6,2,6,5
1818,2023-06-17,41,Female,Konya,Electronics,536.62,1,91.72,444.9,Bank Transfer,Desktop,9,10,True,4,5,6,5
1819,2023-06-17,33,Male,Bursa,Electronics,965.21,1,191.57,773.64,Bank Transfer,Mobile,13,6,True,5,5,6,5
1820,2023-06-17,18,Male,Ankara,Food,70.79,4,0.0,283.16,Credit Card,Mobile,8,11,True,2,3,6,5
1821,2023-06-17,52,Female,Ankara,Food,158.29,1,0.0,158.29,Digital Wallet,Tablet,17,11,True,5,4,6,5
1822,2023-06-17,20,Female,Izmir,Electronics,1592.95,4,0.0,6371.8,Credit Card,Mobile,10,12,False,6,4,6,5
1823,2023-06-17,50,Female,Gaziantep,Books,45.08,5,0.0,225.4,Debit Card,Desktop,20,8,True,4,4,6,5
1824,2023-06-17,49,Male,Antalya,Toys,128.92,2,0.0,257.84,Debit Card,Desktop,33,9,True,5,3,6,5
1825,2023-06-17,49,Male,Izmir,Beauty,135.1,5,13.74,661.76,Debit Card,Mobile,23,11,True,1,5,6,5
1826,2023-06-17,32,Female,Istanbul,Books,50.68,1,0.0,50.68,Digital Wallet,Desktop,16,13,True,5,3,6,5
1827,2023-06-17,42,Male,Eskisehir,Fashion,707.16,4,117.56,2711.08,Debit Card,Mobile,21,9,True,4,4,6,5
1828,2023-06-18,26,Female,Konya,Toys,83.07,4,0.0,332.28,Credit Card,Mobile,23,7,False,7,5,6,6
1829,2023-06-18,38,Male,Izmir,Food,129.11,1,0.0,129.11,Credit Card,Desktop,12,8,True,7,2,6,6
1830,2023-06-18,54,Male,Bursa,Toys,394.49,1,0.0,394.49,Debit Card,Desktop,15,14,True,4,5,6,6
1831,2023-06-18,53,Male,Ankara,Books,50.09,1,4.69,45.4,Credit Card,Tablet,8,6,True,11,5,6,6
1832,2023-06-18,35,Male,Ankara,Books,88.95,1,20.08,68.87,Credit Card,Tablet,2,5,True,6,2,6,6
1833,2023-06-18,39,Male,Bursa,Home & Garden,473.33,1,0.0,473.33,Debit Card,Mobile,20,9,True,8,5,6,6
1834,2023-06-18,39,Female,Istanbul,Toys,104.19,4,0.0,416.76,Debit Card,Desktop,10,11,False,7,3,6,6
1835,2023-06-18,49,Female,Konya,Beauty,27.83,3,0.0,83.49,Bank Transfer,Tablet,22,6,True,2,5,6,6
1836,2023-06-18,26,Female,Istanbul,Beauty,35.49,2,0.0,70.98,Cash on Delivery,Desktop,17,7,False,4,3,6,6
1837,2023-06-18,72,Male,Izmir,Electronics,699.89,2,0.0,1399.78,Digital Wallet,Desktop,6,12,False,5,5,6,6
1838,2023-06-19,53,Female,Bursa,Books,121.83,1,0.0,121.83,Debit Card,Mobile,19,7,False,5,3,6,0
1839,2023-06-19,40,Female,Adana,Toys,282.26,4,63.44,1065.6,Digital Wallet,Mobile,22,9,True,4,5,6,0
1840,2023-06-19,33,Male,Istanbul,Books,75.91,5,0.0,379.55,Bank Transfer,Desktop,7,8,False,3,3,6,0
1841,2023-06-19,37,Female,Eskisehir,Food,39.2,4,8.24,148.56,Digital Wallet,Desktop,21,11,False,2,5,6,0
1842,2023-06-19,43,Male,Istanbul,Food,37.26,5,3.55,182.75,Credit Card,Mobile,11,9,True,2,1,6,0
1843,2023-06-19,49,Female,Izmir,Food,83.37,2,0.0,166.74,Cash on Delivery,Mobile,21,8,False,6,5,6,0
1844,2023-06-19,58,Female,Ankara,Sports,236.11,2,0.0,472.22,Credit Card,Tablet,13,8,False,10,4,6,0
1845,2023-06-19,43,Male,Antalya,Home & Garden,702.02,2,104.29,1299.75,Digital Wallet,Tablet,12,11,True,6,5,6,0
1846,2023-06-19,32,Male,Gaziantep,Toys,160.07,3,0.0,480.21,Digital Wallet,Desktop,15,9,False,11,5,6,0
1847,2023-06-19,39,Male,Istanbul,Books,83.3,4,0.0,333.2,Digital Wallet,Mobile,3,7,False,5,5,6,0
1848,2023-06-19,28,Female,Ankara,Books,21.03,2,0.0,42.06,Digital Wallet,Mobile,23,11,False,4,5,6,0
1849,2023-06-19,37,Female,Eskisehir,Food,21.38,2,0.0,42.76,Digital Wallet,Mobile,16,16,True,5,4,6,0
1850,2023-06-19,42,Female,Gaziantep,Beauty,61.95,3,0.0,185.85,Debit Card,Mobile,18,12,True,5,5,6,0
1851,2023-06-19,32,Male,Izmir,Fashion,355.19,1,26.1,329.09,Bank Transfer,Desktop,7,7,True,5,5,6,0
1852,2023-06-19,45,Female,Izmir,Sports,261.44,1,0.0,261.44,Digital Wallet,Mobile,25,7,False,8,3,6,0
1853,2023-06-20,31,Male,Istanbul,Books,38.68,3,0.0,116.04,Credit Card,Mobile,4,7,True,3,5,6,1
1854,2023-06-20,47,Female,Ankara,Home & Garden,520.4,3,0.0,1561.2,Debit Card,Mobile,22,10,True,10,4,6,1
1855,2023-06-20,45,Male,Ankara,Beauty,138.4,1,38.46,99.94,Digital Wallet,Desktop,12,6,True,7,5,6,1
1856,2023-06-20,48,Male,Ankara,Toys,122.25,5,0.0,611.25,Debit Card,Tablet,4,4,False,6,2,6,1
1857,2023-06-20,35,Female,Antalya,Beauty,203.55,2,45.0,362.1,Cash on Delivery,Mobile,28,4,True,23,4,6,1
1858,2023-06-20,40,Male,Ankara,Books,52.96,3,0.0,158.88,Debit Card,Mobile,23,9,False,3,4,6,1
1859,2023-06-20,28,Male,Ankara,Electronics,764.24,2,0.0,1528.48,Digital Wallet,Mobile,11,2,True,6,4,6,1
1860,2023-06-20,45,Male,Adana,Electronics,3857.82,2,0.0,7715.64,Credit Card,Desktop,23,10,True,3,5,6,1
1861,2023-06-20,18,Female,Eskisehir,Electronics,1711.78,1,0.0,1711.78,Credit Card,Mobile,8,7,True,7,3,6,1
1862,2023-06-20,35,Male,Adana,Books,29.29,2,0.0,58.58,Credit Card,Mobile,10,10,False,6,1,6,1
1863,2023-06-20,47,Male,Eskisehir,Fashion,179.91,2,0.0,359.82,Digital Wallet,Desktop,11,8,False,10,5,6,1
1864,2023-06-21,40,Male,Gaziantep,Books,29.36,2,0.0,58.72,Credit Card,Mobile,30,5,False,13,4,6,2
1865,2023-06-21,24,Male,Istanbul,Food,21.55,1,0.0,21.55,Credit Card,Desktop,18,7,True,7,4,6,2
1866,2023-06-21,29,Male,Istanbul,Books,76.52,5,20.14,362.46,Digital Wallet,Mobile,43,7,True,11,3,6,2
1867,2023-06-21,26,Male,Istanbul,Food,54.73,2,0.0,109.46,Credit Card,Mobile,23,10,True,4,5,6,2
1868,2023-06-21,23,Male,Antalya,Fashion,274.67,2,0.0,549.34,Credit Card,Mobile,24,16,False,2,4,6,2
1869,2023-06-21,39,Female,Ankara,Fashion,174.28,1,20.06,154.22,Digital Wallet,Mobile,18,11,False,5,5,6,2
1870,2023-06-21,42,Male,Eskisehir,Toys,81.15,1,0.0,81.15,Credit Card,Desktop,22,16,True,8,1,6,2
1871,2023-06-21,36,Female,Adana,Home & Garden,308.86,2,0.0,617.72,Credit Card,Mobile,4,5,False,4,5,6,2
1872,2023-06-22,24,Male,Istanbul,Electronics,1915.1,4,494.05,7166.35,Digital Wallet,Mobile,2,15,True,16,5,6,3
1873,2023-06-22,39,Male,Ankara,Toys,133.14,2,0.0,266.28,Credit Card,Mobile,7,11,True,2,5,6,3
1874,2023-06-22,51,Male,Gaziantep,Home & Garden,623.17,4,0.0,2492.68,Bank Transfer,Mobile,14,4,True,4,5,6,3
1875,2023-06-22,39,Male,Adana,Home & Garden,542.96,1,0.0,542.96,Credit Card,Desktop,33,9,False,9,5,6,3
1876,2023-06-22,52,Female,Istanbul,Beauty,32.82,1,0.0,32.82,Cash on Delivery,Desktop,2,7,True,3,2,6,3
1877,2023-06-22,29,Female,Istanbul,Electronics,711.37,1,0.0,711.37,Debit Card,Desktop,26,10,True,2,5,6,3
1878,2023-06-22,25,Male,Eskisehir,Beauty,147.08,1,16.97,130.11,Digital Wallet,Tablet,16,8,False,5,5,6,3
1879,2023-06-22,40,Male,Konya,Food,207.51,1,0.0,207.51,Credit Card,Mobile,4,4,True,9,2,6,3
1880,2023-06-22,48,Female,Gaziantep,Food,62.82,1,3.45,59.37,Bank Transfer,Mobile,1,6,True,9,4,6,3
1881,2023-06-22,50,Female,Istanbul,Fashion,139.9,2,0.0,279.8,Digital Wallet,Mobile,12,11,True,12,1,6,3
1882,2023-06-23,18,Female,Istanbul,Home & Garden,2811.21,4,0.0,11244.84,Credit Card,Desktop,18,5,True,6,5,6,4
1883,2023-06-23,24,Female,Gaziantep,Beauty,63.25,2,0.0,126.5,Credit Card,Desktop,8,12,False,4,3,6,4
1884,2023-06-23,36,Female,Antalya,Beauty,51.6,1,0.0,51.6,Credit Card,Desktop,9,11,False,5,4,6,4
1885,2023-06-23,18,Female,Bursa,Electronics,2780.35,1,0.0,2780.35,Credit Card,Mobile,25,6,True,13,3,6,4
1886,2023-06-23,22,Female,Kayseri,Toys,83.04,1,0.0,83.04,Debit Card,Desktop,3,7,True,22,5,6,4
1887,2023-06-23,32,Female,Istanbul,Books,84.6,1,0.0,84.6,Digital Wallet,Mobile,17,8,True,2,3,6,4
1888,2023-06-23,39,Male,Antalya,Electronics,890.91,1,0.0,890.91,Debit Card,Desktop,8,8,True,13,5,6,4
1889,2023-06-23,26,Female,Konya,Toys,114.39,1,0.0,114.39,Debit Card,Tablet,5,18,True,5,4,6,4
1890,2023-06-23,41,Male,Antalya,Fashion,87.41,1,0.0,87.41,Credit Card,Mobile,16,9,True,9,3,6,4
1891,2023-06-23,18,Female,Istanbul,Electronics,982.15,1,179.19,802.96,Credit Card,Tablet,10,15,False,11,5,6,4
1892,2023-06-23,27,Male,Eskisehir,Home & Garden,181.56,2,0.0,363.12,Credit Card,Mobile,14,5,True,7,5,6,4
1893,2023-06-24,35,Male,Gaziantep,Toys,167.5,1,20.63,146.87,Digital Wallet,Mobile,6,10,True,5,5,6,5
1894,2023-06-24,40,Male,Istanbul,Home & Garden,613.96,2,161.18,1066.74,Debit Card,Desktop,23,16,False,8,3,6,5
1895,2023-06-24,18,Female,Istanbul,Beauty,49.35,3,0.0,148.05,Credit Card,Mobile,17,17,True,5,5,6,5
1896,2023-06-24,24,Female,Istanbul,Sports,389.34,5,72.7,1874.0,Digital Wallet,Mobile,29,8,True,13,4,6,5
1897,2023-06-24,38,Female,Eskisehir,Sports,417.71,1,0.0,417.71,Digital Wallet,Mobile,12,7,True,14,2,6,5
1898,2023-06-24,28,Female,Izmir,Books,29.61,1,0.0,29.61,Digital Wallet,Mobile,11,12,True,5,4,6,5
1899,2023-06-24,43,Male,Istanbul,Home & Garden,308.66,2,0.0,617.32,Cash on Delivery,Mobile,15,6,False,3,4,6,5
1900,2023-06-24,45,Male,Bursa,Toys,273.92,5,0.0,1369.6,Debit Card,Mobile,16,12,True,7,1,6,5
1901,2023-06-24,45,Female,Gaziantep,Fashion,224.13,1,47.75,176.38,Credit Card,Mobile,12,7,True,5,5,6,5
1902,2023-06-24,31,Female,Istanbul,Fashion,376.78,1,105.42,271.36,Cash on Delivery,Tablet,32,16,False,4,5,6,5
1903,2023-06-25,33,Male,Adana,Toys,92.78,2,0.0,185.56,Credit Card,Desktop,13,6,False,2,2,6,6
1904,2023-06-25,39,Male,Ankara,Fashion,172.78,1,22.52,150.26,Credit Card,Tablet,9,9,True,6,2,6,6
1905,2023-06-25,22,Female,Adana,Electronics,2148.32,2,0.0,4296.64,Digital Wallet,Desktop,28,8,True,6,5,6,6
1906,2023-06-25,26,Male,Gaziantep,Fashion,457.34,2,0.0,914.68,Debit Card,Tablet,23,11,False,11,3,6,6
1907,2023-06-25,45,Female,Izmir,Toys,56.64,1,0.0,56.64,Debit Card,Desktop,12,15,False,14,5,6,6
1908,2023-06-25,58,Male,Eskisehir,Food,16.09,1,0.0,16.09,Bank Transfer,Desktop,23,8,True,6,5,6,6
1909,2023-06-25,39,Male,Konya,Toys,335.9,2,0.0,671.8,Credit Card,Mobile,12,4,False,15,3,6,6
1910,2023-06-26,27,Female,Antalya,Beauty,102.73,1,0.0,102.73,Digital Wallet,Mobile,16,10,False,7,4,6,0
1911,2023-06-26,46,Male,Istanbul,Fashion,112.19,2,24.94,199.44,Debit Card,Mobile,14,6,True,7,5,6,0
1912,2023-06-26,48,Male,Izmir,Books,114.73,1,21.05,93.68,Credit Card,Desktop,12,13,False,5,2,6,0
1913,2023-06-26,20,Female,Izmir,Sports,112.66,4,0.0,450.64,Debit Card,Mobile,12,14,False,8,5,6,0
1914,2023-06-26,42,Male,Antalya,Toys,211.66,5,0.0,1058.3,Bank Transfer,Mobile,28,12,True,7,5,6,0
1915,2023-06-26,28,Male,Adana,Home & Garden,733.16,1,0.0,733.16,Digital Wallet,Desktop,34,5,True,6,4,6,0
1916,2023-06-26,18,Female,Istanbul,Fashion,281.19,3,0.0,843.57,Credit Card,Mobile,17,4,False,13,4,6,0
1917,2023-06-26,75,Male,Adana,Home & Garden,810.54,1,0.0,810.54,Debit Card,Mobile,12,6,False,3,5,6,0
1918,2023-06-26,36,Male,Istanbul,Sports,614.69,5,0.0,3073.45,Digital Wallet,Mobile,4,9,False,10,5,6,0
1919,2023-06-26,40,Female,Izmir,Electronics,4930.1,1,0.0,4930.1,Digital Wallet,Mobile,28,13,True,3,5,6,0
1920,2023-06-26,33,Female,Istanbul,Sports,637.66,3,88.26,1824.72,Digital Wallet,Mobile,4,6,False,13,4,6,0
1921,2023-06-26,18,Female,Konya,Sports,230.63,2,0.0,461.26,Cash on Delivery,Mobile,18,9,False,9,4,6,0
1922,2023-06-26,44,Male,Kayseri,Beauty,24.69,1,0.0,24.69,Credit Card,Desktop,9,7,False,11,5,6,0
1923,2023-06-27,24,Male,Istanbul,Beauty,50.22,1,3.22,47.0,Debit Card,Mobile,14,8,True,6,4,6,1
1924,2023-06-27,40,Male,Izmir,Books,69.11,2,0.0,138.22,Debit Card,Desktop,5,6,True,19,3,6,1
1925,2023-06-27,30,Female,Istanbul,Home & Garden,776.94,1,0.0,776.94,Credit Card,Mobile,10,11,True,5,2,6,1
1926,2023-06-27,40,Female,Istanbul,Sports,460.57,1,0.0,460.57,Digital Wallet,Mobile,26,6,True,2,4,6,1
1927,2023-06-27,36,Male,Istanbul,Beauty,253.91,1,0.0,253.91,Credit Card,Desktop,8,9,False,9,2,6,1
1928,2023-06-27,44,Female,Konya,Home & Garden,322.86,1,0.0,322.86,Bank Transfer,Mobile,14,14,True,5,3,6,1
1929,2023-06-27,38,Male,Izmir,Food,161.17,1,42.81,118.36,Credit Card,Desktop,25,7,False,4,5,6,1
1930,2023-06-27,46,Male,Izmir,Home & Garden,1627.62,4,0.0,6510.48,Bank Transfer,Desktop,9,8,True,3,4,6,1
1931,2023-06-28,30,Male,Istanbul,Books,47.44,2,11.43,83.45,Credit Card,Mobile,28,9,True,9,2,6,2
1932,2023-06-28,26,Male,Antalya,Electronics,178.47,4,23.22,690.66,Debit Card,Desktop,13,8,True,5,4,6,2
1933,2023-06-28,40,Male,Istanbul,Books,81.9,1,0.0,81.9,Digital Wallet,Mobile,11,6,False,9,3,6,2
1934,2023-06-28,58,Female,Istanbul,Food,36.1,3,0.0,108.3,Credit Card,Mobile,14,7,True,13,4,6,2
1935,2023-06-28,19,Male,Bursa,Fashion,149.36,1,12.34,137.02,Bank Transfer,Mobile,15,15,False,6,4,6,2
1936,2023-06-28,38,Female,Konya,Beauty,30.63,4,0.0,122.52,Credit Card,Mobile,21,4,False,2,4,6,2
1937,2023-06-28,22,Male,Bursa,Toys,205.83,1,0.0,205.83,Bank Transfer,Desktop,7,9,False,5,4,6,2
1938,2023-06-28,35,Male,Istanbul,Fashion,486.27,2,0.0,972.54,Credit Card,Desktop,12,4,True,8,4,6,2
1939,2023-06-28,18,Female,Istanbul,Home & Garden,325.39,1,64.6,260.79,Bank Transfer,Mobile,29,12,True,2,5,6,2
1940,2023-06-28,35,Male,Adana,Electronics,1220.46,1,0.0,1220.46,Digital Wallet,Desktop,5,10,True,4,5,6,2
1941,2023-06-29,37,Male,Izmir,Home & Garden,326.02,2,0.0,652.04,Digital Wallet,Mobile,6,12,False,8,4,6,3
1942,2023-06-29,32,Female,Ankara,Beauty,32.13,4,6.84,121.68,Debit Card,Mobile,1,10,True,6,4,6,3
1943,2023-06-29,33,Female,Ankara,Books,110.84,1,0.0,110.84,Credit Card,Mobile,15,17,False,7,4,6,3
1944,2023-06-29,22,Male,Konya,Home & Garden,697.41,1,0.0,697.41,Bank Transfer,Desktop,14,5,False,6,4,6,3
1945,2023-06-29,24,Female,Bursa,Fashion,232.86,1,0.0,232.86,Digital Wallet,Desktop,12,8,True,4,5,6,3
1946,2023-06-29,38,Female,Adana,Fashion,202.75,3,0.0,608.25,Credit Card,Mobile,8,12,False,17,5,6,3
1947,2023-06-29,32,Male,Bursa,Fashion,370.88,1,0.0,370.88,Digital Wallet,Mobile,16,11,True,5,5,6,3
1948,2023-06-29,42,Male,Ankara,Toys,150.49,1,0.0,150.49,Credit Card,Desktop,18,8,False,8,4,6,3
1949,2023-06-29,42,Male,Kayseri,Electronics,4183.24,2,0.0,8366.48,Debit Card,Desktop,9,11,True,5,5,6,3
1950,2023-06-29,55,Male,Izmir,Electronics,1374.93,1,0.0,1374.93,Cash on Delivery,Desktop,35,12,True,6,5,6,3
1951,2023-06-29,44,Male,Adana,Electronics,3012.98,4,303.03,11748.89,Credit Card,Mobile,16,8,False,5,1,6,3
1952,2023-06-29,39,Female,Istanbul,Fashion,177.03,2,0.0,354.06,Credit Card,Desktop,17,10,True,2,4,6,3
1953,2023-06-30,30,Female,Ankara,Fashion,308.9,5,0.0,1544.5,Debit Card,Mobile,9,16,False,5,5,6,4
1954,2023-06-30,52,Female,Istanbul,Sports,1024.11,1,0.0,1024.11,Digital Wallet,Mobile,6,13,True,5,5,6,4
1955,2023-06-30,72,Male,Istanbul,Electronics,690.38,1,0.0,690.38,Debit Card,Mobile,11,5,True,4,2,6,4
1956,2023-06-30,29,Female,Izmir,Food,60.45,5,7.94,294.31,Digital Wallet,Mobile,6,11,True,13,4,6,4
1957,2023-06-30,52,Male,Izmir,Books,17.75,3,0.0,53.25,Credit Card,Mobile,6,8,True,4,5,6,4
1958,2023-06-30,38,Male,Konya,Electronics,1844.87,2,103.93,3585.81,Credit Card,Tablet,9,10,False,7,4,6,4
1959,2023-06-30,34,Male,Izmir,Toys,76.88,3,0.0,230.64,Credit Card,Tablet,12,8,False,5,2,6,4
1960,2023-06-30,32,Female,Gaziantep,Food,57.74,3,0.0,173.22,Cash on Delivery,Mobile,12,9,True,7,3,6,4
1961,2023-06-30,18,Female,Istanbul,Home & Garden,477.16,3,74.59,1356.89,Credit Card,Mobile,15,11,True,8,4,6,4
1962,2023-06-30,49,Female,Istanbul,Food,12.63,4,0.0,50.52,Bank Transfer,Mobile,8,13,False,15,1,6,4
1963,2023-06-30,38,Female,Bursa,Electronics,1326.13,2,0.0,2652.26,Credit Card,Mobile,13,7,False,2,5,6,4
1964,2023-07-01,49,Male,Bursa,Electronics,489.75,2,0.0,979.5,Credit Card,Desktop,5,11,False,4,4,7,5
1965,2023-07-01,32,Male,Izmir,Electronics,591.11,2,0.0,1182.22,Digital Wallet,Mobile,20,10,True,5,5,7,5
1966,2023-07-01,31,Male,Istanbul,Fashion,318.6,1,0.0,318.6,Credit Card,Mobile,12,8,False,5,5,7,5
1967,2023-07-01,47,Male,Istanbul,Fashion,223.2,5,0.0,1116.0,Cash on Delivery,Mobile,15,9,True,18,4,7,5
1968,2023-07-01,47,Female,Bursa,Electronics,4283.78,1,1138.62,3145.16,Digital Wallet,Mobile,14,9,True,5,4,7,5
1969,2023-07-01,30,Female,Ankara,Electronics,656.65,2,0.0,1313.3,Digital Wallet,Mobile,9,8,True,6,4,7,5
1970,2023-07-01,39,Female,Antalya,Electronics,938.58,2,0.0,1877.16,Credit Card,Desktop,12,2,False,6,4,7,5
1971,2023-07-01,25,Male,Bursa,Electronics,1838.61,3,0.0,5515.83,Debit Card,Mobile,12,7,False,10,5,7,5
1972,2023-07-01,18,Female,Antalya,Food,14.65,1,0.0,14.65,Debit Card,Mobile,37,7,True,4,3,7,5
1973,2023-07-01,27,Male,Adana,Fashion,293.86,1,60.78,233.08,Bank Transfer,Desktop,3,7,False,4,2,7,5
1974,2023-07-02,54,Female,Kayseri,Fashion,180.94,2,9.07,352.81,Digital Wallet,Mobile,28,13,True,4,1,7,6
1975,2023-07-02,36,Male,Istanbul,Fashion,367.83,1,30.16,337.67,Credit Card,Tablet,21,11,False,4,5,7,6
1976,2023-07-02,29,Male,Istanbul,Books,20.4,2,5.65,35.15,Debit Card,Mobile,32,9,True,16,3,7,6
1977,2023-07-02,31,Male,Ankara,Fashion,496.75,3,0.0,1490.25,Credit Card,Mobile,6,12,True,3,5,7,6
1978,2023-07-03,34,Male,Ankara,Electronics,1759.87,3,246.26,5033.35,Bank Transfer,Desktop,14,8,True,9,5,7,0
1979,2023-07-03,40,Female,Izmir,Home & Garden,2138.55,1,321.52,1817.03,Digital Wallet,Desktop,15,2,True,5,4,7,0
1980,2023-07-03,29,Female,Adana,Home & Garden,691.25,1,73.61,617.64,Credit Card,Tablet,11,6,False,3,5,7,0
1981,2023-07-03,18,Female,Izmir,Beauty,25.17,5,0.0,125.85,Credit Card,Desktop,9,10,False,3,4,7,0
1982,2023-07-03,41,Male,Istanbul,Toys,25.17,4,0.0,100.68,Credit Card,Mobile,6,11,True,5,5,7,0
1983,2023-07-03,25,Male,Ankara,Fashion,585.96,1,0.0,585.96,Credit Card,Desktop,6,12,False,9,2,7,0
1984,2023-07-03,32,Male,Kayseri,Books,25.86,2,5.3,46.42,Debit Card,Desktop,5,11,True,5,4,7,0
1985,2023-07-03,36,Female,Adana,Sports,53.24,4,0.0,212.96,Credit Card,Desktop,13,12,True,15,3,7,0
1986,2023-07-03,42,Female,Ankara,Toys,157.01,1,0.0,157.01,Debit Card,Desktop,24,13,False,11,5,7,0
1987,2023-07-03,42,Female,Izmir,Electronics,3314.93,1,0.0,3314.93,Debit Card,Mobile,16,8,True,3,5,7,0
1988,2023-07-04,52,Male,Istanbul,Food,48.14,2,0.0,96.28,Debit Card,Tablet,7,12,True,8,4,7,1
1989,2023-07-04,21,Male,Ankara,Toys,124.3,1,0.0,124.3,Debit Card,Mobile,3,10,False,3,2,7,1
1990,2023-07-04,24,Female,Ankara,Food,36.71,1,2.78,33.93,Debit Card,Desktop,8,8,True,5,1,7,1
1991,2023-07-04,42,Female,Adana,Sports,439.63,4,0.0,1758.52,Debit Card,Mobile,21,12,False,1,1,7,1
1992,2023-07-04,30,Female,Gaziantep,Sports,444.03,1,0.0,444.03,Debit Card,Mobile,18,10,False,8,3,7,1
1993,2023-07-04,39,Male,Bursa,Fashion,327.85,4,18.87,1292.53,Debit Card,Desktop,10,13,True,3,5,7,1
1994,2023-07-04,31,Female,Eskisehir,Home & Garden,672.97,2,0.0,1345.94,Debit Card,Mobile,14,12,False,3,1,7,1
1995,2023-07-04,21,Female,Gaziantep,Electronics,1312.52,4,0.0,5250.08,Digital Wallet,Mobile,19,10,False,3,5,7,1
1996,2023-07-04,33,Male,Istanbul,Books,26.55,1,0.0,26.55,Credit Card,Mobile,21,10,True,10,4,7,1
1997,2023-07-04,37,Female,Ankara,Beauty,142.87,1,14.04,128.83,Cash on Delivery,Mobile,18,8,True,3,5,7,1
1998,2023-07-04,36,Male,Eskisehir,Toys,228.09,5,15.13,1125.32,Cash on Delivery,Mobile,24,7,True,7,3,7,1
1999,2023-07-04,32,Male,Antalya,Home & Garden,805.21,5,88.3,3937.75,Credit Card,Mobile,4,12,True,5,4,7,1
2000,2023-07-05,18,Female,Adana,Fashion,185.3,3,15.0,540.9,Debit Card,Desktop,10,9,True,3,4,7,2
2001,2023-07-05,26,Male,Ankara,Books,114.28,1,0.0,114.28,Bank Transfer,Desktop,17,6,True,7,5,7,2
2002,2023-07-05,28,Male,Ankara,Food,204.85,1,18.79,186.06,Credit Card,Desktop,18,9,True,8,3,7,2
2003,2023-07-05,39,Male,Istanbul,Toys,121.68,1,0.0,121.68,Digital Wallet,Mobile,39,8,False,4,3,7,2
2004,2023-07-05,58,Male,Istanbul,Sports,1059.63,5,105.36,5192.79,Digital Wallet,Mobile,16,7,True,3,4,7,2
2005,2023-07-05,34,Female,Izmir,Fashion,437.59,2,0.0,875.18,Digital Wallet,Mobile,10,11,True,4,4,7,2
2006,2023-07-05,42,Female,Kayseri,Electronics,1518.06,1,378.63,1139.43,Bank Transfer,Desktop,7,10,True,8,3,7,2
2007,2023-07-05,37,Female,Bursa,Electronics,1516.2,4,0.0,6064.8,Digital Wallet,Desktop,35,9,True,4,3,7,2
2008,2023-07-05,21,Male,Eskisehir,Toys,207.9,2,44.27,371.53,Digital Wallet,Mobile,16,8,False,2,1,7,2
2009,2023-07-05,35,Female,Eskisehir,Food,98.67,1,0.0,98.67,Cash on Delivery,Desktop,10,3,False,6,5,7,2
2010,2023-07-05,35,Male,Ankara,Sports,199.33,2,0.0,398.66,Credit Card,Mobile,7,12,False,7,4,7,2
2011,2023-07-05,44,Male,Ankara,Electronics,1876.84,2,396.66,3357.02,Bank Transfer,Mobile,16,7,False,6,4,7,2
2012,2023-07-05,18,Male,Adana,Food,67.37,2,0.0,134.74,Credit Card,Mobile,11,12,True,7,5,7,2
2013,2023-07-05,26,Male,Gaziantep,Beauty,109.85,1,0.0,109.85,Digital Wallet,Mobile,15,10,True,2,4,7,2
2014,2023-07-06,21,Female,Istanbul,Books,15.46,1,1.08,14.38,Credit Card,Desktop,15,5,True,2,4,7,3
2015,2023-07-06,31,Female,Izmir,Toys,94.23,1,0.0,94.23,Credit Card,Mobile,23,7,False,4,4,7,3
2016,2023-07-06,65,Female,Istanbul,Beauty,82.4,5,0.0,412.0,Digital Wallet,Mobile,17,8,False,6,4,7,3
2017,2023-07-06,41,Female,Antalya,Books,150.69,4,0.0,602.76,Bank Transfer,Desktop,7,9,True,6,4,7,3
2018,2023-07-06,34,Female,Istanbul,Toys,63.95,1,14.67,49.28,Cash on Delivery,Desktop,7,9,False,7,3,7,3
2019,2023-07-06,26,Male,Istanbul,Beauty,195.25,3,46.36,539.39,Debit Card,Mobile,21,12,True,11,4,7,3
2020,2023-07-06,45,Male,Ankara,Electronics,1537.89,2,0.0,3075.78,Debit Card,Mobile,12,17,True,9,5,7,3
2021,2023-07-06,29,Female,Konya,Home & Garden,1040.26,2,0.0,2080.52,Credit Card,Mobile,5,8,True,7,5,7,3
2022,2023-07-06,53,Female,Adana,Electronics,5869.68,1,0.0,5869.68,Digital Wallet,Mobile,7,10,True,7,3,7,3
2023,2023-07-07,18,Male,Kayseri,Electronics,2497.85,5,684.84,11804.41,Credit Card,Mobile,6,12,True,6,5,7,4
2024,2023-07-07,37,Male,Istanbul,Electronics,3399.56,2,0.0,6799.12,Credit Card,Mobile,5,10,True,3,4,7,4
2025,2023-07-07,39,Male,Ankara,Food,37.43,1,6.51,30.92,Digital Wallet,Mobile,15,7,False,6,4,7,4
2026,2023-07-07,43,Female,Istanbul,Home & Garden,493.06,1,0.0,493.06,Digital Wallet,Desktop,10,7,True,6,4,7,4
2027,2023-07-07,33,Male,Istanbul,Fashion,923.5,1,0.0,923.5,Debit Card,Desktop,16,7,False,4,4,7,4
2028,2023-07-07,49,Female,Konya,Electronics,2272.99,3,0.0,6818.97,Digital Wallet,Desktop,9,9,True,1,5,7,4
2029,2023-07-07,35,Female,Istanbul,Beauty,150.12,2,15.17,285.07,Debit Card,Tablet,14,11,False,3,4,7,4
2030,2023-07-07,22,Male,Adana,Beauty,73.85,4,0.0,295.4,Credit Card,Desktop,2,8,False,6,5,7,4
2031,2023-07-07,39,Female,Istanbul,Beauty,85.72,5,0.0,428.6,Debit Card,Mobile,16,5,True,6,5,7,4
2032,2023-07-07,18,Female,Gaziantep,Toys,99.41,5,0.0,497.05,Debit Card,Mobile,12,8,True,5,4,7,4
2033,2023-07-08,18,Male,Kayseri,Home & Garden,1187.8,2,0.0,2375.6,Debit Card,Desktop,3,7,False,7,4,7,5
2034,2023-07-08,34,Female,Antalya,Electronics,1686.55,3,0.0,5059.65,Credit Card,Tablet,10,10,False,3,5,7,5
2035,2023-07-08,18,Male,Ankara,Food,111.43,2,0.0,222.86,Credit Card,Tablet,5,6,False,9,3,7,5
2036,2023-07-08,45,Male,Bursa,Food,76.04,1,0.0,76.04,Digital Wallet,Desktop,24,7,False,6,4,7,5
2037,2023-07-08,29,Male,Ankara,Home & Garden,590.2,1,0.0,590.2,Credit Card,Mobile,15,7,True,5,4,7,5
2038,2023-07-08,68,Female,Gaziantep,Electronics,1318.96,2,0.0,2637.92,Credit Card,Desktop,10,10,True,10,3,7,5
2039,2023-07-08,24,Other,Ankara,Home & Garden,203.54,1,30.84,172.7,Debit Card,Mobile,27,14,True,6,4,7,5
2040,2023-07-08,32,Male,Bursa,Food,82.99,5,0.0,414.95,Credit Card,Mobile,8,8,True,13,2,7,5
2041,2023-07-08,51,Male,Izmir,Electronics,2223.35,1,0.0,2223.35,Credit Card,Tablet,13,9,True,5,3,7,5
2042,2023-07-08,35,Male,Istanbul,Sports,970.88,4,0.0,3883.52,Credit Card,Tablet,35,7,True,5,4,7,5
2043,2023-07-08,32,Male,Gaziantep,Food,10.49,1,0.0,10.49,Debit Card,Desktop,17,5,True,10,4,7,5
2044,2023-07-08,25,Female,Adana,Toys,316.59,4,37.15,1229.21,Cash on Delivery,Desktop,13,8,False,6,5,7,5
2045,2023-07-08,29,Female,Adana,Electronics,397.32,3,55.51,1136.45,Credit Card,Mobile,5,5,False,9,4,7,5
2046,2023-07-08,45,Female,Antalya,Electronics,2341.54,4,0.0,9366.16,Digital Wallet,Desktop,1,10,True,8,4,7,5
2047,2023-07-08,36,Male,Ankara,Beauty,52.48,1,0.0,52.48,Credit Card,Desktop,24,7,False,5,5,7,5
2048,2023-07-08,42,Female,Adana,Fashion,299.49,1,0.0,299.49,Bank Transfer,Tablet,16,8,True,5,5,7,5
2049,2023-07-08,30,Male,Bursa,Electronics,203.1,1,0.0,203.1,Digital Wallet,Mobile,17,6,False,9,5,7,5
2050,2023-07-09,38,Male,Eskisehir,Sports,448.06,1,0.0,448.06,Debit Card,Desktop,8,12,True,9,5,7,6
2051,2023-07-09,30,Female,Istanbul,Home & Garden,583.94,2,0.0,1167.88,Credit Card,Desktop,4,8,False,7,5,7,6
2052,2023-07-09,21,Female,Eskisehir,Toys,345.54,2,0.0,691.08,Debit Card,Mobile,10,8,False,5,5,7,6
2053,2023-07-09,33,Female,Istanbul,Home & Garden,193.16,1,0.0,193.16,Credit Card,Mobile,26,6,True,8,2,7,6
2054,2023-07-09,61,Female,Antalya,Toys,179.0,2,0.0,358.0,Credit Card,Desktop,7,5,True,8,5,7,6
2055,2023-07-09,19,Male,Ankara,Home & Garden,1210.46,1,0.0,1210.46,Credit Card,Mobile,4,9,False,7,4,7,6
2056,2023-07-09,27,Female,Eskisehir,Home & Garden,339.98,1,0.0,339.98,Bank Transfer,Mobile,9,8,False,7,2,7,6
2057,2023-07-09,18,Female,Izmir,Beauty,46.67,1,0.0,46.67,Debit Card,Mobile,9,7,False,7,4,7,6
2058,2023-07-09,33,Male,Istanbul,Home & Garden,343.43,5,0.0,1717.15,Credit Card,Mobile,16,9,True,4,1,7,6
2059,2023-07-09,38,Female,Ankara,Home & Garden,699.86,1,175.49,524.37,Debit Card,Desktop,15,9,True,5,4,7,6
2060,2023-07-09,22,Female,Istanbul,Home & Garden,1211.56,1,243.87,967.69,Credit Card,Mobile,12,7,False,12,5,7,6
2061,2023-07-10,18,Female,Izmir,Food,102.56,1,0.0,102.56,Credit Card,Tablet,28,7,True,9,3,7,0
2062,2023-07-10,28,Female,Ankara,Food,42.78,2,0.0,85.56,Digital Wallet,Desktop,17,13,True,8,5,7,0
2063,2023-07-10,40,Female,Istanbul,Sports,374.74,2,0.0,749.48,Credit Card,Mobile,30,9,False,6,3,7,0
2064,2023-07-10,40,Female,Ankara,Books,108.07,1,0.0,108.07,Credit Card,Desktop,19,9,True,6,5,7,0
2065,2023-07-10,66,Male,Istanbul,Sports,144.18,5,0.0,720.9,Credit Card,Mobile,20,11,True,6,2,7,0
2066,2023-07-10,21,Female,Ankara,Sports,705.13,1,0.0,705.13,Digital Wallet,Mobile,5,4,False,3,5,7,0
2067,2023-07-10,25,Female,Izmir,Sports,375.39,1,0.0,375.39,Digital Wallet,Mobile,8,9,True,3,2,7,0
2068,2023-07-10,48,Female,Gaziantep,Fashion,813.22,2,153.25,1473.19,Credit Card,Mobile,11,8,False,13,2,7,0
2069,2023-07-10,36,Female,Bursa,Electronics,1220.88,4,0.0,4883.52,Bank Transfer,Desktop,6,5,True,8,1,7,0
2070,2023-07-11,44,Male,Gaziantep,Books,20.93,1,0.0,20.93,Bank Transfer,Desktop,23,4,True,5,4,7,1
2071,2023-07-11,51,Male,Bursa,Books,115.89,1,0.0,115.89,Digital Wallet,Mobile,35,14,True,10,5,7,1
2072,2023-07-11,18,Male,Konya,Food,153.61,3,8.32,452.51,Cash on Delivery,Tablet,5,10,False,9,1,7,1
2073,2023-07-11,21,Female,Gaziantep,Fashion,652.72,1,0.0,652.72,Credit Card,Mobile,27,8,True,10,4,7,1
2074,2023-07-11,23,Female,Ankara,Food,191.35,3,0.0,574.05,Credit Card,Mobile,8,5,True,8,2,7,1
2075,2023-07-11,43,Other,Ankara,Toys,260.86,4,0.0,1043.44,Credit Card,Tablet,38,10,True,4,5,7,1
2076,2023-07-11,19,Male,Izmir,Sports,189.59,1,0.0,189.59,Credit Card,Mobile,8,10,False,5,5,7,1
2077,2023-07-11,24,Female,Ankara,Books,63.71,1,0.0,63.71,Credit Card,Desktop,5,7,False,6,4,7,1
2078,2023-07-11,25,Female,Gaziantep,Food,107.69,4,11.57,419.19,Digital Wallet,Mobile,13,11,True,6,5,7,1
2079,2023-07-11,20,Female,Istanbul,Home & Garden,252.6,1,59.9,192.7,Digital Wallet,Desktop,12,6,True,3,4,7,1
2080,2023-07-11,36,Male,Gaziantep,Toys,80.06,1,11.58,68.48,Digital Wallet,Desktop,2,10,False,6,2,7,1
2081,2023-07-11,42,Male,Ankara,Sports,265.35,5,0.0,1326.75,Debit Card,Mobile,14,7,True,9,5,7,1
2082,2023-07-11,23,Female,Bursa,Fashion,82.92,1,0.0,82.92,Credit Card,Tablet,16,10,True,6,4,7,1
2083,2023-07-11,36,Female,Kayseri,Beauty,38.39,1,0.0,38.39,Credit Card,Mobile,16,10,True,13,1,7,1
2084,2023-07-12,41,Male,Ankara,Electronics,1206.78,5,0.0,6033.9,Digital Wallet,Mobile,10,5,False,9,4,7,2
2085,2023-07-12,49,Male,Izmir,Home & Garden,2010.41,4,173.08,7868.56,Bank Transfer,Desktop,18,9,False,12,4,7,2
2086,2023-07-12,18,Male,Izmir,Food,61.03,1,0.0,61.03,Debit Card,Mobile,14,6,True,13,4,7,2
2087,2023-07-12,31,Male,Konya,Electronics,1424.12,1,0.0,1424.12,Credit Card,Desktop,4,5,True,4,4,7,2
2088,2023-07-12,31,Female,Istanbul,Electronics,1367.67,1,0.0,1367.67,Credit Card,Mobile,16,10,True,2,3,7,2
2089,2023-07-12,43,Female,Istanbul,Electronics,1876.97,1,0.0,1876.97,Cash on Delivery,Desktop,13,9,True,6,5,7,2
2090,2023-07-12,30,Female,Bursa,Beauty,188.86,1,0.0,188.86,Credit Card,Mobile,18,10,True,13,4,7,2
2091,2023-07-12,36,Male,Izmir,Books,28.64,1,0.0,28.64,Debit Card,Desktop,15,14,False,5,3,7,2
2092,2023-07-12,42,Male,Istanbul,Beauty,127.91,2,0.0,255.82,Credit Card,Mobile,2,14,False,7,5,7,2
2093,2023-07-12,54,Female,Izmir,Fashion,154.69,1,27.8,126.89,Digital Wallet,Desktop,5,9,True,1,4,7,2
2094,2023-07-12,42,Male,Eskisehir,Books,81.9,1,0.0,81.9,Digital Wallet,Mobile,18,9,True,3,5,7,2
2095,2023-07-13,32,Male,Istanbul,Food,129.12,5,17.49,628.11,Credit Card,Mobile,12,5,True,10,4,7,3
2096,2023-07-13,44,Female,Istanbul,Beauty,164.43,1,0.0,164.43,Debit Card,Desktop,6,10,True,3,4,7,3
2097,2023-07-13,41,Male,Adana,Sports,465.43,3,0.0,1396.29,Credit Card,Desktop,6,16,False,9,4,7,3
2098,2023-07-13,27,Other,Istanbul,Home & Garden,647.44,1,0.0,647.44,Bank Transfer,Desktop,5,10,False,16,1,7,3
2099,2023-07-13,26,Female,Gaziantep,Food,64.13,3,0.0,192.39,Digital Wallet,Mobile,31,10,True,6,5,7,3
2100,2023-07-13,37,Male,Istanbul,Home & Garden,112.04,1,0.0,112.04,Digital Wallet,Desktop,10,9,True,5,4,7,3
2101,2023-07-14,30,Female,Gaziantep,Beauty,114.86,1,13.4,101.46,Debit Card,Mobile,7,11,True,5,5,7,4
2102,2023-07-14,33,Female,Kayseri,Sports,1017.05,2,0.0,2034.1,Cash on Delivery,Desktop,29,5,False,9,5,7,4
2103,2023-07-14,22,Female,Konya,Toys,49.6,1,0.0,49.6,Credit Card,Mobile,13,9,True,2,4,7,4
2104,2023-07-14,42,Male,Istanbul,Electronics,483.81,1,0.0,483.81,Digital Wallet,Mobile,15,11,True,3,5,7,4
2105,2023-07-14,29,Female,Bursa,Food,52.68,2,0.0,105.36,Digital Wallet,Desktop,8,7,True,5,4,7,4
2106,2023-07-14,35,Female,Ankara,Electronics,809.2,1,0.0,809.2,Credit Card,Desktop,6,9,True,5,4,7,4
2107,2023-07-14,20,Male,Istanbul,Fashion,230.53,2,0.0,461.06,Credit Card,Mobile,6,12,False,9,5,7,4
2108,2023-07-14,26,Female,Konya,Sports,295.59,1,40.48,255.11,Bank Transfer,Mobile,26,7,False,7,4,7,4
2109,2023-07-14,35,Female,Kayseri,Electronics,2301.33,2,0.0,4602.66,Debit Card,Mobile,6,10,True,7,4,7,4
2110,2023-07-14,42,Male,Antalya,Food,58.16,1,0.0,58.16,Debit Card,Mobile,5,7,True,10,4,7,4
2111,2023-07-14,51,Female,Kayseri,Beauty,145.91,5,0.0,729.55,Credit Card,Desktop,5,10,True,5,2,7,4
2112,2023-07-14,39,Female,Istanbul,Toys,49.53,1,2.73,46.8,Credit Card,Mobile,11,8,False,8,5,7,4
2113,2023-07-14,38,Male,Bursa,Toys,156.28,5,0.0,781.4,Digital Wallet,Desktop,6,7,True,4,3,7,4
2114,2023-07-14,18,Male,Bursa,Home & Garden,658.11,3,0.0,1974.33,Bank Transfer,Mobile,13,6,True,5,4,7,4
2115,2023-07-14,37,Male,Gaziantep,Electronics,617.04,1,51.53,565.51,Bank Transfer,Desktop,13,6,True,4,4,7,4
2116,2023-07-14,51,Male,Bursa,Home & Garden,1248.86,1,0.0,1248.86,Debit Card,Tablet,5,5,False,8,4,7,4
2117,2023-07-14,50,Female,Antalya,Toys,92.87,4,0.0,371.48,Digital Wallet,Mobile,4,11,True,2,1,7,4
2118,2023-07-14,21,Male,Izmir,Sports,255.47,2,21.02,489.92,Debit Card,Desktop,11,8,False,9,5,7,4
2119,2023-07-14,42,Female,Gaziantep,Food,19.95,1,0.0,19.95,Debit Card,Desktop,8,10,False,7,2,7,4
2120,2023-07-14,34,Female,Izmir,Beauty,73.66,1,18.95,54.71,Digital Wallet,Mobile,11,9,True,10,3,7,4
2121,2023-07-14,52,Female,Ankara,Home & Garden,522.49,1,0.0,522.49,Digital Wallet,Desktop,25,9,False,5,1,7,4
2122,2023-07-14,34,Female,Gaziantep,Sports,965.67,1,0.0,965.67,Credit Card,Mobile,16,9,True,3,5,7,4
2123,2023-07-15,19,Female,Gaziantep,Food,66.64,4,0.0,266.56,Digital Wallet,Mobile,10,7,True,4,4,7,5
2124,2023-07-15,18,Male,Istanbul,Fashion,141.82,4,0.0,567.28,Digital Wallet,Desktop,27,6,False,4,4,7,5
2125,2023-07-15,27,Male,Istanbul,Electronics,4365.55,2,0.0,8731.1,Debit Card,Mobile,45,4,False,6,5,7,5
2126,2023-07-15,33,Male,Ankara,Home & Garden,604.45,1,0.0,604.45,Credit Card,Desktop,36,12,True,6,5,7,5
2127,2023-07-15,44,Female,Istanbul,Beauty,457.18,1,0.0,457.18,Credit Card,Tablet,7,5,False,5,4,7,5
2128,2023-07-15,36,Male,Ankara,Books,73.48,2,0.0,146.96,Debit Card,Desktop,4,11,False,3,5,7,5
2129,2023-07-15,38,Male,Istanbul,Fashion,176.32,1,0.0,176.32,Credit Card,Desktop,19,14,False,5,5,7,5
2130,2023-07-15,34,Female,Izmir,Books,84.81,1,0.0,84.81,Bank Transfer,Tablet,29,8,True,9,4,7,5
2131,2023-07-15,37,Female,Gaziantep,Sports,270.28,2,0.0,540.56,Bank Transfer,Mobile,4,9,True,5,4,7,5
2132,2023-07-15,18,Female,Antalya,Food,52.29,1,4.68,47.61,Credit Card,Mobile,29,9,False,12,5,7,5
2133,2023-07-15,39,Male,Bursa,Food,60.37,1,0.0,60.37,Debit Card,Mobile,20,12,False,6,5,7,5
2134,2023-07-16,43,Male,Ankara,Food,137.24,1,17.23,120.01,Cash on Delivery,Desktop,7,13,True,5,5,7,6
2135,2023-07-16,37,Male,Antalya,Home & Garden,565.45,1,0.0,565.45,Bank Transfer,Desktop,19,15,True,3,4,7,6
2136,2023-07-16,35,Female,Adana,Fashion,332.66,2,0.0,665.32,Credit Card,Mobile,26,10,True,7,4,7,6
2137,2023-07-16,39,Male,Antalya,Food,18.18,1,0.0,18.18,Bank Transfer,Mobile,8,14,False,12,4,7,6
2138,2023-07-16,43,Male,Istanbul,Beauty,244.93,1,0.0,244.93,Credit Card,Mobile,3,6,True,10,4,7,6
2139,2023-07-16,24,Male,Istanbul,Home & Garden,995.78,1,135.95,859.83,Credit Card,Mobile,10,12,True,4,5,7,6
2140,2023-07-16,30,Male,Istanbul,Food,21.21,3,0.0,63.63,Digital Wallet,Desktop,3,6,True,7,3,7,6
2141,2023-07-16,21,Male,Ankara,Fashion,114.07,1,0.0,114.07,Credit Card,Desktop,15,5,False,12,5,7,6
2142,2023-07-16,18,Male,Ankara,Beauty,175.65,1,0.0,175.65,Credit Card,Desktop,12,10,False,9,4,7,6
2143,2023-07-16,18,Female,Izmir,Sports,180.67,1,42.78,137.89,Credit Card,Tablet,17,8,True,3,4,7,6
2144,2023-07-16,18,Female,Istanbul,Books,21.01,4,3.99,80.05,Digital Wallet,Desktop,9,4,False,3,5,7,6
2145,2023-07-16,49,Male,Ankara,Beauty,72.37,2,0.0,144.74,Bank Transfer,Mobile,5,10,True,4,5,7,6
2146,2023-07-16,40,Female,Konya,Sports,1093.16,1,0.0,1093.16,Credit Card,Mobile,18,14,True,8,2,7,6
2147,2023-07-16,36,Male,Ankara,Sports,510.92,5,151.42,2403.18,Credit Card,Mobile,30,5,True,6,5,7,6
2148,2023-07-16,35,Male,Bursa,Home & Garden,263.2,5,45.57,1270.43,Credit Card,Tablet,14,10,True,11,5,7,6
2149,2023-07-17,44,Male,Gaziantep,Home & Garden,246.89,1,0.0,246.89,Bank Transfer,Desktop,4,13,False,3,4,7,0
2150,2023-07-17,27,Female,Istanbul,Fashion,127.21,1,13.74,113.47,Credit Card,Mobile,21,10,True,11,4,7,0
2151,2023-07-17,24,Male,Izmir,Electronics,1169.81,3,171.14,3338.29,Bank Transfer,Mobile,21,14,False,6,5,7,0
2152,2023-07-17,35,Male,Antalya,Food,27.7,1,0.0,27.7,Debit Card,Mobile,9,9,False,6,4,7,0
2153,2023-07-17,18,Male,Kayseri,Home & Garden,1033.5,4,0.0,4134.0,Digital Wallet,Mobile,15,11,True,11,4,7,0
2154,2023-07-17,41,Female,Kayseri,Toys,48.1,2,0.0,96.2,Bank Transfer,Desktop,19,8,True,4,3,7,0
2155,2023-07-17,34,Male,Antalya,Toys,56.92,5,0.0,284.6,Debit Card,Desktop,49,6,False,8,5,7,0
2156,2023-07-17,39,Female,Ankara,Sports,617.46,1,0.0,617.46,Digital Wallet,Desktop,19,11,True,2,4,7,0
2157,2023-07-17,43,Other,Ankara,Electronics,736.6,1,0.0,736.6,Credit Card,Tablet,32,9,False,3,2,7,0
2158,2023-07-18,40,Female,Bursa,Home & Garden,413.29,2,0.0,826.58,Credit Card,Mobile,10,9,False,4,2,7,1
2159,2023-07-18,25,Male,Istanbul,Electronics,2684.22,1,0.0,2684.22,Credit Card,Mobile,13,11,False,8,2,7,1
2160,2023-07-18,44,Male,Izmir,Sports,276.17,5,0.0,1380.85,Credit Card,Mobile,2,13,False,5,3,7,1
2161,2023-07-18,35,Male,Adana,Sports,343.78,3,0.0,1031.34,Credit Card,Desktop,37,7,True,6,1,7,1
2162,2023-07-18,40,Male,Gaziantep,Electronics,1712.74,1,258.48,1454.26,Bank Transfer,Mobile,27,9,False,6,5,7,1
2163,2023-07-18,47,Male,Istanbul,Food,133.49,1,0.0,133.49,Debit Card,Tablet,9,8,True,4,2,7,1
2164,2023-07-18,41,Male,Antalya,Electronics,1672.37,5,0.0,8361.85,Bank Transfer,Mobile,32,9,False,5,2,7,1
2165,2023-07-18,31,Male,Istanbul,Electronics,2848.07,1,0.0,2848.07,Credit Card,Desktop,5,9,False,12,4,7,1
2166,2023-07-18,27,Female,Istanbul,Books,77.76,3,0.0,233.28,Bank Transfer,Mobile,8,7,True,5,4,7,1
2167,2023-07-19,50,Male,Istanbul,Electronics,1393.07,4,0.0,5572.28,Credit Card,Mobile,11,8,True,17,5,7,2
2168,2023-07-19,18,Female,Istanbul,Toys,101.65,2,0.0,203.3,Debit Card,Mobile,8,9,False,9,3,7,2
2169,2023-07-19,23,Female,Bursa,Books,44.69,1,0.0,44.69,Digital Wallet,Mobile,4,8,True,4,4,7,2
2170,2023-07-19,34,Female,Ankara,Fashion,142.21,5,0.0,711.05,Debit Card,Desktop,28,7,True,7,1,7,2
2171,2023-07-19,40,Female,Ankara,Sports,70.8,2,12.41,129.19,Debit Card,Mobile,1,8,False,4,2,7,2
2172,2023-07-19,38,Female,Istanbul,Fashion,339.23,2,0.0,678.46,Credit Card,Desktop,43,8,False,4,4,7,2
2173,2023-07-19,60,Male,Konya,Toys,32.18,1,0.0,32.18,Credit Card,Mobile,5,14,False,6,2,7,2
2174,2023-07-19,28,Female,Adana,Beauty,34.21,4,0.0,136.84,Credit Card,Desktop,18,10,False,5,3,7,2
2175,2023-07-20,41,Male,Istanbul,Fashion,343.86,5,0.0,1719.3,Digital Wallet,Desktop,6,9,False,5,1,7,3
2176,2023-07-20,46,Male,Ankara,Food,41.16,4,0.0,164.64,Bank Transfer,Mobile,7,8,False,5,4,7,3
2177,2023-07-20,24,Female,Ankara,Beauty,196.18,1,43.28,152.9,Credit Card,Mobile,8,10,True,2,2,7,3
2178,2023-07-20,18,Male,Konya,Home & Garden,1841.52,1,0.0,1841.52,Credit Card,Tablet,10,9,False,2,2,7,3
2179,2023-07-20,18,Female,Konya,Beauty,211.88,1,0.0,211.88,Credit Card,Desktop,23,8,True,8,4,7,3
2180,2023-07-21,48,Male,Ankara,Fashion,154.65,1,0.0,154.65,Debit Card,Desktop,7,5,True,8,5,7,4
2181,2023-07-21,18,Male,Izmir,Home & Garden,396.45,4,0.0,1585.8,Credit Card,Mobile,46,16,True,11,3,7,4
2182,2023-07-21,59,Female,Ankara,Beauty,230.24,1,0.0,230.24,Bank Transfer,Mobile,24,5,True,3,2,7,4
2183,2023-07-21,29,Female,Istanbul,Home & Garden,406.74,3,49.5,1170.72,Debit Card,Mobile,7,6,True,5,5,7,4
2184,2023-07-21,65,Female,Izmir,Beauty,95.42,2,15.31,175.53,Debit Card,Mobile,9,11,False,11,3,7,4
2185,2023-07-21,29,Male,Ankara,Food,29.84,5,0.0,149.2,Debit Card,Mobile,7,9,True,10,5,7,4
2186,2023-07-21,53,Female,Izmir,Home & Garden,486.67,1,0.0,486.67,Credit Card,Mobile,9,11,True,4,4,7,4
2187,2023-07-21,50,Female,Eskisehir,Fashion,79.24,1,9.91,69.33,Credit Card,Mobile,22,8,True,15,4,7,4
2188,2023-07-21,18,Female,Istanbul,Food,8.33,1,0.0,8.33,Bank Transfer,Mobile,25,12,False,3,5,7,4
2189,2023-07-22,18,Male,Adana,Books,106.25,1,0.0,106.25,Debit Card,Mobile,19,7,False,8,4,7,5
2190,2023-07-22,20,Female,Istanbul,Home & Garden,342.96,3,0.0,1028.88,Debit Card,Mobile,29,10,True,9,5,7,5
2191,2023-07-22,29,Male,Istanbul,Home & Garden,153.71,2,0.0,307.42,Debit Card,Desktop,19,9,False,8,5,7,5
2192,2023-07-22,18,Female,Istanbul,Electronics,242.53,2,0.0,485.06,Credit Card,Mobile,10,16,True,18,4,7,5
2193,2023-07-22,59,Female,Izmir,Food,174.27,2,0.0,348.54,Digital Wallet,Mobile,10,10,False,2,4,7,5
2194,2023-07-22,38,Male,Bursa,Fashion,190.0,2,0.0,380.0,Digital Wallet,Mobile,24,8,True,5,5,7,5
2195,2023-07-22,30,Male,Gaziantep,Books,40.03,2,10.82,69.24,Credit Card,Mobile,3,12,True,4,5,7,5
2196,2023-07-22,44,Female,Ankara,Toys,194.17,1,0.0,194.17,Digital Wallet,Desktop,25,13,False,11,4,7,5
2197,2023-07-22,28,Female,Antalya,Books,104.53,3,0.0,313.59,Credit Card,Mobile,20,13,True,6,5,7,5
2198,2023-07-22,28,Male,Bursa,Home & Garden,1925.98,1,454.8,1471.18,Bank Transfer,Mobile,19,7,False,8,5,7,5
2199,2023-07-22,32,Male,Kayseri,Electronics,326.83,1,87.34,239.49,Credit Card,Mobile,11,12,False,5,3,7,5
2200,2023-07-22,26,Male,Adana,Sports,225.98,4,0.0,903.92,Credit Card,Mobile,5,8,False,6,4,7,5
2201,2023-07-22,39,Female,Istanbul,Food,11.65,1,0.0,11.65,Bank Transfer,Desktop,18,10,True,5,5,7,5
2202,2023-07-23,47,Male,Bursa,Electronics,296.69,1,81.63,215.06,Debit Card,Mobile,9,9,False,5,4,7,6
2203,2023-07-23,29,Male,Antalya,Home & Garden,1311.43,1,85.66,1225.77,Credit Card,Desktop,25,8,True,12,5,7,6
2204,2023-07-23,35,Male,Ankara,Electronics,242.42,1,0.0,242.42,Credit Card,Tablet,9,9,True,5,3,7,6
2205,2023-07-23,26,Female,Istanbul,Sports,751.31,1,175.58,575.73,Credit Card,Mobile,22,11,True,8,5,7,6
2206,2023-07-23,39,Male,Izmir,Food,104.95,2,11.71,198.19,Digital Wallet,Mobile,14,10,True,9,5,7,6
2207,2023-07-23,28,Female,Gaziantep,Toys,41.23,1,0.0,41.23,Digital Wallet,Mobile,11,10,True,5,3,7,6
2208,2023-07-23,34,Female,Bursa,Home & Garden,910.13,1,246.7,663.43,Credit Card,Desktop,9,7,True,6,4,7,6
2209,2023-07-23,39,Female,Adana,Sports,182.81,2,0.0,365.62,Debit Card,Desktop,5,5,True,4,2,7,6
2210,2023-07-23,50,Female,Konya,Sports,376.28,1,0.0,376.28,Bank Transfer,Mobile,28,9,True,5,4,7,6
2211,2023-07-23,40,Male,Adana,Books,34.79,2,0.0,69.58,Credit Card,Mobile,16,7,True,5,2,7,6
2212,2023-07-23,18,Female,Istanbul,Food,93.12,2,0.0,186.24,Debit Card,Mobile,14,9,False,1,4,7,6
2213,2023-07-23,18,Female,Bursa,Food,38.43,1,0.0,38.43,Digital Wallet,Mobile,12,8,False,4,4,7,6
2214,2023-07-23,43,Male,Ankara,Toys,129.35,3,13.58,374.47,Credit Card,Mobile,18,9,True,3,4,7,6
2215,2023-07-23,40,Female,Konya,Home & Garden,1973.46,3,0.0,5920.38,Credit Card,Desktop,9,10,False,3,2,7,6
2216,2023-07-23,28,Female,Adana,Electronics,350.68,1,0.0,350.68,Credit Card,Tablet,27,6,False,3,5,7,6
2217,2023-07-23,40,Male,Eskisehir,Food,58.16,5,0.0,290.8,Credit Card,Mobile,16,9,False,4,3,7,6
2218,2023-07-24,54,Male,Kayseri,Toys,72.26,1,0.0,72.26,Credit Card,Tablet,11,9,False,4,5,7,0
2219,2023-07-24,21,Male,Adana,Beauty,193.69,1,0.0,193.69,Digital Wallet,Mobile,24,13,True,4,5,7,0
2220,2023-07-24,38,Female,Kayseri,Home & Garden,257.99,1,0.0,257.99,Credit Card,Tablet,14,6,False,7,4,7,0
2221,2023-07-24,42,Female,Bursa,Fashion,137.11,1,17.48,119.63,Credit Card,Mobile,3,8,False,6,1,7,0
2222,2023-07-24,51,Male,Izmir,Sports,648.31,1,0.0,648.31,Credit Card,Desktop,22,11,True,17,5,7,0
2223,2023-07-24,31,Female,Izmir,Home & Garden,408.74,1,0.0,408.74,Credit Card,Desktop,17,10,False,4,4,7,0
2224,2023-07-24,26,Female,Antalya,Food,87.96,2,0.0,175.92,Digital Wallet,Desktop,11,7,True,8,4,7,0
2225,2023-07-24,20,Male,Konya,Fashion,504.53,2,42.88,966.18,Debit Card,Mobile,6,10,True,1,4,7,0
2226,2023-07-24,18,Female,Istanbul,Books,21.18,5,0.0,105.9,Debit Card,Desktop,14,5,False,5,4,7,0
2227,2023-07-25,50,Male,Antalya,Toys,320.42,1,0.0,320.42,Digital Wallet,Mobile,11,6,True,4,5,7,1
2228,2023-07-25,37,Male,Adana,Home & Garden,346.25,1,52.07,294.18,Credit Card,Tablet,10,8,True,7,3,7,1
2229,2023-07-25,29,Female,Konya,Toys,226.62,1,0.0,226.62,Digital Wallet,Mobile,4,7,True,7,5,7,1
2230,2023-07-25,18,Female,Izmir,Electronics,1429.49,4,221.42,5496.54,Credit Card,Mobile,13,10,True,5,2,7,1
2231,2023-07-25,46,Female,Istanbul,Home & Garden,1038.99,1,64.28,974.71,Credit Card,Mobile,11,10,False,6,2,7,1
2232,2023-07-25,35,Female,Adana,Food,45.1,3,0.0,135.3,Debit Card,Desktop,24,9,True,3,5,7,1
2233,2023-07-25,25,Female,Antalya,Food,75.87,1,13.41,62.46,Bank Transfer,Mobile,11,15,True,5,4,7,1
2234,2023-07-25,30,Male,Konya,Electronics,580.47,2,0.0,1160.94,Debit Card,Tablet,15,4,True,7,3,7,1
2235,2023-07-25,38,Male,Istanbul,Food,35.28,1,0.0,35.28,Digital Wallet,Mobile,7,9,True,9,4,7,1
2236,2023-07-25,18,Male,Istanbul,Beauty,66.94,3,0.0,200.82,Digital Wallet,Mobile,8,8,True,5,4,7,1
2237,2023-07-25,24,Female,Eskisehir,Electronics,513.83,5,0.0,2569.15,Bank Transfer,Mobile,14,6,False,8,4,7,1
2238,2023-07-25,42,Female,Bursa,Electronics,2104.36,1,0.0,2104.36,Credit Card,Mobile,23,12,True,4,4,7,1
2239,2023-07-25,36,Female,Antalya,Beauty,38.58,2,0.0,77.16,Credit Card,Desktop,11,14,False,2,5,7,1
2240,2023-07-25,43,Male,Istanbul,Home & Garden,234.18,1,68.95,165.23,Credit Card,Tablet,15,13,True,6,5,7,1
2241,2023-07-26,32,Female,Ankara,Food,62.89,1,13.75,49.14,Digital Wallet,Mobile,12,7,True,4,5,7,2
2242,2023-07-26,49,Male,Ankara,Beauty,147.39,3,40.69,401.48,Credit Card,Desktop,21,7,False,5,4,7,2
2243,2023-07-26,25,Female,Antalya,Home & Garden,939.97,5,0.0,4699.85,Credit Card,Mobile,9,11,True,6,1,7,2
2244,2023-07-26,31,Female,Antalya,Electronics,258.37,2,0.0,516.74,Debit Card,Desktop,18,12,False,7,5,7,2
2245,2023-07-26,18,Male,Konya,Fashion,142.39,1,0.0,142.39,Debit Card,Mobile,19,10,False,7,3,7,2
2246,2023-07-26,35,Male,Izmir,Sports,366.29,1,0.0,366.29,Credit Card,Desktop,18,12,False,10,4,7,2
2247,2023-07-26,42,Female,Ankara,Toys,161.21,4,0.0,644.84,Credit Card,Mobile,12,5,True,2,4,7,2
2248,2023-07-27,31,Male,Eskisehir,Electronics,3307.68,1,839.92,2467.76,Debit Card,Desktop,3,12,False,6,2,7,3
2249,2023-07-27,42,Female,Konya,Home & Garden,120.29,1,0.0,120.29,Digital Wallet,Mobile,18,7,False,9,5,7,3
2250,2023-07-27,34,Male,Antalya,Books,73.62,2,17.87,129.37,Bank Transfer,Mobile,9,7,False,13,5,7,3
2251,2023-07-27,25,Male,Bursa,Home & Garden,333.41,1,0.0,333.41,Credit Card,Mobile,1,8,False,7,4,7,3
2252,2023-07-27,26,Male,Gaziantep,Books,57.55,1,0.0,57.55,Bank Transfer,Mobile,20,14,True,9,3,7,3
2253,2023-07-27,29,Male,Konya,Fashion,273.0,4,38.52,1053.48,Debit Card,Mobile,9,9,False,3,5,7,3
2254,2023-07-27,21,Male,Istanbul,Toys,74.9,2,0.0,149.8,Digital Wallet,Desktop,31,7,True,9,5,7,3
2255,2023-07-27,18,Male,Istanbul,Home & Garden,935.46,1,0.0,935.46,Credit Card,Desktop,18,10,False,6,5,7,3
2256,2023-07-27,28,Male,Bursa,Home & Garden,324.27,2,0.0,648.54,Debit Card,Mobile,12,3,False,5,3,7,3
2257,2023-07-27,31,Male,Ankara,Fashion,122.3,3,0.0,366.9,Credit Card,Desktop,17,8,True,3,3,7,3
2258,2023-07-27,48,Female,Gaziantep,Toys,196.68,5,0.0,983.4,Credit Card,Mobile,12,6,True,4,5,7,3
2259,2023-07-27,34,Female,Istanbul,Toys,121.45,1,0.0,121.45,Credit Card,Mobile,8,12,False,5,4,7,3
2260,2023-07-27,32,Female,Konya,Beauty,54.07,1,0.0,54.07,Digital Wallet,Mobile,14,12,False,8,5,7,3
2261,2023-07-28,35,Male,Istanbul,Beauty,54.16,5,0.0,270.8,Credit Card,Mobile,12,11,False,6,5,7,4
2262,2023-07-28,43,Female,Istanbul,Beauty,210.09,1,41.67,168.42,Debit Card,Desktop,25,6,True,5,5,7,4
2263,2023-07-28,30,Male,Ankara,Food,115.87,1,0.0,115.87,Credit Card,Mobile,6,8,True,5,5,7,4
2264,2023-07-28,25,Male,Istanbul,Books,76.33,1,0.0,76.33,Credit Card,Mobile,22,13,True,8,2,7,4
2265,2023-07-28,27,Male,Antalya,Sports,287.36,2,0.0,574.72,Bank Transfer,Mobile,23,12,True,5,4,7,4
2266,2023-07-28,29,Female,Istanbul,Beauty,64.76,4,0.0,259.04,Debit Card,Mobile,8,3,False,11,5,7,4
2267,2023-07-28,18,Male,Istanbul,Beauty,41.08,4,0.0,164.32,Digital Wallet,Mobile,50,13,True,2,3,7,4
2268,2023-07-28,48,Female,Izmir,Fashion,350.76,4,51.81,1351.23,Debit Card,Mobile,22,10,False,7,3,7,4
2269,2023-07-28,52,Male,Istanbul,Sports,1241.9,3,0.0,3725.7,Bank Transfer,Mobile,13,8,True,3,4,7,4
2270,2023-07-28,52,Male,Antalya,Home & Garden,1217.93,1,0.0,1217.93,Credit Card,Desktop,17,6,False,7,3,7,4
2271,2023-07-29,40,Female,Kayseri,Books,41.52,1,0.0,41.52,Debit Card,Mobile,26,12,False,5,4,7,5
2272,2023-07-29,26,Male,Antalya,Beauty,104.65,2,19.99,189.31,Debit Card,Mobile,17,8,False,4,4,7,5
2273,2023-07-29,37,Female,Bursa,Beauty,36.77,5,0.0,183.85,Credit Card,Desktop,9,12,True,7,5,7,5
2274,2023-07-29,48,Male,Kayseri,Home & Garden,126.72,1,0.0,126.72,Digital Wallet,Mobile,10,10,True,10,5,7,5
2275,2023-07-29,34,Male,Ankara,Toys,238.12,2,0.0,476.24,Bank Transfer,Tablet,18,7,True,4,5,7,5
2276,2023-07-29,40,Female,Gaziantep,Electronics,804.85,2,0.0,1609.7,Credit Card,Mobile,23,6,True,3,3,7,5
2277,2023-07-29,39,Male,Istanbul,Books,49.03,2,11.07,86.99,Credit Card,Desktop,4,6,False,11,5,7,5
2278,2023-07-29,37,Male,Ankara,Food,15.57,1,0.0,15.57,Debit Card,Mobile,33,8,False,8,4,7,5
2279,2023-07-29,29,Male,Bursa,Fashion,154.07,2,0.0,308.14,Debit Card,Desktop,12,12,True,5,5,7,5
2280,2023-07-29,43,Female,Gaziantep,Fashion,67.42,1,0.0,67.42,Cash on Delivery,Mobile,15,5,False,4,4,7,5
2281,2023-07-29,34,Male,Eskisehir,Books,23.85,1,1.7,22.15,Credit Card,Desktop,24,8,False,7,4,7,5
2282,2023-07-29,29,Female,Istanbul,Sports,1242.78,3,294.97,3433.37,Debit Card,Tablet,25,8,True,3,5,7,5
2283,2023-07-30,18,Male,Adana,Food,96.26,1,0.0,96.26,Digital Wallet,Tablet,25,10,False,12,5,7,6
2284,2023-07-30,27,Female,Kayseri,Electronics,1548.15,1,0.0,1548.15,Debit Card,Desktop,14,6,False,7,4,7,6
2285,2023-07-30,18,Female,Ankara,Books,49.59,1,0.0,49.59,Bank Transfer,Desktop,23,9,False,7,2,7,6
2286,2023-07-30,36,Male,Ankara,Food,10.57,4,1.11,41.17,Debit Card,Mobile,23,12,True,5,4,7,6
2287,2023-07-30,38,Female,Izmir,Home & Garden,516.2,5,0.0,2581.0,Credit Card,Mobile,9,9,True,8,5,7,6
2288,2023-07-30,49,Female,Bursa,Food,97.49,3,0.0,292.47,Credit Card,Mobile,16,12,False,8,3,7,6
2289,2023-07-30,31,Female,Istanbul,Toys,115.2,2,0.0,230.4,Credit Card,Mobile,19,10,False,11,5,7,6
2290,2023-07-30,19,Male,Istanbul,Electronics,3361.82,1,0.0,3361.82,Cash on Delivery,Desktop,15,10,True,7,3,7,6
2291,2023-07-30,33,Male,Bursa,Sports,72.16,1,0.0,72.16,Bank Transfer,Desktop,7,14,True,4,3,7,6
2292,2023-07-30,34,Female,Antalya,Home & Garden,435.64,3,0.0,1306.92,Credit Card,Desktop,4,15,True,4,3,7,6
2293,2023-07-30,30,Female,Istanbul,Beauty,61.36,2,0.0,122.72,Debit Card,Mobile,11,8,False,9,4,7,6
2294,2023-07-30,34,Female,Istanbul,Electronics,756.3,4,162.57,2862.63,Credit Card,Tablet,17,15,True,5,3,7,6
2295,2023-07-31,55,Female,Antalya,Toys,114.58,1,0.0,114.58,Debit Card,Mobile,26,4,True,5,3,7,0
2296,2023-07-31,21,Male,Istanbul,Sports,636.0,1,0.0,636.0,Digital Wallet,Tablet,18,9,True,3,5,7,0
2297,2023-07-31,49,Male,Istanbul,Food,53.37,1,0.0,53.37,Credit Card,Desktop,19,7,True,5,5,7,0
2298,2023-07-31,20,Male,Adana,Fashion,307.64,1,0.0,307.64,Credit Card,Mobile,1,9,True,7,5,7,0
2299,2023-07-31,18,Male,Antalya,Sports,227.16,1,0.0,227.16,Debit Card,Mobile,9,6,False,3,4,7,0
2300,2023-07-31,35,Female,Adana,Fashion,200.1,3,0.0,600.3,Credit Card,Tablet,22,11,False,1,5,7,0
2301,2023-07-31,19,Male,Adana,Fashion,260.48,2,0.0,520.96,Credit Card,Tablet,20,9,True,12,4,7,0
2302,2023-07-31,43,Male,Ankara,Sports,573.79,4,66.43,2228.73,Credit Card,Desktop,14,11,True,5,3,7,0
2303,2023-07-31,22,Female,Istanbul,Sports,1597.46,4,0.0,6389.84,Digital Wallet,Desktop,5,8,True,7,5,7,0
2304,2023-07-31,26,Female,Istanbul,Books,56.39,1,0.0,56.39,Debit Card,Mobile,33,12,True,4,4,7,0
2305,2023-07-31,18,Female,Eskisehir,Beauty,50.19,1,0.0,50.19,Debit Card,Desktop,19,12,False,5,4,7,0
2306,2023-08-01,41,Female,Adana,Beauty,86.32,2,0.0,172.64,Debit Card,Mobile,12,10,True,1,3,8,1
2307,2023-08-01,54,Male,Istanbul,Toys,346.05,3,0.0,1038.15,Debit Card,Mobile,22,9,False,3,2,8,1
2308,2023-08-01,62,Female,Bursa,Beauty,143.44,5,42.65,674.55,Cash on Delivery,Mobile,13,9,False,9,5,8,1
2309,2023-08-01,35,Male,Istanbul,Food,92.68,4,0.0,370.72,Bank Transfer,Mobile,5,7,True,8,4,8,1
2310,2023-08-01,29,Female,Ankara,Electronics,1756.72,2,0.0,3513.44,Debit Card,Mobile,10,14,True,7,3,8,1
2311,2023-08-01,46,Male,Izmir,Fashion,151.92,1,0.0,151.92,Credit Card,Mobile,17,6,False,2,5,8,1
2312,2023-08-01,41,Female,Izmir,Fashion,148.93,1,0.0,148.93,Digital Wallet,Desktop,19,8,True,9,5,8,1
2313,2023-08-01,66,Female,Konya,Books,20.32,2,0.0,40.64,Credit Card,Tablet,24,11,True,9,5,8,1
2314,2023-08-01,35,Female,Adana,Electronics,3865.01,1,0.0,3865.01,Digital Wallet,Mobile,8,13,True,7,4,8,1
2315,2023-08-01,18,Male,Gaziantep,Books,59.33,1,10.83,48.5,Debit Card,Mobile,12,8,True,7,5,8,1
2316,2023-08-01,40,Male,Gaziantep,Sports,749.2,2,0.0,1498.4,Credit Card,Desktop,14,7,True,8,4,8,1
2317,2023-08-01,27,Female,Istanbul,Electronics,2892.12,2,0.0,5784.24,Cash on Delivery,Desktop,30,6,True,9,4,8,1
2318,2023-08-01,32,Male,Istanbul,Fashion,190.2,3,0.0,570.6,Credit Card,Desktop,12,6,True,13,1,8,1
2319,2023-08-01,46,Male,Kayseri,Home & Garden,401.5,2,0.0,803.0,Credit Card,Mobile,17,8,True,7,5,8,1
2320,2023-08-01,49,Male,Istanbul,Home & Garden,523.27,2,0.0,1046.54,Credit Card,Tablet,22,14,True,6,5,8,1
2321,2023-08-01,43,Male,Adana,Books,68.45,1,0.0,68.45,Credit Card,Mobile,17,8,False,7,5,8,1
2322,2023-08-01,31,Male,Bursa,Beauty,118.15,4,8.0,464.6,Debit Card,Mobile,4,12,True,7,4,8,1
2323,2023-08-02,31,Other,Eskisehir,Electronics,2219.97,2,0.0,4439.94,Credit Card,Tablet,11,7,True,5,2,8,2
2324,2023-08-02,31,Male,Izmir,Toys,141.71,2,31.9,251.52,Debit Card,Mobile,9,4,True,5,2,8,2
2325,2023-08-02,40,Female,Antalya,Electronics,419.29,3,43.28,1214.59,Debit Card,Mobile,11,8,True,4,3,8,2
2326,2023-08-02,34,Female,Istanbul,Food,58.11,1,0.0,58.11,Credit Card,Mobile,27,6,True,5,4,8,2
2327,2023-08-02,18,Female,Konya,Sports,982.61,2,253.09,1712.13,Digital Wallet,Desktop,16,22,False,1,4,8,2
2328,2023-08-02,19,Male,Istanbul,Home & Garden,251.44,2,18.21,484.67,Digital Wallet,Mobile,7,7,False,2,4,8,2
2329,2023-08-02,37,Male,Istanbul,Food,45.37,4,0.0,181.48,Debit Card,Mobile,27,10,True,15,4,8,2
2330,2023-08-02,35,Male,Gaziantep,Books,98.36,2,12.48,184.24,Debit Card,Mobile,11,8,True,3,4,8,2
2331,2023-08-02,60,Male,Gaziantep,Electronics,1530.97,1,0.0,1530.97,Debit Card,Desktop,24,9,False,3,5,8,2
2332,2023-08-02,37,Male,Istanbul,Electronics,1528.98,2,0.0,3057.96,Bank Transfer,Mobile,24,8,True,3,4,8,2
2333,2023-08-03,27,Male,Izmir,Beauty,131.13,1,0.0,131.13,Debit Card,Desktop,34,8,False,5,2,8,3
2334,2023-08-03,43,Male,Istanbul,Beauty,87.59,1,5.76,81.83,Bank Transfer,Tablet,16,4,False,8,4,8,3
2335,2023-08-03,32,Female,Antalya,Books,29.74,2,0.0,59.48,Digital Wallet,Mobile,3,13,True,2,5,8,3
2336,2023-08-03,23,Male,Kayseri,Food,27.83,1,0.0,27.83,Digital Wallet,Desktop,28,14,True,9,4,8,3
2337,2023-08-03,43,Male,Gaziantep,Home & Garden,534.05,2,64.13,1003.97,Credit Card,Desktop,8,9,False,3,5,8,3
2338,2023-08-03,27,Female,Izmir,Beauty,184.47,1,0.0,184.47,Credit Card,Mobile,15,9,True,6,5,8,3
2339,2023-08-03,32,Female,Bursa,Sports,320.97,3,0.0,962.91,Credit Card,Mobile,16,14,True,8,3,8,3
2340,2023-08-03,38,Female,Bursa,Home & Garden,258.26,1,0.0,258.26,Bank Transfer,Desktop,3,7,True,2,5,8,3
2341,2023-08-03,34,Male,Ankara,Electronics,921.19,1,0.0,921.19,Credit Card,Mobile,9,15,False,3,5,8,3
2342,2023-08-03,45,Other,Istanbul,Electronics,1290.72,1,0.0,1290.72,Credit Card,Desktop,2,9,False,7,5,8,3
2343,2023-08-03,42,Male,Ankara,Electronics,1022.98,1,0.0,1022.98,Credit Card,Desktop,18,14,True,3,1,8,3
2344,2023-08-03,18,Male,Adana,Fashion,321.34,1,43.13,278.21,Debit Card,Mobile,28,10,True,6,4,8,3
2345,2023-08-03,20,Male,Adana,Electronics,3051.01,3,0.0,9153.03,Debit Card,Desktop,10,8,True,8,3,8,3
2346,2023-08-03,26,Male,Izmir,Toys,125.48,1,34.23,91.25,Credit Card,Mobile,12,6,True,4,5,8,3
2347,2023-08-04,25,Male,Ankara,Home & Garden,827.33,3,0.0,2481.99,Debit Card,Mobile,4,12,True,11,2,8,4
2348,2023-08-04,41,Male,Izmir,Toys,602.4,3,0.0,1807.2,Digital Wallet,Desktop,16,11,False,6,3,8,4
2349,2023-08-04,56,Male,Gaziantep,Food,120.98,3,0.0,362.94,Credit Card,Desktop,21,11,False,2,4,8,4
2350,2023-08-04,27,Female,Bursa,Toys,425.87,2,0.0,851.74,Credit Card,Mobile,39,9,True,9,2,8,4
2351,2023-08-04,18,Male,Konya,Sports,541.25,1,0.0,541.25,Digital Wallet,Mobile,4,13,True,4,5,8,4
2352,2023-08-04,39,Female,Konya,Sports,347.79,2,26.74,668.84,Digital Wallet,Mobile,16,6,True,6,3,8,4
2353,2023-08-04,29,Female,Konya,Beauty,61.98,1,0.0,61.98,Digital Wallet,Desktop,11,8,True,6,4,8,4
2354,2023-08-04,32,Male,Kayseri,Beauty,121.81,4,20.55,466.69,Credit Card,Mobile,7,11,True,5,5,8,4
2355,2023-08-05,18,Male,Konya,Toys,33.01,3,0.0,99.03,Debit Card,Desktop,22,8,True,7,4,8,5
2356,2023-08-05,28,Female,Istanbul,Toys,176.15,5,12.35,868.4,Bank Transfer,Tablet,10,9,True,3,3,8,5
2357,2023-08-05,19,Male,Izmir,Food,50.26,1,0.0,50.26,Credit Card,Desktop,7,6,True,3,5,8,5
2358,2023-08-05,24,Female,Konya,Beauty,99.2,1,0.0,99.2,Credit Card,Desktop,13,10,True,3,3,8,5
2359,2023-08-05,46,Male,Istanbul,Food,79.85,1,0.0,79.85,Credit Card,Mobile,10,11,False,9,5,8,5
2360,2023-08-05,33,Female,Istanbul,Toys,130.09,5,0.0,650.45,Credit Card,Tablet,4,12,True,3,5,8,5
2361,2023-08-05,25,Male,Istanbul,Sports,239.25,3,0.0,717.75,Credit Card,Mobile,17,8,True,5,4,8,5
2362,2023-08-05,32,Female,Ankara,Home & Garden,343.67,1,0.0,343.67,Debit Card,Desktop,10,11,True,11,5,8,5
2363,2023-08-05,37,Male,Bursa,Home & Garden,697.98,3,167.79,1926.15,Debit Card,Tablet,17,14,True,12,4,8,5
2364,2023-08-05,27,Female,Bursa,Toys,216.72,1,0.0,216.72,Bank Transfer,Mobile,20,7,False,2,3,8,5
2365,2023-08-05,24,Male,Istanbul,Sports,398.34,2,0.0,796.68,Credit Card,Mobile,12,7,False,7,5,8,5
2366,2023-08-05,29,Female,Izmir,Electronics,2008.25,4,0.0,8033.0,Digital Wallet,Desktop,4,9,True,6,4,8,5
2367,2023-08-05,22,Female,Konya,Food,36.21,2,0.0,72.42,Credit Card,Desktop,16,10,False,4,5,8,5
2368,2023-08-05,20,Female,Kayseri,Food,18.3,5,0.0,91.5,Digital Wallet,Mobile,9,8,True,3,4,8,5
2369,2023-08-05,38,Male,Konya,Books,40.72,2,0.0,81.44,Debit Card,Mobile,12,7,True,7,5,8,5
2370,2023-08-05,26,Female,Ankara,Toys,23.78,2,2.18,45.38,Credit Card,Mobile,15,9,False,10,3,8,5
2371,2023-08-06,55,Male,Istanbul,Toys,209.59,1,57.65,151.94,Credit Card,Desktop,34,13,False,7,4,8,6
2372,2023-08-06,48,Male,Istanbul,Beauty,57.82,3,11.98,161.48,Debit Card,Mobile,8,9,True,1,2,8,6
2373,2023-08-06,28,Female,Antalya,Food,15.82,1,2.08,13.74,Credit Card,Tablet,11,8,False,9,4,8,6
2374,2023-08-06,32,Female,Bursa,Beauty,129.71,1,0.0,129.71,Digital Wallet,Desktop,23,9,False,8,4,8,6
2375,2023-08-06,52,Male,Adana,Electronics,1290.94,1,0.0,1290.94,Digital Wallet,Mobile,16,14,True,13,1,8,6
2376,2023-08-06,40,Female,Istanbul,Home & Garden,1023.65,1,0.0,1023.65,Credit Card,Desktop,6,15,True,12,3,8,6
2377,2023-08-06,23,Male,Adana,Books,84.3,5,0.0,421.5,Credit Card,Mobile,9,6,False,4,5,8,6
2378,2023-08-06,47,Male,Istanbul,Toys,252.4,2,70.3,434.5,Credit Card,Mobile,7,12,True,3,3,8,6
2379,2023-08-07,52,Female,Izmir,Electronics,648.52,5,0.0,3242.6,Bank Transfer,Tablet,4,7,False,8,4,8,0
2380,2023-08-07,27,Female,Ankara,Sports,239.35,1,0.0,239.35,Digital Wallet,Desktop,9,9,False,4,4,8,0
2381,2023-08-07,27,Female,Bursa,Sports,588.7,1,52.1,536.6,Debit Card,Mobile,22,8,True,3,4,8,0
2382,2023-08-07,50,Male,Istanbul,Sports,673.01,3,0.0,2019.03,Credit Card,Mobile,10,6,False,8,5,8,0
2383,2023-08-07,25,Male,Kayseri,Electronics,4257.38,5,1075.09,20211.81,Bank Transfer,Desktop,12,8,False,2,4,8,0
2384,2023-08-07,46,Male,Konya,Food,48.72,3,12.45,133.71,Credit Card,Mobile,8,10,True,8,2,8,0
2385,2023-08-07,27,Male,Izmir,Food,71.36,3,0.0,214.08,Cash on Delivery,Mobile,10,6,False,10,4,8,0
2386,2023-08-07,42,Female,Adana,Sports,857.14,3,0.0,2571.42,Digital Wallet,Mobile,5,10,True,12,2,8,0
2387,2023-08-08,21,Male,Antalya,Electronics,969.29,5,212.87,4633.58,Credit Card,Mobile,15,5,False,4,3,8,1
2388,2023-08-08,43,Male,Ankara,Sports,530.97,1,130.3,400.67,Debit Card,Mobile,8,13,True,3,3,8,1
2389,2023-08-08,23,Female,Bursa,Home & Garden,1137.51,2,0.0,2275.02,Credit Card,Desktop,51,13,True,11,1,8,1
2390,2023-08-08,35,Male,Istanbul,Electronics,2512.78,1,0.0,2512.78,Digital Wallet,Desktop,31,8,True,7,5,8,1
2391,2023-08-08,36,Male,Istanbul,Toys,30.25,1,0.0,30.25,Credit Card,Desktop,20,4,False,2,3,8,1
2392,2023-08-08,25,Male,Izmir,Food,45.21,1,0.0,45.21,Digital Wallet,Tablet,19,2,True,3,5,8,1
2393,2023-08-08,20,Female,Bursa,Toys,128.82,4,0.0,515.28,Digital Wallet,Mobile,4,8,False,12,4,8,1
2394,2023-08-08,26,Male,Adana,Fashion,293.22,3,0.0,879.66,Debit Card,Mobile,11,15,False,11,4,8,1
2395,2023-08-08,42,Male,Adana,Sports,82.69,1,0.0,82.69,Digital Wallet,Desktop,10,13,False,11,5,8,1
2396,2023-08-08,38,Male,Ankara,Books,67.02,1,0.0,67.02,Credit Card,Mobile,17,11,False,14,5,8,1
2397,2023-08-08,34,Female,Eskisehir,Fashion,277.1,3,0.0,831.3,Credit Card,Desktop,13,12,True,4,4,8,1
2398,2023-08-08,30,Male,Izmir,Electronics,1342.44,5,365.02,6347.18,Credit Card,Desktop,5,11,True,9,4,8,1
2399,2023-08-08,21,Female,Istanbul,Home & Garden,2188.26,5,0.0,10941.3,Credit Card,Mobile,15,3,False,7,4,8,1
2400,2023-08-08,45,Female,Istanbul,Books,123.08,1,0.0,123.08,Debit Card,Mobile,10,8,True,9,4,8,1
2401,2023-08-09,34,Male,Ankara,Toys,225.15,1,0.0,225.15,Credit Card,Mobile,5,13,False,8,4,8,2
2402,2023-08-09,44,Female,Izmir,Sports,328.05,4,0.0,1312.2,Debit Card,Desktop,12,2,False,14,2,8,2
2403,2023-08-09,40,Female,Istanbul,Food,20.4,2,0.0,40.8,Credit Card,Desktop,19,10,True,7,5,8,2
2404,2023-08-09,35,Male,Adana,Electronics,5456.52,1,0.0,5456.52,Debit Card,Desktop,19,13,True,4,1,8,2
2405,2023-08-09,18,Female,Konya,Food,113.58,2,0.0,227.16,Credit Card,Mobile,7,11,True,7,4,8,2
2406,2023-08-09,34,Male,Izmir,Toys,127.55,2,26.29,228.81,Credit Card,Mobile,12,12,False,5,4,8,2
2407,2023-08-09,48,Male,Izmir,Books,44.01,1,9.42,34.59,Credit Card,Desktop,22,9,True,4,4,8,2
2408,2023-08-09,21,Female,Adana,Books,50.03,5,11.53,238.62,Digital Wallet,Mobile,36,9,True,7,5,8,2
2409,2023-08-09,43,Male,Istanbul,Electronics,3802.5,1,0.0,3802.5,Credit Card,Desktop,14,7,True,14,4,8,2
2410,2023-08-09,35,Male,Istanbul,Food,28.6,1,0.0,28.6,Debit Card,Mobile,15,8,True,7,4,8,2
2411,2023-08-09,37,Male,Ankara,Fashion,87.27,1,8.64,78.63,Bank Transfer,Desktop,9,12,False,8,4,8,2
2412,2023-08-09,31,Male,Istanbul,Books,33.59,1,0.0,33.59,Debit Card,Desktop,21,10,False,6,5,8,2
2413,2023-08-09,42,Male,Ankara,Toys,161.82,1,0.0,161.82,Debit Card,Desktop,6,9,True,8,3,8,2
2414,2023-08-09,47,Female,Gaziantep,Home & Garden,159.22,2,31.31,287.13,Credit Card,Mobile,12,7,False,3,5,8,2
2415,2023-08-09,41,Female,Ankara,Sports,1110.52,2,0.0,2221.04,Debit Card,Mobile,10,6,True,4,5,8,2
2416,2023-08-10,18,Male,Izmir,Sports,481.95,1,40.12,441.83,Debit Card,Desktop,7,10,True,6,3,8,3
2417,2023-08-10,67,Male,Istanbul,Food,86.86,2,0.0,173.72,Credit Card,Mobile,18,12,True,6,1,8,3
2418,2023-08-10,48,Male,Bursa,Food,112.98,1,28.89,84.09,Credit Card,Mobile,7,9,False,11,5,8,3
2419,2023-08-10,20,Female,Istanbul,Electronics,5278.17,2,0.0,10556.34,Bank Transfer,Tablet,19,7,True,8,4,8,3
2420,2023-08-10,41,Female,Ankara,Beauty,209.1,1,0.0,209.1,Debit Card,Mobile,9,9,False,11,5,8,3
2421,2023-08-10,56,Female,Konya,Sports,671.08,5,0.0,3355.4,Cash on Delivery,Desktop,3,9,True,7,4,8,3
2422,2023-08-11,42,Male,Bursa,Electronics,1391.18,2,0.0,2782.36,Debit Card,Mobile,8,10,True,5,4,8,4
2423,2023-08-11,37,Female,Istanbul,Fashion,451.28,2,0.0,902.56,Credit Card,Desktop,15,8,True,3,5,8,4
2424,2023-08-11,30,Female,Bursa,Books,55.83,1,13.04,42.79,Debit Card,Desktop,8,7,False,20,5,8,4
2425,2023-08-11,27,Female,Istanbul,Toys,191.94,4,42.99,724.77,Credit Card,Desktop,4,7,True,2,1,8,4
2426,2023-08-11,35,Male,Bursa,Toys,249.81,4,0.0,999.24,Bank Transfer,Mobile,16,9,False,6,5,8,4
2427,2023-08-11,42,Female,Antalya,Food,60.23,3,0.0,180.69,Digital Wallet,Mobile,4,7,True,5,4,8,4
2428,2023-08-11,37,Female,Eskisehir,Sports,561.6,3,0.0,1684.8,Bank Transfer,Mobile,16,9,True,4,2,8,4
2429,2023-08-11,35,Male,Kayseri,Home & Garden,591.59,3,0.0,1774.77,Credit Card,Desktop,13,14,False,6,4,8,4
2430,2023-08-11,40,Male,Izmir,Fashion,288.68,1,0.0,288.68,Credit Card,Mobile,3,4,False,6,2,8,4
2431,2023-08-12,26,Male,Adana,Fashion,216.5,1,0.0,216.5,Debit Card,Mobile,12,8,True,4,4,8,5
2432,2023-08-12,27,Male,Izmir,Fashion,324.69,1,0.0,324.69,Bank Transfer,Mobile,5,7,False,5,5,8,5
2433,2023-08-12,46,Male,Izmir,Toys,208.22,1,0.0,208.22,Credit Card,Mobile,18,9,False,8,5,8,5
2434,2023-08-12,18,Male,Ankara,Home & Garden,599.44,1,0.0,599.44,Credit Card,Desktop,16,9,True,5,5,8,5
2435,2023-08-12,20,Male,Ankara,Beauty,74.45,3,5.02,218.33,Debit Card,Desktop,26,9,True,13,5,8,5
2436,2023-08-12,29,Male,Adana,Food,94.37,1,6.99,87.38,Bank Transfer,Mobile,24,10,False,6,3,8,5
2437,2023-08-12,37,Male,Konya,Toys,72.46,3,0.0,217.38,Bank Transfer,Mobile,23,8,True,6,5,8,5
2438,2023-08-12,56,Female,Antalya,Fashion,380.4,1,50.93,329.47,Credit Card,Mobile,1,10,True,5,2,8,5
2439,2023-08-12,41,Female,Istanbul,Books,155.07,5,0.0,775.35,Debit Card,Desktop,2,13,True,5,1,8,5
2440,2023-08-12,39,Male,Ankara,Sports,487.84,5,52.45,2386.75,Credit Card,Desktop,22,5,True,8,5,8,5
2441,2023-08-12,36,Male,Adana,Toys,155.34,1,29.53,125.81,Debit Card,Tablet,23,12,False,7,4,8,5
2442,2023-08-12,40,Male,Bursa,Toys,65.56,5,0.0,327.8,Debit Card,Desktop,33,8,True,8,5,8,5
2443,2023-08-13,18,Male,Istanbul,Books,26.26,2,0.0,52.52,Debit Card,Mobile,23,8,True,8,5,8,6
2444,2023-08-13,18,Female,Istanbul,Food,19.04,2,1.41,36.67,Credit Card,Mobile,14,9,True,4,3,8,6
2445,2023-08-13,53,Female,Istanbul,Books,50.61,1,0.0,50.61,Bank Transfer,Mobile,13,7,True,11,3,8,6
2446,2023-08-13,42,Male,Kayseri,Fashion,314.6,2,0.0,629.2,Credit Card,Mobile,14,8,False,11,5,8,6
2447,2023-08-13,34,Female,Bursa,Books,34.14,5,0.0,170.7,Credit Card,Mobile,4,11,False,3,5,8,6
2448,2023-08-13,52,Male,Ankara,Food,28.67,5,8.34,135.01,Debit Card,Desktop,8,11,True,6,4,8,6
2449,2023-08-13,27,Male,Ankara,Sports,836.48,2,0.0,1672.96,Credit Card,Desktop,32,12,False,5,4,8,6
2450,2023-08-13,20,Female,Antalya,Fashion,212.56,2,0.0,425.12,Debit Card,Desktop,12,19,True,7,4,8,6
2451,2023-08-13,44,Male,Eskisehir,Books,32.53,5,3.22,159.43,Credit Card,Desktop,16,10,True,5,4,8,6
2452,2023-08-13,33,Female,Izmir,Home & Garden,950.12,2,0.0,1900.24,Digital Wallet,Desktop,6,8,False,7,2,8,6
2453,2023-08-13,68,Female,Gaziantep,Electronics,1031.89,2,304.55,1759.23,Debit Card,Mobile,10,6,True,4,3,8,6
2454,2023-08-13,41,Male,Bursa,Food,40.48,2,0.0,80.96,Credit Card,Mobile,6,8,True,2,3,8,6
2455,2023-08-13,18,Female,Adana,Fashion,282.6,3,0.0,847.8,Cash on Delivery,Desktop,17,4,False,4,3,8,6
2456,2023-08-14,45,Female,Kayseri,Sports,256.32,2,0.0,512.64,Credit Card,Desktop,8,8,True,4,4,8,0
2457,2023-08-14,21,Female,Istanbul,Sports,61.73,1,8.44,53.29,Credit Card,Desktop,9,5,True,4,5,8,0
2458,2023-08-14,40,Female,Ankara,Electronics,1095.73,1,308.85,786.88,Digital Wallet,Desktop,18,5,False,2,5,8,0
2459,2023-08-14,32,Male,Ankara,Beauty,49.52,1,0.0,49.52,Bank Transfer,Mobile,17,13,True,10,1,8,0
2460,2023-08-14,35,Female,Istanbul,Electronics,2147.15,1,457.95,1689.2,Credit Card,Tablet,29,7,False,7,1,8,0
2461,2023-08-14,18,Female,Istanbul,Beauty,136.91,3,0.0,410.73,Credit Card,Desktop,9,7,True,8,5,8,0
2462,2023-08-14,29,Female,Istanbul,Toys,230.8,1,0.0,230.8,Digital Wallet,Mobile,7,8,True,6,4,8,0
2463,2023-08-14,31,Male,Eskisehir,Toys,185.7,5,0.0,928.5,Credit Card,Tablet,8,14,True,10,3,8,0
2464,2023-08-14,39,Female,Gaziantep,Home & Garden,892.5,4,101.13,3468.87,Digital Wallet,Mobile,6,14,True,8,4,8,0
2465,2023-08-14,54,Male,Adana,Sports,376.73,1,0.0,376.73,Debit Card,Desktop,20,9,True,6,5,8,0
2466,2023-08-14,22,Male,Adana,Books,37.9,1,0.0,37.9,Debit Card,Mobile,6,9,True,7,3,8,0
2467,2023-08-14,32,Female,Bursa,Sports,182.8,2,0.0,365.6,Cash on Delivery,Desktop,10,7,False,4,4,8,0
2468,2023-08-14,33,Male,Izmir,Electronics,1968.83,1,0.0,1968.83,Cash on Delivery,Mobile,33,4,False,3,4,8,0
2469,2023-08-15,26,Male,Konya,Fashion,310.89,1,16.57,294.32,Digital Wallet,Mobile,7,7,False,14,4,8,1
2470,2023-08-15,48,Male,Istanbul,Home & Garden,429.03,1,0.0,429.03,Credit Card,Mobile,13,4,True,4,4,8,1
2471,2023-08-15,46,Male,Istanbul,Beauty,239.39,2,20.03,458.75,Debit Card,Mobile,23,13,False,3,5,8,1
2472,2023-08-15,40,Male,Izmir,Books,135.77,1,0.0,135.77,Credit Card,Tablet,12,10,False,2,5,8,1
2473,2023-08-15,38,Male,Gaziantep,Beauty,142.03,2,0.0,284.06,Digital Wallet,Tablet,17,8,True,6,4,8,1
2474,2023-08-15,28,Male,Istanbul,Home & Garden,470.28,4,0.0,1881.12,Credit Card,Mobile,5,7,False,10,4,8,1
2475,2023-08-15,47,Male,Konya,Home & Garden,1366.53,5,0.0,6832.65,Debit Card,Desktop,8,8,True,2,5,8,1
2476,2023-08-15,41,Male,Ankara,Books,17.25,3,1.07,50.68,Cash on Delivery,Desktop,14,17,False,3,4,8,1
2477,2023-08-15,20,Female,Antalya,Home & Garden,369.3,1,48.95,320.35,Credit Card,Mobile,15,10,False,4,5,8,1
2478,2023-08-15,36,Female,Bursa,Food,11.45,5,1.88,55.37,Debit Card,Desktop,29,9,True,8,4,8,1
2479,2023-08-15,47,Female,Ankara,Beauty,160.82,1,0.0,160.82,Credit Card,Desktop,37,7,True,9,3,8,1
2480,2023-08-15,26,Female,Kayseri,Electronics,1265.69,1,0.0,1265.69,Credit Card,Mobile,11,7,True,5,2,8,1
2481,2023-08-15,46,Female,Gaziantep,Food,57.31,2,0.0,114.62,Credit Card,Desktop,7,15,False,9,5,8,1
2482,2023-08-15,34,Female,Eskisehir,Books,31.74,2,0.0,63.48,Digital Wallet,Mobile,10,6,True,4,4,8,1
2483,2023-08-15,37,Female,Kayseri,Beauty,264.62,2,0.0,529.24,Digital Wallet,Mobile,29,10,True,8,4,8,1
2484,2023-08-16,47,Female,Izmir,Toys,97.38,3,8.8,283.34,Digital Wallet,Mobile,19,5,False,2,5,8,2
2485,2023-08-16,50,Female,Eskisehir,Fashion,427.23,2,69.91,784.55,Cash on Delivery,Desktop,15,5,True,3,5,8,2
2486,2023-08-16,49,Female,Istanbul,Beauty,112.15,5,0.0,560.75,Credit Card,Mobile,10,12,False,7,4,8,2
2487,2023-08-16,54,Female,Konya,Home & Garden,664.0,3,0.0,1992.0,Debit Card,Desktop,15,2,True,9,3,8,2
2488,2023-08-16,30,Male,Kayseri,Food,106.09,1,0.0,106.09,Debit Card,Mobile,9,13,True,7,4,8,2
2489,2023-08-16,37,Female,Istanbul,Electronics,1734.29,1,345.67,1388.62,Debit Card,Mobile,36,6,False,2,5,8,2
2490,2023-08-16,27,Male,Konya,Beauty,38.62,1,0.0,38.62,Credit Card,Mobile,15,10,True,4,4,8,2
2491,2023-08-16,18,Male,Istanbul,Home & Garden,1033.8,1,278.66,755.14,Credit Card,Mobile,7,6,True,8,5,8,2
2492,2023-08-16,39,Female,Adana,Home & Garden,1143.5,1,192.16,951.34,Credit Card,Mobile,15,7,True,3,5,8,2
2493,2023-08-16,56,Male,Bursa,Beauty,71.88,5,0.0,359.4,Credit Card,Desktop,17,7,False,3,1,8,2
2494,2023-08-16,30,Male,Ankara,Fashion,247.44,1,68.68,178.76,Debit Card,Mobile,17,14,True,6,3,8,2
2495,2023-08-17,34,Male,Kayseri,Electronics,2773.69,2,0.0,5547.38,Debit Card,Mobile,5,7,True,11,4,8,3
2496,2023-08-17,38,Female,Istanbul,Fashion,333.45,1,94.34,239.11,Digital Wallet,Mobile,14,11,True,7,5,8,3
2497,2023-08-17,45,Female,Bursa,Beauty,84.13,1,0.0,84.13,Debit Card,Mobile,23,8,True,3,5,8,3
2498,2023-08-17,34,Other,Izmir,Toys,69.54,1,16.32,53.22,Debit Card,Mobile,20,9,False,8,5,8,3
2499,2023-08-17,48,Female,Bursa,Sports,240.41,2,0.0,480.82,Credit Card,Tablet,17,8,False,3,4,8,3
2500,2023-08-17,32,Female,Adana,Electronics,982.26,2,0.0,1964.52,Debit Card,Mobile,11,6,True,2,4,8,3
2501,2023-08-17,40,Female,Kayseri,Books,19.69,1,0.0,19.69,Bank Transfer,Mobile,28,11,False,6,5,8,3
2502,2023-08-17,55,Male,Istanbul,Fashion,224.49,2,14.64,434.34,Digital Wallet,Mobile,18,8,True,5,4,8,3
2503,2023-08-17,24,Female,Istanbul,Beauty,117.6,1,0.0,117.6,Digital Wallet,Desktop,10,10,True,10,4,8,3
2504,2023-08-17,26,Female,Eskisehir,Beauty,369.99,1,0.0,369.99,Debit Card,Mobile,8,14,True,3,3,8,3
2505,2023-08-18,39,Male,Istanbul,Toys,235.68,4,0.0,942.72,Credit Card,Desktop,5,4,True,3,4,8,4
2506,2023-08-18,33,Male,Adana,Home & Garden,287.45,1,0.0,287.45,Digital Wallet,Desktop,17,9,True,15,5,8,4
2507,2023-08-18,28,Female,Istanbul,Toys,196.38,2,0.0,392.76,Debit Card,Mobile,9,10,False,6,3,8,4
2508,2023-08-18,32,Female,Izmir,Beauty,74.47,1,11.57,62.9,Digital Wallet,Mobile,7,7,True,17,1,8,4
2509,2023-08-18,20,Male,Gaziantep,Home & Garden,873.05,2,0.0,1746.1,Digital Wallet,Mobile,23,7,True,8,4,8,4
2510,2023-08-18,38,Male,Adana,Books,36.15,1,0.0,36.15,Debit Card,Desktop,20,13,True,4,5,8,4
2511,2023-08-18,43,Male,Istanbul,Beauty,36.69,3,0.0,110.07,Cash on Delivery,Desktop,13,3,False,3,5,8,4
2512,2023-08-18,18,Female,Ankara,Fashion,528.51,1,0.0,528.51,Credit Card,Mobile,9,12,True,4,5,8,4
2513,2023-08-18,34,Female,Ankara,Books,20.94,2,0.0,41.88,Credit Card,Desktop,12,10,False,7,2,8,4
2514,2023-08-18,52,Male,Istanbul,Toys,98.15,1,12.6,85.55,Credit Card,Mobile,10,14,True,10,4,8,4
2515,2023-08-19,41,Female,Kayseri,Fashion,203.53,1,0.0,203.53,Credit Card,Desktop,24,5,False,10,2,8,5
2516,2023-08-19,37,Male,Adana,Home & Garden,472.32,3,132.8,1284.16,Credit Card,Desktop,17,7,False,7,4,8,5
2517,2023-08-19,29,Female,Adana,Beauty,144.24,1,0.0,144.24,Debit Card,Mobile,18,9,True,7,5,8,5
2518,2023-08-19,39,Male,Gaziantep,Beauty,117.96,1,14.56,103.4,Credit Card,Tablet,8,11,False,6,4,8,5
2519,2023-08-19,25,Female,Antalya,Books,22.31,1,0.0,22.31,Digital Wallet,Mobile,24,4,True,4,2,8,5
2520,2023-08-19,42,Other,Izmir,Home & Garden,1172.74,1,0.0,1172.74,Credit Card,Tablet,16,11,False,3,3,8,5
2521,2023-08-19,23,Male,Istanbul,Sports,1035.52,1,0.0,1035.52,Debit Card,Mobile,8,10,True,7,5,8,5
2522,2023-08-19,41,Male,Konya,Food,59.76,1,0.0,59.76,Bank Transfer,Mobile,5,5,True,9,5,8,5
2523,2023-08-19,26,Female,Antalya,Fashion,313.11,2,68.52,557.7,Credit Card,Tablet,7,4,True,9,5,8,5
2524,2023-08-19,30,Female,Bursa,Fashion,192.75,3,0.0,578.25,Digital Wallet,Mobile,12,10,True,2,4,8,5
2525,2023-08-19,37,Male,Eskisehir,Sports,136.47,2,0.0,272.94,Credit Card,Mobile,8,9,False,4,4,8,5
2526,2023-08-19,42,Female,Ankara,Home & Garden,898.9,4,0.0,3595.6,Credit Card,Tablet,17,13,True,5,5,8,5
2527,2023-08-19,37,Male,Gaziantep,Sports,327.0,2,0.0,654.0,Debit Card,Desktop,4,4,True,14,2,8,5
2528,2023-08-19,32,Male,Istanbul,Books,73.74,1,0.0,73.74,Debit Card,Mobile,12,12,True,6,3,8,5
2529,2023-08-19,27,Female,Bursa,Food,43.54,5,5.37,212.33,Debit Card,Mobile,29,9,True,7,5,8,5
2530,2023-08-19,41,Female,Istanbul,Fashion,158.36,1,32.45,125.91,Digital Wallet,Mobile,11,8,True,9,5,8,5
2531,2023-08-19,44,Male,Istanbul,Toys,76.59,1,0.0,76.59,Debit Card,Mobile,19,9,True,8,5,8,5
2532,2023-08-19,35,Female,Antalya,Beauty,30.79,1,4.27,26.52,Credit Card,Desktop,10,5,True,1,3,8,5
2533,2023-08-20,50,Male,Istanbul,Fashion,194.15,1,0.0,194.15,Credit Card,Mobile,6,8,False,7,3,8,6
2534,2023-08-20,48,Female,Istanbul,Beauty,98.5,1,18.79,79.71,Credit Card,Tablet,8,11,True,8,5,8,6
2535,2023-08-20,30,Male,Eskisehir,Electronics,1275.59,4,304.13,4798.23,Debit Card,Mobile,9,6,False,2,3,8,6
2536,2023-08-20,18,Male,Istanbul,Sports,1286.51,2,181.6,2391.42,Debit Card,Desktop,9,12,False,9,2,8,6
2537,2023-08-20,52,Female,Istanbul,Food,54.75,2,0.0,109.5,Digital Wallet,Mobile,17,11,True,1,3,8,6
2538,2023-08-20,72,Female,Kayseri,Beauty,51.04,1,0.0,51.04,Credit Card,Mobile,14,6,False,4,3,8,6
2539,2023-08-20,52,Male,Eskisehir,Electronics,1507.76,4,0.0,6031.04,Digital Wallet,Mobile,18,7,False,10,5,8,6
2540,2023-08-20,36,Male,Gaziantep,Electronics,1507.43,5,422.07,7115.08,Debit Card,Mobile,9,11,False,7,1,8,6
2541,2023-08-20,22,Male,Konya,Beauty,85.35,4,19.72,321.68,Credit Card,Mobile,21,10,True,3,4,8,6
2542,2023-08-20,18,Male,Istanbul,Beauty,86.87,5,0.0,434.35,Credit Card,Mobile,9,11,False,2,4,8,6
2543,2023-08-21,23,Male,Ankara,Books,97.02,4,8.56,379.52,Debit Card,Tablet,36,16,True,7,2,8,0
2544,2023-08-21,35,Male,Istanbul,Sports,407.91,1,0.0,407.91,Credit Card,Mobile,18,11,False,8,4,8,0
2545,2023-08-21,18,Female,Istanbul,Home & Garden,542.21,4,0.0,2168.84,Debit Card,Mobile,9,8,True,4,4,8,0
2546,2023-08-21,61,Female,Istanbul,Fashion,211.34,1,0.0,211.34,Cash on Delivery,Desktop,6,14,True,14,5,8,0
2547,2023-08-21,18,Female,Ankara,Toys,32.68,1,0.0,32.68,Digital Wallet,Tablet,41,7,False,6,4,8,0
2548,2023-08-21,18,Female,Bursa,Fashion,214.09,2,0.0,428.18,Debit Card,Desktop,9,9,False,4,4,8,0
2549,2023-08-21,61,Female,Istanbul,Books,74.71,1,3.75,70.96,Debit Card,Mobile,20,7,True,2,4,8,0
2550,2023-08-21,36,Female,Istanbul,Beauty,71.65,1,18.1,53.55,Credit Card,Desktop,26,12,False,6,5,8,0
2551,2023-08-21,29,Male,Izmir,Electronics,283.97,5,0.0,1419.85,Credit Card,Mobile,12,6,False,12,4,8,0
2552,2023-08-21,54,Male,Istanbul,Electronics,526.35,3,0.0,1579.05,Bank Transfer,Desktop,20,12,False,6,2,8,0
2553,2023-08-21,42,Male,Bursa,Sports,1046.04,1,251.72,794.32,Credit Card,Mobile,6,11,True,7,5,8,0
2554,2023-08-21,18,Male,Konya,Sports,889.53,5,90.54,4357.11,Debit Card,Mobile,12,12,False,11,4,8,0
2555,2023-08-21,32,Female,Adana,Electronics,2726.18,5,0.0,13630.9,Digital Wallet,Mobile,26,10,False,4,2,8,0
2556,2023-08-21,48,Female,Ankara,Toys,300.12,1,0.0,300.12,Credit Card,Desktop,15,8,False,8,5,8,0
2557,2023-08-21,32,Male,Adana,Books,24.89,1,0.0,24.89,Digital Wallet,Desktop,14,9,True,10,5,8,0
2558,2023-08-21,43,Female,Ankara,Sports,469.69,1,80.71,388.98,Credit Card,Mobile,12,7,False,9,4,8,0
2559,2023-08-21,41,Male,Ankara,Fashion,112.21,1,0.0,112.21,Debit Card,Mobile,24,8,True,5,3,8,0
2560,2023-08-21,24,Female,Konya,Food,68.58,4,0.0,274.32,Credit Card,Mobile,22,14,True,3,2,8,0
2561,2023-08-21,27,Female,Istanbul,Beauty,189.27,2,45.53,333.01,Digital Wallet,Mobile,9,10,False,11,5,8,0
2562,2023-08-22,39,Male,Kayseri,Home & Garden,672.26,5,0.0,3361.3,Credit Card,Desktop,14,7,True,11,4,8,1
2563,2023-08-22,30,Female,Istanbul,Food,24.66,1,0.0,24.66,Digital Wallet,Mobile,9,13,False,4,3,8,1
2564,2023-08-22,37,Female,Ankara,Sports,983.48,2,0.0,1966.96,Credit Card,Mobile,11,14,False,5,4,8,1
2565,2023-08-22,28,Female,Istanbul,Food,42.49,1,5.61,36.88,Credit Card,Tablet,24,8,True,4,5,8,1
2566,2023-08-22,54,Male,Ankara,Electronics,727.43,5,133.17,3503.98,Debit Card,Desktop,14,13,True,4,5,8,1
2567,2023-08-22,19,Female,Istanbul,Fashion,86.82,1,0.0,86.82,Debit Card,Tablet,10,10,True,6,4,8,1
2568,2023-08-22,38,Female,Istanbul,Beauty,216.17,1,23.99,192.18,Credit Card,Desktop,3,9,False,10,4,8,1
2569,2023-08-22,18,Female,Istanbul,Fashion,78.94,1,0.0,78.94,Credit Card,Desktop,18,8,True,14,4,8,1
2570,2023-08-22,28,Male,Adana,Sports,337.86,1,0.0,337.86,Credit Card,Desktop,31,8,False,12,4,8,1
2571,2023-08-22,42,Male,Bursa,Home & Garden,504.52,1,100.23,404.29,Credit Card,Mobile,17,13,True,9,4,8,1
2572,2023-08-22,27,Male,Ankara,Beauty,77.33,1,20.74,56.59,Bank Transfer,Mobile,23,11,False,9,5,8,1
2573,2023-08-22,34,Male,Ankara,Home & Garden,137.99,4,0.0,551.96,Credit Card,Mobile,6,8,True,7,4,8,1
2574,2023-08-22,37,Male,Ankara,Books,81.07,1,0.0,81.07,Debit Card,Desktop,16,11,True,4,4,8,1
2575,2023-08-23,18,Male,Istanbul,Fashion,137.71,1,0.0,137.71,Digital Wallet,Mobile,10,12,False,7,4,8,2
2576,2023-08-23,34,Male,Kayseri,Books,24.23,1,0.0,24.23,Bank Transfer,Mobile,7,24,True,3,1,8,2
2577,2023-08-23,50,Male,Adana,Books,69.61,1,5.46,64.15,Cash on Delivery,Desktop,24,4,False,10,4,8,2
2578,2023-08-23,41,Female,Istanbul,Electronics,327.26,1,76.19,251.07,Credit Card,Mobile,6,13,False,8,4,8,2
2579,2023-08-23,43,Female,Bursa,Sports,905.87,4,0.0,3623.48,Debit Card,Desktop,19,10,True,2,4,8,2
2580,2023-08-23,48,Male,Istanbul,Books,118.65,3,9.15,346.8,Debit Card,Tablet,11,6,True,3,5,8,2
2581,2023-08-23,28,Male,Ankara,Home & Garden,150.81,2,0.0,301.62,Digital Wallet,Mobile,6,8,False,7,5,8,2
2582,2023-08-23,34,Female,Konya,Home & Garden,172.79,1,30.83,141.96,Digital Wallet,Mobile,16,9,False,11,4,8,2
2583,2023-08-23,22,Female,Ankara,Sports,587.22,2,0.0,1174.44,Debit Card,Mobile,10,8,False,8,4,8,2
2584,2023-08-23,35,Female,Kayseri,Fashion,91.4,1,0.0,91.4,Credit Card,Tablet,7,6,True,6,5,8,2
2585,2023-08-23,46,Male,Istanbul,Food,52.21,1,0.0,52.21,Credit Card,Desktop,20,7,True,4,5,8,2
2586,2023-08-23,31,Male,Bursa,Books,20.44,1,0.0,20.44,Credit Card,Desktop,16,9,True,8,3,8,2
2587,2023-08-23,37,Female,Adana,Home & Garden,1555.07,4,0.0,6220.28,Debit Card,Mobile,8,8,True,8,4,8,2
2588,2023-08-23,18,Female,Izmir,Toys,114.43,1,0.0,114.43,Credit Card,Desktop,13,7,False,13,5,8,2
2589,2023-08-24,40,Female,Izmir,Toys,212.57,1,0.0,212.57,Digital Wallet,Desktop,8,8,True,7,4,8,3
2590,2023-08-24,32,Male,Antalya,Home & Garden,1218.98,1,0.0,1218.98,Debit Card,Mobile,3,11,True,10,4,8,3
2591,2023-08-24,20,Female,Bursa,Food,38.88,4,3.3,152.22,Debit Card,Mobile,22,6,True,4,5,8,3
2592,2023-08-24,44,Male,Istanbul,Electronics,1342.64,1,0.0,1342.64,Credit Card,Desktop,11,6,False,4,4,8,3
2593,2023-08-24,19,Female,Izmir,Electronics,3119.2,1,0.0,3119.2,Cash on Delivery,Mobile,4,16,False,15,4,8,3
2594,2023-08-24,31,Male,Bursa,Food,109.15,1,0.0,109.15,Cash on Delivery,Desktop,1,7,True,8,5,8,3
2595,2023-08-24,38,Female,Kayseri,Home & Garden,265.55,5,0.0,1327.75,Debit Card,Mobile,7,8,True,2,2,8,3
2596,2023-08-24,24,Female,Konya,Fashion,141.9,5,42.27,667.23,Digital Wallet,Mobile,33,9,True,7,4,8,3
2597,2023-08-24,26,Female,Konya,Beauty,191.78,1,0.0,191.78,Credit Card,Mobile,10,11,False,5,1,8,3
2598,2023-08-24,33,Male,Gaziantep,Books,38.51,1,0.0,38.51,Debit Card,Mobile,3,8,False,8,5,8,3
2599,2023-08-24,51,Male,Istanbul,Toys,121.5,1,0.0,121.5,Credit Card,Tablet,31,7,False,7,4,8,3
2600,2023-08-25,44,Female,Ankara,Toys,81.08,2,15.22,146.94,Debit Card,Mobile,22,8,False,10,3,8,4
2601,2023-08-25,18,Female,Konya,Toys,245.23,1,0.0,245.23,Digital Wallet,Mobile,12,12,True,4,4,8,4
2602,2023-08-25,33,Female,Ankara,Food,93.24,1,0.0,93.24,Credit Card,Mobile,31,7,True,6,5,8,4
2603,2023-08-25,47,Female,Kayseri,Electronics,2657.99,1,0.0,2657.99,Debit Card,Desktop,27,7,True,6,4,8,4
2604,2023-08-25,29,Female,Istanbul,Sports,1094.3,4,0.0,4377.2,Cash on Delivery,Tablet,6,10,False,3,3,8,4
2605,2023-08-25,36,Female,Ankara,Toys,365.12,2,0.0,730.24,Bank Transfer,Mobile,3,12,True,13,2,8,4
2606,2023-08-25,56,Female,Istanbul,Fashion,79.19,2,9.6,148.78,Credit Card,Mobile,22,10,False,5,3,8,4
2607,2023-08-25,29,Female,Istanbul,Sports,523.16,5,0.0,2615.8,Bank Transfer,Mobile,11,6,True,8,4,8,4
2608,2023-08-25,52,Female,Ankara,Sports,122.26,5,6.58,604.72,Credit Card,Desktop,34,10,False,9,4,8,4
2609,2023-08-25,46,Female,Konya,Beauty,42.63,1,0.0,42.63,Debit Card,Mobile,20,12,False,2,1,8,4
2610,2023-08-25,27,Female,Adana,Food,119.38,1,20.71,98.67,Digital Wallet,Mobile,14,9,False,2,5,8,4
2611,2023-08-25,40,Female,Konya,Home & Garden,449.44,2,61.85,837.03,Debit Card,Mobile,7,12,True,4,4,8,4
2612,2023-08-26,65,Male,Adana,Beauty,150.64,5,0.0,753.2,Credit Card,Desktop,18,6,True,10,2,8,5
2613,2023-08-26,18,Male,Adana,Fashion,378.91,3,92.92,1043.81,Bank Transfer,Mobile,12,8,True,14,4,8,5
2614,2023-08-26,18,Male,Gaziantep,Sports,661.33,1,197.73,463.6,Digital Wallet,Mobile,6,6,True,12,5,8,5
2615,2023-08-26,33,Male,Bursa,Books,96.13,5,0.0,480.65,Cash on Delivery,Tablet,17,11,True,12,4,8,5
2616,2023-08-26,28,Male,Ankara,Toys,48.22,2,0.0,96.44,Digital Wallet,Desktop,37,9,False,6,5,8,5
2617,2023-08-26,60,Female,Kayseri,Food,112.22,3,0.0,336.66,Bank Transfer,Mobile,4,11,False,8,4,8,5
2618,2023-08-26,22,Male,Istanbul,Electronics,1027.22,2,0.0,2054.44,Debit Card,Mobile,11,6,False,8,4,8,5
2619,2023-08-26,22,Male,Bursa,Beauty,54.48,2,0.0,108.96,Digital Wallet,Desktop,13,16,False,6,5,8,5
2620,2023-08-26,38,Male,Antalya,Books,15.54,1,0.0,15.54,Bank Transfer,Tablet,23,6,False,2,4,8,5
2621,2023-08-26,56,Female,Ankara,Food,5.18,5,0.0,25.9,Credit Card,Mobile,7,8,True,7,5,8,5
2622,2023-08-26,43,Female,Istanbul,Books,64.14,3,0.0,192.42,Debit Card,Mobile,37,13,True,6,4,8,5
2623,2023-08-26,25,Male,Adana,Beauty,198.64,1,0.0,198.64,Debit Card,Mobile,16,10,False,3,4,8,5
2624,2023-08-27,44,Female,Konya,Electronics,1125.35,1,0.0,1125.35,Digital Wallet,Desktop,25,4,True,6,5,8,6
2625,2023-08-27,39,Male,Gaziantep,Books,44.05,2,0.0,88.1,Cash on Delivery,Tablet,8,10,True,6,3,8,6
2626,2023-08-27,19,Female,Ankara,Sports,520.13,1,0.0,520.13,Credit Card,Mobile,21,8,False,8,5,8,6
2627,2023-08-27,35,Male,Istanbul,Home & Garden,358.46,2,66.24,650.68,Credit Card,Mobile,13,14,False,4,5,8,6
2628,2023-08-27,32,Female,Istanbul,Electronics,269.88,2,44.68,495.08,Digital Wallet,Tablet,13,8,False,8,5,8,6
2629,2023-08-27,27,Female,Ankara,Sports,1129.31,1,0.0,1129.31,Credit Card,Mobile,13,7,False,4,5,8,6
2630,2023-08-27,32,Female,Bursa,Books,27.62,1,0.0,27.62,Debit Card,Mobile,20,9,False,11,2,8,6
2631,2023-08-27,43,Male,Adana,Electronics,727.5,1,0.0,727.5,Credit Card,Desktop,9,9,False,2,5,8,6
2632,2023-08-27,24,Male,Antalya,Books,53.83,1,0.0,53.83,Cash on Delivery,Mobile,10,5,True,8,4,8,6
2633,2023-08-27,46,Female,Istanbul,Food,185.36,2,10.78,359.94,Cash on Delivery,Tablet,5,9,True,7,5,8,6
2634,2023-08-27,29,Female,Ankara,Beauty,49.45,1,12.53,36.92,Credit Card,Mobile,36,10,False,7,4,8,6
2635,2023-08-27,55,Male,Antalya,Sports,91.89,1,18.72,73.17,Credit Card,Desktop,14,17,False,5,4,8,6
2636,2023-08-28,27,Male,Konya,Toys,48.28,5,4.64,236.76,Debit Card,Desktop,30,6,False,2,5,8,0
2637,2023-08-28,56,Male,Izmir,Sports,123.22,1,8.52,114.7,Debit Card,Mobile,21,9,True,4,5,8,0
2638,2023-08-28,29,Male,Istanbul,Fashion,392.62,1,0.0,392.62,Credit Card,Desktop,35,8,True,4,4,8,0
2639,2023-08-28,36,Male,Kayseri,Home & Garden,1077.56,1,0.0,1077.56,Debit Card,Desktop,12,16,False,6,4,8,0
2640,2023-08-28,30,Female,Istanbul,Toys,179.1,1,51.29,127.81,Debit Card,Desktop,3,8,True,7,5,8,0
2641,2023-08-28,35,Female,Konya,Toys,118.56,2,10.62,226.5,Debit Card,Mobile,6,12,True,19,4,8,0
2642,2023-08-28,32,Female,Kayseri,Electronics,1190.18,3,237.57,3332.97,Debit Card,Mobile,7,9,True,14,4,8,0
2643,2023-08-28,40,Female,Izmir,Fashion,697.11,1,0.0,697.11,Credit Card,Tablet,11,6,True,19,4,8,0
2644,2023-08-29,36,Male,Kayseri,Books,30.1,3,0.0,90.3,Credit Card,Mobile,15,4,True,7,3,8,1
2645,2023-08-29,31,Female,Istanbul,Sports,370.07,3,68.87,1041.34,Credit Card,Mobile,4,10,False,3,5,8,1
2646,2023-08-29,21,Male,Istanbul,Toys,109.19,2,25.11,193.27,Credit Card,Mobile,5,10,True,6,5,8,1
2647,2023-08-29,44,Female,Ankara,Electronics,1897.92,5,443.01,9046.59,Cash on Delivery,Mobile,16,13,False,4,4,8,1
2648,2023-08-29,53,Male,Istanbul,Beauty,118.64,5,0.0,593.2,Digital Wallet,Mobile,8,6,True,2,4,8,1
2649,2023-08-29,42,Female,Konya,Fashion,438.47,1,0.0,438.47,Debit Card,Desktop,9,5,True,3,4,8,1
2650,2023-08-29,39,Female,Ankara,Fashion,94.88,2,0.0,189.76,Credit Card,Desktop,53,15,False,5,5,8,1
2651,2023-08-29,49,Male,Istanbul,Fashion,398.11,5,0.0,1990.55,Debit Card,Desktop,15,7,False,7,4,8,1
2652,2023-08-29,45,Female,Adana,Fashion,316.48,1,0.0,316.48,Digital Wallet,Mobile,16,10,True,4,4,8,1
2653,2023-08-29,40,Male,Konya,Electronics,750.15,1,0.0,750.15,Digital Wallet,Tablet,12,3,True,5,4,8,1
2654,2023-08-29,18,Female,Istanbul,Fashion,835.35,3,0.0,2506.05,Credit Card,Mobile,6,7,False,7,5,8,1
2655,2023-08-29,24,Male,Antalya,Toys,314.52,2,29.46,599.58,Bank Transfer,Mobile,3,8,False,3,4,8,1
2656,2023-08-29,37,Male,Istanbul,Sports,177.92,1,36.84,141.08,Debit Card,Mobile,18,9,True,1,5,8,1
2657,2023-08-30,36,Female,Ankara,Sports,70.14,4,0.0,280.56,Bank Transfer,Desktop,17,11,False,10,3,8,2
2658,2023-08-30,30,Male,Adana,Electronics,4607.0,1,509.91,4097.09,Credit Card,Mobile,3,5,True,4,5,8,2
2659,2023-08-30,26,Other,Istanbul,Beauty,53.01,2,0.0,106.02,Cash on Delivery,Tablet,5,11,True,2,3,8,2
2660,2023-08-30,35,Female,Istanbul,Electronics,447.31,3,40.37,1301.56,Bank Transfer,Desktop,6,14,False,9,5,8,2
2661,2023-08-30,28,Male,Antalya,Sports,841.62,1,83.91,757.71,Digital Wallet,Desktop,8,7,False,15,5,8,2
2662,2023-08-30,43,Female,Gaziantep,Beauty,94.74,5,11.2,462.5,Credit Card,Desktop,6,10,True,6,4,8,2
2663,2023-08-30,57,Female,Gaziantep,Food,148.63,1,0.0,148.63,Credit Card,Desktop,6,8,True,3,5,8,2
2664,2023-08-30,24,Female,Eskisehir,Electronics,599.26,1,0.0,599.26,Credit Card,Mobile,6,6,True,14,4,8,2
2665,2023-08-30,47,Male,Konya,Sports,263.81,3,0.0,791.43,Credit Card,Mobile,21,6,True,7,5,8,2
2666,2023-08-31,25,Female,Ankara,Home & Garden,674.15,5,0.0,3370.75,Debit Card,Mobile,12,8,True,3,5,8,3
2667,2023-08-31,31,Male,Gaziantep,Fashion,156.97,1,0.0,156.97,Credit Card,Mobile,4,13,False,17,5,8,3
2668,2023-08-31,47,Female,Istanbul,Food,61.71,1,0.0,61.71,Credit Card,Mobile,12,9,False,6,3,8,3
2669,2023-08-31,50,Female,Izmir,Home & Garden,1406.24,1,0.0,1406.24,Debit Card,Desktop,15,8,True,4,3,8,3
2670,2023-08-31,48,Female,Istanbul,Sports,1266.08,1,0.0,1266.08,Credit Card,Desktop,14,11,True,8,4,8,3
2671,2023-08-31,37,Male,Izmir,Electronics,2542.78,1,0.0,2542.78,Credit Card,Mobile,21,11,True,3,4,8,3
2672,2023-08-31,59,Male,Adana,Electronics,3075.95,1,0.0,3075.95,Debit Card,Mobile,10,12,False,5,5,8,3
2673,2023-08-31,33,Female,Istanbul,Fashion,235.52,4,0.0,942.08,Bank Transfer,Mobile,9,5,True,3,3,8,3
2674,2023-08-31,18,Female,Bursa,Electronics,641.05,3,64.82,1858.33,Credit Card,Desktop,18,7,True,2,4,8,3
2675,2023-08-31,42,Male,Ankara,Beauty,90.99,1,0.0,90.99,Digital Wallet,Mobile,11,8,True,6,4,8,3
2676,2023-08-31,32,Male,Istanbul,Food,58.5,4,0.0,234.0,Credit Card,Mobile,14,9,True,3,5,8,3
2677,2023-09-01,30,Male,Adana,Sports,405.37,1,0.0,405.37,Debit Card,Mobile,30,14,True,3,4,9,4
2678,2023-09-01,22,Male,Istanbul,Books,45.48,1,0.0,45.48,Debit Card,Mobile,10,3,False,5,4,9,4
2679,2023-09-01,49,Male,Bursa,Books,52.03,2,12.38,91.68,Bank Transfer,Tablet,21,10,True,14,2,9,4
2680,2023-09-01,40,Male,Ankara,Books,202.58,5,12.81,1000.09,Debit Card,Mobile,12,9,False,3,5,9,4
2681,2023-09-01,23,Female,Eskisehir,Sports,493.93,4,0.0,1975.72,Digital Wallet,Mobile,2,10,True,5,5,9,4
2682,2023-09-01,20,Male,Istanbul,Food,74.85,1,0.0,74.85,Debit Card,Mobile,2,6,False,2,5,9,4
2683,2023-09-01,32,Male,Adana,Books,24.27,2,0.0,48.54,Credit Card,Desktop,39,10,True,7,4,9,4
2684,2023-09-01,19,Male,Izmir,Home & Garden,555.28,1,0.0,555.28,Digital Wallet,Desktop,7,8,False,8,3,9,4
2685,2023-09-01,34,Female,Ankara,Toys,109.49,2,15.45,203.53,Debit Card,Mobile,8,6,False,11,3,9,4
2686,2023-09-01,46,Male,Izmir,Sports,777.21,4,107.6,3001.24,Debit Card,Mobile,13,8,False,11,3,9,4
2687,2023-09-01,21,Female,Bursa,Books,59.34,3,0.0,178.02,Debit Card,Desktop,9,14,True,10,4,9,4
2688,2023-09-02,42,Male,Ankara,Books,71.26,3,17.24,196.54,Credit Card,Desktop,17,11,True,5,5,9,5
2689,2023-09-02,54,Male,Gaziantep,Home & Garden,375.15,1,99.6,275.55,Digital Wallet,Mobile,4,5,True,8,4,9,5
2690,2023-09-02,56,Female,Istanbul,Fashion,211.38,2,0.0,422.76,Credit Card,Mobile,16,10,False,6,4,9,5
2691,2023-09-02,58,Female,Istanbul,Toys,123.09,5,34.84,580.61,Digital Wallet,Mobile,12,10,True,3,4,9,5
2692,2023-09-02,41,Male,Gaziantep,Electronics,2351.48,5,0.0,11757.4,Credit Card,Tablet,17,8,True,4,4,9,5
2693,2023-09-02,35,Male,Adana,Toys,361.3,1,0.0,361.3,Credit Card,Mobile,9,8,False,4,4,9,5
2694,2023-09-02,20,Male,Bursa,Fashion,194.71,2,10.69,378.73,Credit Card,Mobile,11,14,False,11,5,9,5
2695,2023-09-02,36,Male,Ankara,Books,53.77,1,0.0,53.77,Credit Card,Desktop,9,5,True,2,4,9,5
2696,2023-09-02,23,Female,Antalya,Home & Garden,463.14,5,0.0,2315.7,Credit Card,Mobile,37,11,False,5,5,9,5
2697,2023-09-03,27,Male,Istanbul,Fashion,239.25,1,0.0,239.25,Credit Card,Desktop,15,10,True,4,1,9,6
2698,2023-09-03,18,Female,Ankara,Food,50.54,1,0.0,50.54,Bank Transfer,Desktop,3,8,True,4,5,9,6
2699,2023-09-03,29,Female,Adana,Sports,609.38,5,0.0,3046.9,Bank Transfer,Mobile,8,11,True,8,5,9,6
2700,2023-09-03,23,Male,Eskisehir,Beauty,234.71,3,0.0,704.13,Credit Card,Desktop,19,8,False,8,4,9,6
2701,2023-09-03,23,Male,Gaziantep,Electronics,908.46,4,123.83,3510.01,Digital Wallet,Mobile,21,7,True,9,4,9,6
2702,2023-09-03,18,Female,Istanbul,Home & Garden,2287.77,5,213.47,11225.38,Debit Card,Mobile,10,8,False,7,4,9,6
2703,2023-09-03,18,Female,Istanbul,Books,39.89,1,6.55,33.34,Digital Wallet,Mobile,4,16,False,6,5,9,6
2704,2023-09-03,44,Male,Izmir,Toys,200.17,2,18.52,381.82,Debit Card,Mobile,15,12,True,9,3,9,6
2705,2023-09-03,29,Female,Gaziantep,Toys,117.34,1,0.0,117.34,Digital Wallet,Mobile,35,10,True,6,1,9,6
2706,2023-09-03,42,Female,Ankara,Home & Garden,633.75,4,0.0,2535.0,Credit Card,Desktop,29,9,False,3,5,9,6
2707,2023-09-03,37,Female,Antalya,Electronics,1000.51,1,0.0,1000.51,Bank Transfer,Mobile,6,11,True,11,4,9,6
2708,2023-09-04,44,Male,Antalya,Books,38.08,1,0.0,38.08,Credit Card,Mobile,17,10,True,6,4,9,0
2709,2023-09-04,50,Female,Eskisehir,Home & Garden,841.16,2,182.55,1499.77,Credit Card,Desktop,16,9,False,4,5,9,0
2710,2023-09-04,37,Male,Istanbul,Fashion,182.84,3,0.0,548.52,Digital Wallet,Desktop,21,7,False,5,5,9,0
2711,2023-09-04,41,Female,Izmir,Home & Garden,963.03,3,0.0,2889.09,Credit Card,Desktop,32,8,True,6,3,9,0
2712,2023-09-05,59,Female,Bursa,Electronics,2673.83,1,0.0,2673.83,Credit Card,Mobile,1,5,True,6,4,9,1
2713,2023-09-05,50,Female,Istanbul,Home & Garden,380.11,3,0.0,1140.33,Credit Card,Mobile,23,6,False,8,4,9,1
2714,2023-09-05,34,Female,Bursa,Home & Garden,252.28,2,0.0,504.56,Debit Card,Mobile,6,6,True,11,4,9,1
2715,2023-09-05,37,Male,Izmir,Toys,114.52,1,0.0,114.52,Credit Card,Mobile,19,9,True,5,4,9,1
2716,2023-09-05,18,Male,Bursa,Books,89.52,1,21.05,68.47,Digital Wallet,Desktop,7,6,True,6,3,9,1
2717,2023-09-05,40,Male,Izmir,Home & Garden,120.93,4,0.0,483.72,Debit Card,Desktop,9,10,False,12,5,9,1
2718,2023-09-05,26,Female,Istanbul,Fashion,626.04,1,0.0,626.04,Cash on Delivery,Tablet,12,7,True,9,5,9,1
2719,2023-09-05,32,Female,Izmir,Sports,356.57,5,0.0,1782.85,Bank Transfer,Mobile,7,9,False,5,4,9,1
2720,2023-09-05,36,Female,Ankara,Sports,309.08,3,0.0,927.24,Debit Card,Mobile,14,12,True,6,5,9,1
2721,2023-09-05,38,Male,Antalya,Food,54.73,1,0.0,54.73,Credit Card,Mobile,9,11,True,5,4,9,1
2722,2023-09-05,49,Male,Antalya,Books,27.95,1,0.0,27.95,Digital Wallet,Mobile,53,4,False,9,2,9,1
2723,2023-09-05,39,Female,Eskisehir,Books,45.17,1,0.0,45.17,Debit Card,Tablet,16,10,True,11,1,9,1
2724,2023-09-06,45,Female,Istanbul,Books,127.12,2,13.63,240.61,Digital Wallet,Desktop,5,8,False,6,4,9,2
2725,2023-09-06,28,Female,Bursa,Books,43.43,1,0.0,43.43,Credit Card,Mobile,9,8,True,4,5,9,2
2726,2023-09-06,33,Male,Kayseri,Sports,458.12,1,0.0,458.12,Credit Card,Mobile,9,13,True,9,5,9,2
2727,2023-09-06,30,Female,Antalya,Books,80.1,4,13.64,306.76,Credit Card,Desktop,11,17,False,10,2,9,2
2728,2023-09-06,42,Male,Ankara,Home & Garden,585.43,1,83.78,501.65,Digital Wallet,Desktop,6,7,True,5,5,9,2
2729,2023-09-06,27,Male,Ankara,Electronics,1837.14,2,374.77,3299.51,Bank Transfer,Desktop,43,9,True,8,4,9,2
2730,2023-09-06,41,Female,Gaziantep,Beauty,77.78,2,0.0,155.56,Debit Card,Desktop,9,11,True,3,2,9,2
2731,2023-09-06,29,Female,Konya,Books,120.73,1,32.67,88.06,Credit Card,Desktop,15,12,False,3,5,9,2
2732,2023-09-06,36,Male,Adana,Food,37.99,3,3.53,110.44,Bank Transfer,Mobile,5,7,True,4,5,9,2
2733,2023-09-06,30,Female,Izmir,Electronics,2897.09,5,0.0,14485.45,Cash on Delivery,Mobile,7,5,True,4,5,9,2
2734,2023-09-07,41,Male,Ankara,Books,54.62,3,6.78,157.08,Cash on Delivery,Mobile,6,7,False,3,3,9,3
2735,2023-09-07,38,Male,Kayseri,Sports,240.24,1,60.49,179.75,Credit Card,Desktop,10,14,True,4,4,9,3
2736,2023-09-07,37,Female,Istanbul,Books,28.73,1,0.0,28.73,Credit Card,Desktop,16,9,False,5,5,9,3
2737,2023-09-07,32,Female,Konya,Sports,134.07,5,16.28,654.07,Debit Card,Mobile,24,9,True,2,5,9,3
2738,2023-09-07,37,Male,Gaziantep,Sports,668.58,1,0.0,668.58,Credit Card,Mobile,36,9,True,5,3,9,3
2739,2023-09-07,28,Female,Antalya,Books,42.94,1,0.0,42.94,Debit Card,Mobile,23,9,True,18,4,9,3
2740,2023-09-07,55,Female,Istanbul,Electronics,1972.24,5,312.53,9548.67,Debit Card,Mobile,29,9,False,3,5,9,3
2741,2023-09-07,57,Male,Bursa,Fashion,250.04,4,0.0,1000.16,Credit Card,Mobile,9,15,True,4,5,9,3
2742,2023-09-08,48,Male,Ankara,Home & Garden,592.09,1,0.0,592.09,Digital Wallet,Tablet,16,8,False,5,5,9,4
2743,2023-09-08,18,Male,Antalya,Food,162.47,4,0.0,649.88,Credit Card,Mobile,16,8,True,7,1,9,4
2744,2023-09-08,41,Female,Istanbul,Toys,43.88,1,0.0,43.88,Debit Card,Mobile,18,10,True,3,4,9,4
2745,2023-09-08,18,Female,Antalya,Electronics,1493.27,2,280.62,2705.92,Credit Card,Desktop,33,7,True,7,5,9,4
2746,2023-09-08,40,Female,Eskisehir,Beauty,46.83,2,0.0,93.66,Digital Wallet,Mobile,19,9,True,6,4,9,4
2747,2023-09-08,44,Male,Bursa,Home & Garden,641.47,1,102.46,539.01,Credit Card,Mobile,10,18,True,6,3,9,4
2748,2023-09-08,18,Female,Eskisehir,Electronics,1460.68,1,0.0,1460.68,Digital Wallet,Desktop,9,8,False,2,4,9,4
2749,2023-09-08,49,Female,Izmir,Food,150.13,1,0.0,150.13,Debit Card,Mobile,14,9,True,10,4,9,4
2750,2023-09-08,40,Male,Istanbul,Fashion,163.41,4,0.0,653.64,Bank Transfer,Tablet,17,10,True,4,5,9,4
2751,2023-09-08,28,Male,Istanbul,Toys,375.68,4,0.0,1502.72,Digital Wallet,Mobile,4,8,True,11,5,9,4
2752,2023-09-08,43,Female,Ankara,Sports,275.37,2,0.0,550.74,Credit Card,Desktop,17,8,False,2,3,9,4
2753,2023-09-08,22,Male,Bursa,Toys,124.13,3,0.0,372.39,Digital Wallet,Tablet,20,3,False,3,4,9,4
2754,2023-09-08,39,Female,Ankara,Electronics,3371.7,2,0.0,6743.4,Digital Wallet,Mobile,25,9,False,7,4,9,4
2755,2023-09-08,18,Female,Ankara,Toys,399.13,1,0.0,399.13,Credit Card,Mobile,24,6,True,7,4,9,4
2756,2023-09-08,36,Female,Konya,Sports,468.72,1,0.0,468.72,Digital Wallet,Mobile,8,8,False,5,4,9,4
2757,2023-09-09,21,Female,Ankara,Beauty,84.52,5,15.11,407.49,Credit Card,Desktop,5,9,True,4,4,9,5
2758,2023-09-09,18,Female,Eskisehir,Toys,114.13,1,0.0,114.13,Bank Transfer,Mobile,8,7,True,5,5,9,5
2759,2023-09-09,31,Male,Eskisehir,Beauty,134.85,2,33.24,236.46,Cash on Delivery,Mobile,10,8,False,4,5,9,5
2760,2023-09-09,31,Female,Istanbul,Books,35.15,2,0.0,70.3,Digital Wallet,Desktop,4,11,False,5,5,9,5
2761,2023-09-09,29,Male,Eskisehir,Toys,148.98,2,0.0,297.96,Bank Transfer,Desktop,25,7,False,6,5,9,5
2762,2023-09-09,25,Male,Adana,Books,89.44,1,23.89,65.55,Cash on Delivery,Mobile,40,11,False,10,5,9,5
2763,2023-09-09,45,Male,Bursa,Beauty,99.66,1,0.0,99.66,Bank Transfer,Desktop,16,10,False,2,3,9,5
2764,2023-09-09,28,Female,Istanbul,Toys,39.37,5,8.39,188.46,Credit Card,Mobile,15,11,True,8,5,9,5
2765,2023-09-09,48,Male,Gaziantep,Food,70.49,2,0.0,140.98,Credit Card,Mobile,15,11,False,2,2,9,5
2766,2023-09-09,23,Female,Gaziantep,Books,20.96,1,0.0,20.96,Credit Card,Desktop,14,7,False,3,4,9,5
2767,2023-09-09,18,Male,Ankara,Electronics,576.33,4,0.0,2305.32,Bank Transfer,Mobile,24,11,True,8,5,9,5
2768,2023-09-10,26,Female,Antalya,Books,53.87,1,7.96,45.91,Digital Wallet,Mobile,14,11,False,6,4,9,6
2769,2023-09-10,24,Female,Gaziantep,Sports,274.82,2,64.28,485.36,Credit Card,Mobile,3,13,True,12,4,9,6
2770,2023-09-10,38,Male,Istanbul,Fashion,183.88,3,39.05,512.59,Credit Card,Mobile,19,14,False,9,2,9,6
2771,2023-09-10,39,Female,Ankara,Fashion,111.63,3,0.0,334.89,Credit Card,Mobile,4,9,True,23,3,9,6
2772,2023-09-10,24,Male,Izmir,Home & Garden,1627.87,5,0.0,8139.35,Debit Card,Mobile,18,4,False,18,3,9,6
2773,2023-09-10,25,Female,Eskisehir,Sports,261.92,4,0.0,1047.68,Debit Card,Desktop,9,18,False,4,5,9,6
2774,2023-09-10,18,Male,Izmir,Toys,410.35,2,0.0,820.7,Cash on Delivery,Desktop,6,14,False,6,4,9,6
2775,2023-09-10,42,Male,Bursa,Beauty,38.5,1,7.72,30.78,Credit Card,Desktop,14,6,True,9,4,9,6
2776,2023-09-11,55,Female,Antalya,Toys,333.42,1,61.31,272.11,Credit Card,Mobile,21,8,True,12,1,9,0
2777,2023-09-11,32,Male,Antalya,Books,55.75,3,0.0,167.25,Debit Card,Mobile,3,7,False,3,4,9,0
2778,2023-09-11,44,Female,Adana,Sports,286.61,1,0.0,286.61,Bank Transfer,Desktop,3,8,True,2,5,9,0
2779,2023-09-11,18,Female,Konya,Food,51.84,5,5.56,253.64,Debit Card,Tablet,14,8,False,18,5,9,0
2780,2023-09-11,72,Female,Adana,Sports,254.38,2,0.0,508.76,Digital Wallet,Mobile,12,8,True,11,4,9,0
2781,2023-09-11,25,Female,Istanbul,Books,22.43,4,0.0,89.72,Credit Card,Tablet,14,9,False,3,5,9,0
2782,2023-09-11,20,Male,Ankara,Fashion,116.88,4,0.0,467.52,Credit Card,Mobile,22,14,False,11,3,9,0
2783,2023-09-11,37,Male,Ankara,Electronics,1239.19,1,0.0,1239.19,Credit Card,Tablet,11,15,True,6,2,9,0
2784,2023-09-11,32,Female,Izmir,Sports,805.36,3,60.1,2355.98,Credit Card,Mobile,24,9,True,13,4,9,0
2785,2023-09-11,34,Female,Konya,Home & Garden,1074.62,2,0.0,2149.24,Digital Wallet,Desktop,14,7,False,4,4,9,0
2786,2023-09-11,31,Female,Izmir,Food,37.94,2,0.0,75.88,Credit Card,Desktop,16,7,True,3,3,9,0
2787,2023-09-11,41,Male,Bursa,Fashion,262.15,1,0.0,262.15,Digital Wallet,Desktop,6,8,True,3,4,9,0
2788,2023-09-12,29,Female,Izmir,Books,38.55,5,0.0,192.75,Debit Card,Mobile,11,5,True,2,2,9,1
2789,2023-09-12,35,Female,Istanbul,Books,38.3,4,3.7,149.5,Credit Card,Desktop,13,7,False,6,1,9,1
2790,2023-09-12,32,Male,Antalya,Food,20.18,1,0.0,20.18,Credit Card,Tablet,22,9,False,5,3,9,1
2791,2023-09-12,43,Female,Bursa,Toys,299.67,5,0.0,1498.35,Debit Card,Tablet,19,6,False,7,5,9,1
2792,2023-09-12,31,Female,Bursa,Home & Garden,368.22,1,0.0,368.22,Credit Card,Mobile,25,10,True,6,5,9,1
2793,2023-09-12,52,Female,Izmir,Fashion,49.67,1,10.65,39.02,Digital Wallet,Mobile,15,4,True,3,5,9,1
2794,2023-09-12,31,Male,Istanbul,Toys,118.86,2,0.0,237.72,Digital Wallet,Desktop,11,8,False,5,3,9,1
2795,2023-09-12,50,Female,Kayseri,Books,165.82,1,0.0,165.82,Credit Card,Tablet,18,7,True,15,5,9,1
2796,2023-09-12,21,Female,Izmir,Toys,386.79,1,0.0,386.79,Digital Wallet,Mobile,44,5,False,12,5,9,1
2797,2023-09-12,44,Male,Istanbul,Home & Garden,190.69,2,55.75,325.63,Bank Transfer,Desktop,10,9,False,4,5,9,1
2798,2023-09-13,47,Male,Istanbul,Electronics,961.91,1,0.0,961.91,Credit Card,Mobile,10,10,True,3,2,9,2
2799,2023-09-13,32,Female,Izmir,Books,49.31,2,3.45,95.17,Debit Card,Desktop,34,10,True,3,5,9,2
2800,2023-09-13,42,Male,Ankara,Beauty,96.88,5,0.0,484.4,Credit Card,Desktop,15,11,True,4,4,9,2
2801,2023-09-13,52,Male,Izmir,Food,128.64,1,0.0,128.64,Credit Card,Tablet,36,9,True,15,3,9,2
2802,2023-09-13,35,Female,Adana,Sports,392.57,1,0.0,392.57,Debit Card,Mobile,1,9,False,11,5,9,2
2803,2023-09-13,43,Female,Bursa,Books,24.97,2,0.0,49.94,Debit Card,Desktop,10,12,True,3,5,9,2
2804,2023-09-13,44,Female,Adana,Toys,90.07,3,0.0,270.21,Debit Card,Mobile,21,7,True,5,5,9,2
2805,2023-09-13,38,Female,Kayseri,Books,115.23,1,0.0,115.23,Digital Wallet,Mobile,15,7,False,4,4,9,2
2806,2023-09-13,46,Male,Istanbul,Home & Garden,904.06,1,0.0,904.06,Credit Card,Mobile,20,5,False,6,5,9,2
2807,2023-09-13,24,Male,Konya,Beauty,52.29,1,0.0,52.29,Debit Card,Desktop,9,3,False,2,5,9,2
2808,2023-09-13,18,Male,Bursa,Electronics,1200.53,4,0.0,4802.12,Bank Transfer,Mobile,10,11,False,6,3,9,2
2809,2023-09-13,32,Male,Eskisehir,Beauty,36.37,3,0.0,109.11,Digital Wallet,Desktop,14,10,True,15,2,9,2
2810,2023-09-14,23,Male,Bursa,Sports,1230.44,2,183.87,2277.01,Credit Card,Mobile,5,8,False,7,4,9,3
2811,2023-09-14,30,Female,Antalya,Toys,227.93,1,0.0,227.93,Debit Card,Mobile,6,9,True,15,2,9,3
2812,2023-09-14,30,Male,Ankara,Beauty,136.5,1,26.29,110.21,Credit Card,Mobile,2,10,False,6,4,9,3
2813,2023-09-14,22,Male,Ankara,Fashion,133.59,2,0.0,267.18,Credit Card,Desktop,16,8,False,6,5,9,3
2814,2023-09-14,43,Male,Istanbul,Fashion,157.93,1,0.0,157.93,Credit Card,Desktop,4,5,True,16,5,9,3
2815,2023-09-14,25,Female,Istanbul,Books,33.94,1,0.0,33.94,Credit Card,Mobile,13,12,True,4,4,9,3
2816,2023-09-14,52,Male,Gaziantep,Toys,276.97,1,0.0,276.97,Credit Card,Mobile,5,8,True,4,5,9,3
2817,2023-09-14,47,Female,Adana,Food,73.9,1,0.0,73.9,Credit Card,Tablet,26,9,False,8,4,9,3
2818,2023-09-14,47,Male,Bursa,Toys,149.18,1,0.0,149.18,Debit Card,Desktop,13,16,True,2,4,9,3
2819,2023-09-14,44,Female,Istanbul,Beauty,96.0,2,0.0,192.0,Credit Card,Mobile,13,6,True,2,4,9,3
2820,2023-09-15,33,Female,Adana,Fashion,96.62,1,22.44,74.18,Debit Card,Desktop,22,9,True,7,5,9,4
2821,2023-09-15,35,Female,Ankara,Fashion,280.36,5,0.0,1401.8,Cash on Delivery,Mobile,20,5,False,4,4,9,4
2822,2023-09-15,34,Male,Ankara,Fashion,197.1,4,0.0,788.4,Credit Card,Mobile,7,11,False,4,5,9,4
2823,2023-09-15,24,Other,Istanbul,Toys,90.5,1,16.61,73.89,Debit Card,Mobile,15,12,True,6,2,9,4
2824,2023-09-15,46,Male,Izmir,Food,42.12,1,0.0,42.12,Debit Card,Desktop,18,8,True,13,4,9,4
2825,2023-09-15,25,Male,Adana,Toys,88.18,2,0.0,176.36,Bank Transfer,Mobile,4,3,True,4,4,9,4
2826,2023-09-15,18,Male,Antalya,Food,169.34,1,23.88,145.46,Debit Card,Desktop,14,16,False,7,5,9,4
2827,2023-09-15,33,Male,Ankara,Electronics,987.82,1,0.0,987.82,Bank Transfer,Desktop,13,10,True,13,4,9,4
2828,2023-09-15,23,Male,Konya,Books,61.78,1,0.0,61.78,Digital Wallet,Desktop,13,12,True,5,3,9,4
2829,2023-09-15,42,Male,Istanbul,Beauty,115.44,5,0.0,577.2,Credit Card,Mobile,16,12,True,11,5,9,4
2830,2023-09-15,39,Female,Antalya,Food,17.49,3,0.0,52.47,Credit Card,Tablet,14,11,False,7,3,9,4
2831,2023-09-16,37,Female,Izmir,Beauty,21.14,3,0.0,63.42,Credit Card,Desktop,4,10,False,7,5,9,5
2832,2023-09-16,36,Male,Antalya,Beauty,100.04,1,27.09,72.95,Credit Card,Desktop,7,5,False,6,4,9,5
2833,2023-09-16,41,Female,Adana,Electronics,2504.63,1,687.05,1817.58,Credit Card,Mobile,30,4,True,5,5,9,5
2834,2023-09-16,30,Male,Istanbul,Fashion,161.64,1,0.0,161.64,Credit Card,Mobile,9,11,True,11,5,9,5
2835,2023-09-16,39,Female,Gaziantep,Electronics,1312.56,2,0.0,2625.12,Debit Card,Mobile,15,8,True,4,5,9,5
2836,2023-09-16,34,Female,Istanbul,Beauty,155.99,3,23.25,444.72,Credit Card,Mobile,9,4,False,4,5,9,5
2837,2023-09-16,52,Male,Gaziantep,Toys,215.1,4,51.03,809.37,Digital Wallet,Desktop,4,8,False,10,5,9,5
2838,2023-09-16,36,Female,Istanbul,Beauty,80.07,2,4.93,155.21,Bank Transfer,Mobile,11,5,False,2,4,9,5
2839,2023-09-16,32,Male,Kayseri,Books,28.95,1,2.72,26.23,Credit Card,Mobile,15,10,False,2,5,9,5
2840,2023-09-16,18,Male,Istanbul,Electronics,725.66,2,0.0,1451.32,Credit Card,Tablet,25,10,False,9,3,9,5
2841,2023-09-16,25,Female,Bursa,Home & Garden,742.93,3,0.0,2228.79,Credit Card,Mobile,9,10,False,7,4,9,5
2842,2023-09-16,18,Male,Izmir,Books,55.51,1,0.0,55.51,Debit Card,Mobile,12,5,False,2,5,9,5
2843,2023-09-17,45,Female,Bursa,Fashion,314.36,1,0.0,314.36,Debit Card,Desktop,15,10,False,2,4,9,6
2844,2023-09-17,31,Female,Istanbul,Beauty,48.43,2,9.27,87.59,Credit Card,Tablet,24,9,False,4,1,9,6
2845,2023-09-17,37,Male,Istanbul,Fashion,135.56,2,10.07,261.05,Debit Card,Mobile,26,9,True,9,3,9,6
2846,2023-09-17,52,Male,Eskisehir,Beauty,183.18,4,0.0,732.72,Credit Card,Desktop,20,13,True,2,3,9,6
2847,2023-09-17,27,Male,Istanbul,Books,15.73,1,0.0,15.73,Bank Transfer,Mobile,11,7,False,3,4,9,6
2848,2023-09-17,46,Male,Bursa,Fashion,208.7,1,0.0,208.7,Debit Card,Desktop,7,12,True,12,5,9,6
2849,2023-09-17,22,Male,Istanbul,Electronics,665.91,2,0.0,1331.82,Digital Wallet,Mobile,9,8,False,6,4,9,6
2850,2023-09-17,30,Female,Antalya,Toys,23.01,2,0.0,46.02,Digital Wallet,Desktop,14,12,False,4,4,9,6
2851,2023-09-17,28,Male,Istanbul,Electronics,564.59,3,0.0,1693.77,Credit Card,Desktop,22,10,True,7,5,9,6
2852,2023-09-17,32,Female,Ankara,Food,110.15,1,0.0,110.15,Credit Card,Desktop,27,14,False,3,5,9,6
2853,2023-09-17,23,Female,Istanbul,Toys,167.61,1,0.0,167.61,Digital Wallet,Tablet,15,10,False,9,1,9,6
2854,2023-09-17,43,Male,Gaziantep,Home & Garden,543.06,1,0.0,543.06,Credit Card,Desktop,10,9,True,5,4,9,6
2855,2023-09-17,35,Male,Ankara,Toys,135.34,4,0.0,541.36,Credit Card,Desktop,6,5,True,7,4,9,6
2856,2023-09-17,34,Female,Eskisehir,Electronics,1600.87,1,0.0,1600.87,Credit Card,Mobile,6,11,False,6,4,9,6
2857,2023-09-17,39,Female,Bursa,Food,70.26,2,0.0,140.52,Debit Card,Mobile,7,7,True,8,1,9,6
2858,2023-09-18,18,Female,Bursa,Toys,38.1,3,0.0,114.3,Digital Wallet,Desktop,18,13,False,7,4,9,0
2859,2023-09-18,32,Male,Izmir,Toys,136.75,5,0.0,683.75,Digital Wallet,Mobile,13,9,False,6,4,9,0
2860,2023-09-18,53,Female,Konya,Food,99.01,2,0.0,198.02,Digital Wallet,Mobile,19,8,False,3,5,9,0
2861,2023-09-18,41,Male,Kayseri,Toys,346.87,2,0.0,693.74,Bank Transfer,Mobile,11,12,True,7,3,9,0
2862,2023-09-18,36,Male,Gaziantep,Beauty,140.95,1,0.0,140.95,Credit Card,Mobile,8,6,True,13,2,9,0
2863,2023-09-18,41,Male,Bursa,Home & Garden,261.54,2,68.92,454.16,Debit Card,Mobile,10,11,True,8,5,9,0
2864,2023-09-18,38,Female,Bursa,Books,93.94,5,0.0,469.7,Debit Card,Mobile,10,10,False,2,5,9,0
2865,2023-09-18,20,Female,Bursa,Books,45.89,1,3.46,42.43,Digital Wallet,Desktop,8,6,False,6,4,9,0
2866,2023-09-18,28,Male,Bursa,Beauty,89.64,1,18.26,71.38,Credit Card,Mobile,49,12,True,5,4,9,0
2867,2023-09-18,19,Male,Kayseri,Electronics,1657.85,1,0.0,1657.85,Debit Card,Desktop,4,10,False,4,5,9,0
2868,2023-09-18,18,Female,Eskisehir,Sports,258.35,2,0.0,516.7,Credit Card,Desktop,12,10,True,2,4,9,0
2869,2023-09-19,18,Female,Eskisehir,Food,140.67,1,0.0,140.67,Digital Wallet,Desktop,20,5,False,10,5,9,1
2870,2023-09-19,18,Female,Antalya,Toys,59.36,3,14.02,164.06,Credit Card,Mobile,16,9,True,5,4,9,1
2871,2023-09-19,43,Male,Bursa,Home & Garden,633.44,2,0.0,1266.88,Bank Transfer,Mobile,15,7,True,6,4,9,1
2872,2023-09-19,25,Male,Bursa,Food,30.02,3,6.61,83.45,Bank Transfer,Mobile,9,5,True,4,3,9,1
2873,2023-09-19,42,Female,Bursa,Books,30.1,5,0.0,150.5,Digital Wallet,Desktop,13,15,False,7,4,9,1
2874,2023-09-19,44,Male,Adana,Sports,234.52,4,0.0,938.08,Credit Card,Tablet,9,8,True,3,4,9,1
2875,2023-09-19,32,Female,Eskisehir,Sports,455.21,1,117.28,337.93,Bank Transfer,Mobile,17,6,False,4,4,9,1
2876,2023-09-19,52,Male,Istanbul,Sports,518.74,3,0.0,1556.22,Debit Card,Tablet,4,7,True,5,3,9,1
2877,2023-09-19,18,Female,Ankara,Books,49.43,1,0.0,49.43,Credit Card,Desktop,16,6,True,3,2,9,1
2878,2023-09-19,49,Male,Eskisehir,Fashion,205.25,1,0.0,205.25,Credit Card,Mobile,15,6,False,4,3,9,1
2879,2023-09-20,44,Female,Adana,Beauty,45.62,2,0.0,91.24,Debit Card,Desktop,28,10,False,6,5,9,2
2880,2023-09-20,37,Male,Konya,Food,34.44,1,0.0,34.44,Credit Card,Mobile,27,9,False,10,5,9,2
2881,2023-09-20,44,Female,Bursa,Books,58.66,1,17.18,41.48,Debit Card,Mobile,11,11,True,9,4,9,2
2882,2023-09-20,52,Female,Antalya,Sports,164.28,1,0.0,164.28,Debit Card,Tablet,7,8,False,6,4,9,2
2883,2023-09-20,34,Female,Izmir,Electronics,1777.91,1,0.0,1777.91,Digital Wallet,Mobile,12,12,True,2,5,9,2
2884,2023-09-20,36,Male,Izmir,Fashion,336.78,2,0.0,673.56,Credit Card,Mobile,7,11,True,7,3,9,2
2885,2023-09-20,44,Male,Istanbul,Home & Garden,362.65,5,79.89,1733.36,Credit Card,Mobile,12,8,True,9,4,9,2
2886,2023-09-20,35,Male,Adana,Electronics,1677.85,2,0.0,3355.7,Credit Card,Desktop,17,5,False,3,5,9,2
2887,2023-09-21,39,Female,Gaziantep,Sports,101.08,4,24.08,380.24,Debit Card,Mobile,20,5,True,3,2,9,3
2888,2023-09-21,47,Male,Izmir,Home & Garden,377.18,1,0.0,377.18,Digital Wallet,Mobile,13,8,False,4,4,9,3
2889,2023-09-21,34,Male,Kayseri,Food,112.63,3,0.0,337.89,Credit Card,Mobile,16,8,False,7,4,9,3
2890,2023-09-21,39,Female,Istanbul,Sports,300.8,1,0.0,300.8,Digital Wallet,Mobile,36,7,True,9,2,9,3
2891,2023-09-21,24,Female,Ankara,Food,54.17,1,0.0,54.17,Digital Wallet,Desktop,11,12,True,5,4,9,3
2892,2023-09-21,31,Male,Izmir,Fashion,437.93,3,0.0,1313.79,Cash on Delivery,Mobile,4,5,True,3,3,9,3
2893,2023-09-21,44,Female,Ankara,Books,49.28,2,0.0,98.56,Debit Card,Tablet,6,7,True,10,4,9,3
2894,2023-09-21,26,Male,Kayseri,Sports,246.94,1,0.0,246.94,Digital Wallet,Desktop,10,13,True,5,3,9,3
2895,2023-09-21,45,Male,Kayseri,Fashion,263.73,2,0.0,527.46,Credit Card,Mobile,5,10,True,6,5,9,3
2896,2023-09-21,36,Female,Istanbul,Beauty,184.64,1,0.0,184.64,Debit Card,Mobile,11,11,False,8,3,9,3
2897,2023-09-21,33,Male,Izmir,Food,39.4,1,0.0,39.4,Bank Transfer,Mobile,14,12,False,6,3,9,3
2898,2023-09-22,38,Male,Adana,Food,66.64,5,0.0,333.2,Debit Card,Tablet,15,9,True,5,2,9,4
2899,2023-09-22,47,Female,Istanbul,Home & Garden,940.98,5,126.82,4578.08,Credit Card,Desktop,8,10,False,5,4,9,4
2900,2023-09-22,37,Female,Adana,Books,15.65,1,0.0,15.65,Credit Card,Mobile,16,6,True,6,4,9,4
2901,2023-09-22,18,Female,Istanbul,Sports,140.81,2,0.0,281.62,Debit Card,Mobile,22,11,False,3,5,9,4
2902,2023-09-22,18,Female,Istanbul,Toys,37.04,2,10.46,63.62,Debit Card,Mobile,5,4,False,13,5,9,4
2903,2023-09-22,24,Female,Adana,Electronics,3996.69,1,0.0,3996.69,Debit Card,Mobile,24,12,True,9,5,9,4
2904,2023-09-22,28,Female,Antalya,Fashion,55.4,3,0.0,166.2,Credit Card,Mobile,9,6,True,4,5,9,4
2905,2023-09-23,37,Male,Istanbul,Books,95.61,2,0.0,191.22,Credit Card,Mobile,18,9,False,7,1,9,5
2906,2023-09-23,33,Male,Ankara,Sports,980.28,1,0.0,980.28,Bank Transfer,Mobile,8,7,False,6,5,9,5
2907,2023-09-23,36,Male,Konya,Sports,518.32,1,0.0,518.32,Bank Transfer,Mobile,11,8,True,2,4,9,5
2908,2023-09-23,35,Female,Izmir,Electronics,816.52,2,0.0,1633.04,Credit Card,Desktop,28,10,False,3,5,9,5
2909,2023-09-23,25,Female,Izmir,Sports,339.53,1,66.59,272.94,Cash on Delivery,Mobile,7,9,False,2,4,9,5
2910,2023-09-23,40,Male,Izmir,Electronics,2228.81,3,0.0,6686.43,Debit Card,Desktop,8,7,False,9,5,9,5
2911,2023-09-23,50,Female,Izmir,Beauty,184.47,5,15.0,907.35,Debit Card,Mobile,18,2,True,4,5,9,5
2912,2023-09-23,46,Female,Adana,Electronics,1773.81,1,513.48,1260.33,Digital Wallet,Mobile,8,6,False,10,4,9,5
2913,2023-09-23,29,Female,Istanbul,Home & Garden,474.07,1,80.92,393.15,Credit Card,Desktop,12,9,True,5,1,9,5
2914,2023-09-23,26,Male,Konya,Books,22.73,1,5.5,17.23,Credit Card,Desktop,16,9,False,7,2,9,5
2915,2023-09-23,54,Male,Antalya,Sports,52.34,4,0.0,209.36,Digital Wallet,Mobile,12,9,False,5,5,9,5
2916,2023-09-23,42,Male,Eskisehir,Books,50.24,2,0.0,100.48,Cash on Delivery,Desktop,28,10,True,4,1,9,5
2917,2023-09-24,37,Male,Istanbul,Fashion,459.85,2,38.94,880.76,Debit Card,Desktop,14,11,True,14,3,9,6
2918,2023-09-24,31,Female,Istanbul,Sports,405.53,4,0.0,1622.12,Cash on Delivery,Mobile,21,9,True,5,4,9,6
2919,2023-09-24,46,Female,Adana,Books,79.71,2,20.98,138.44,Debit Card,Mobile,9,11,True,4,5,9,6
2920,2023-09-24,48,Female,Istanbul,Home & Garden,130.03,1,0.0,130.03,Bank Transfer,Mobile,31,9,False,10,4,9,6
2921,2023-09-24,32,Female,Antalya,Sports,146.05,2,0.0,292.1,Credit Card,Desktop,12,7,False,10,5,9,6
2922,2023-09-24,29,Male,Ankara,Food,30.1,4,1.86,118.54,Debit Card,Mobile,14,8,True,5,3,9,6
2923,2023-09-24,60,Male,Istanbul,Toys,213.82,4,0.0,855.28,Credit Card,Mobile,5,8,True,6,1,9,6
2924,2023-09-24,26,Male,Ankara,Fashion,238.75,1,14.68,224.07,Debit Card,Mobile,16,14,False,12,3,9,6
2925,2023-09-25,46,Female,Izmir,Home & Garden,445.45,2,57.8,833.1,Bank Transfer,Mobile,26,11,True,10,4,9,0
2926,2023-09-25,18,Male,Istanbul,Home & Garden,1028.79,1,0.0,1028.79,Credit Card,Tablet,10,6,True,6,4,9,0
2927,2023-09-25,45,Female,Ankara,Fashion,96.99,1,12.84,84.15,Digital Wallet,Desktop,8,7,False,9,3,9,0
2928,2023-09-25,21,Female,Eskisehir,Home & Garden,509.47,1,61.75,447.72,Credit Card,Mobile,7,9,False,12,4,9,0
2929,2023-09-25,19,Female,Istanbul,Sports,214.39,1,0.0,214.39,Credit Card,Mobile,10,9,True,4,5,9,0
2930,2023-09-26,56,Female,Istanbul,Books,44.19,1,0.0,44.19,Credit Card,Desktop,11,9,False,5,3,9,1
2931,2023-09-26,42,Female,Istanbul,Fashion,85.86,1,0.0,85.86,Digital Wallet,Mobile,17,6,True,12,5,9,1
2932,2023-09-26,39,Male,Gaziantep,Electronics,1388.25,2,0.0,2776.5,Credit Card,Mobile,35,9,True,13,4,9,1
2933,2023-09-26,42,Male,Izmir,Fashion,394.05,2,99.01,689.09,Digital Wallet,Mobile,32,6,True,10,2,9,1
2934,2023-09-26,38,Male,Bursa,Books,14.91,1,1.46,13.45,Digital Wallet,Mobile,25,8,True,6,5,9,1
2935,2023-09-26,19,Male,Izmir,Fashion,199.34,2,52.32,346.36,Credit Card,Desktop,3,8,True,4,5,9,1
2936,2023-09-26,37,Female,Izmir,Sports,73.7,2,0.0,147.4,Credit Card,Mobile,9,13,False,6,3,9,1
2937,2023-09-26,34,Female,Istanbul,Electronics,967.62,4,290.02,3580.46,Bank Transfer,Desktop,6,10,False,7,4,9,1
2938,2023-09-26,36,Male,Eskisehir,Food,22.99,3,0.0,68.97,Credit Card,Desktop,8,5,False,7,4,9,1
2939,2023-09-26,47,Female,Adana,Toys,90.49,3,0.0,271.47,Credit Card,Mobile,8,13,False,2,1,9,1
2940,2023-09-27,39,Female,Izmir,Beauty,64.15,2,0.0,128.3,Digital Wallet,Desktop,5,11,True,3,5,9,2
2941,2023-09-27,28,Male,Konya,Home & Garden,1763.34,1,0.0,1763.34,Debit Card,Mobile,8,7,False,8,5,9,2
2942,2023-09-27,25,Male,Ankara,Electronics,596.12,1,0.0,596.12,Credit Card,Mobile,15,9,True,1,1,9,2
2943,2023-09-27,45,Female,Bursa,Fashion,287.81,1,0.0,287.81,Credit Card,Mobile,4,13,True,6,3,9,2
2944,2023-09-27,32,Female,Ankara,Sports,285.43,4,77.64,1064.08,Digital Wallet,Desktop,32,14,True,10,1,9,2
2945,2023-09-27,40,Male,Antalya,Sports,133.41,2,0.0,266.82,Credit Card,Mobile,4,3,True,3,1,9,2
2946,2023-09-27,40,Female,Izmir,Sports,1176.65,4,0.0,4706.6,Debit Card,Desktop,8,11,False,5,5,9,2
2947,2023-09-27,40,Male,Ankara,Sports,155.57,2,0.0,311.14,Debit Card,Mobile,3,5,True,4,4,9,2
2948,2023-09-27,18,Female,Antalya,Sports,522.92,3,0.0,1568.76,Credit Card,Desktop,7,9,False,8,4,9,2
2949,2023-09-27,31,Female,Bursa,Books,26.09,1,0.0,26.09,Bank Transfer,Mobile,30,10,False,4,4,9,2
2950,2023-09-28,18,Male,Konya,Fashion,149.89,1,0.0,149.89,Debit Card,Mobile,9,10,True,10,3,9,3
2951,2023-09-28,18,Female,Ankara,Beauty,121.69,4,0.0,486.76,Debit Card,Mobile,10,7,True,6,4,9,3
2952,2023-09-28,32,Male,Kayseri,Electronics,1939.72,1,487.88,1451.84,Credit Card,Desktop,15,6,True,5,5,9,3
2953,2023-09-28,58,Male,Istanbul,Home & Garden,1253.13,1,0.0,1253.13,Debit Card,Mobile,8,10,True,5,4,9,3
2954,2023-09-28,52,Female,Ankara,Sports,357.87,1,39.41,318.46,Digital Wallet,Mobile,9,9,True,3,4,9,3
2955,2023-09-28,18,Male,Izmir,Beauty,33.17,1,2.64,30.53,Credit Card,Mobile,17,12,True,5,2,9,3
2956,2023-09-28,43,Female,Bursa,Fashion,337.77,4,0.0,1351.08,Credit Card,Desktop,23,9,True,2,5,9,3
2957,2023-09-28,48,Male,Antalya,Food,19.81,1,0.0,19.81,Credit Card,Mobile,5,8,True,5,4,9,3
2958,2023-09-28,43,Male,Istanbul,Home & Garden,1078.38,5,0.0,5391.9,Digital Wallet,Mobile,19,8,False,7,4,9,3
2959,2023-09-28,38,Male,Ankara,Beauty,108.65,1,0.0,108.65,Credit Card,Mobile,34,5,True,4,3,9,3
2960,2023-09-29,31,Female,Konya,Sports,432.95,2,0.0,865.9,Digital Wallet,Mobile,19,15,True,9,5,9,4
2961,2023-09-29,18,Female,Izmir,Beauty,145.64,1,0.0,145.64,Debit Card,Mobile,5,14,False,4,5,9,4
2962,2023-09-29,56,Male,Ankara,Food,154.76,4,0.0,619.04,Bank Transfer,Tablet,11,9,True,8,4,9,4
2963,2023-09-29,25,Male,Gaziantep,Fashion,784.81,2,0.0,1569.62,Credit Card,Tablet,31,10,True,4,2,9,4
2964,2023-09-29,42,Male,Izmir,Toys,83.61,2,0.0,167.22,Debit Card,Tablet,9,6,False,8,5,9,4
2965,2023-09-29,18,Male,Gaziantep,Sports,205.74,1,12.23,193.51,Debit Card,Desktop,12,17,True,17,2,9,4
2966,2023-09-29,18,Female,Istanbul,Toys,138.4,3,0.0,415.2,Digital Wallet,Desktop,15,9,True,8,4,9,4
2967,2023-09-29,34,Female,Gaziantep,Food,45.45,1,0.0,45.45,Digital Wallet,Desktop,25,9,True,10,5,9,4
2968,2023-09-29,34,Other,Istanbul,Books,33.65,2,2.97,64.33,Digital Wallet,Mobile,9,11,True,11,4,9,4
2969,2023-09-29,58,Male,Adana,Fashion,371.81,5,0.0,1859.05,Credit Card,Mobile,19,9,True,3,5,9,4
2970,2023-09-29,39,Male,Eskisehir,Food,114.03,5,0.0,570.15,Credit Card,Desktop,4,10,False,3,4,9,4
2971,2023-09-29,50,Male,Istanbul,Food,37.08,1,0.0,37.08,Cash on Delivery,Mobile,1,7,False,9,2,9,4
2972,2023-09-29,33,Female,Gaziantep,Sports,189.25,4,0.0,757.0,Credit Card,Mobile,4,6,False,1,3,9,4
2973,2023-09-29,22,Female,Istanbul,Toys,181.18,4,0.0,724.72,Debit Card,Desktop,31,6,True,4,4,9,4
2974,2023-09-29,46,Male,Istanbul,Fashion,175.37,3,0.0,526.11,Debit Card,Mobile,17,10,True,9,5,9,4
2975,2023-09-30,23,Female,Antalya,Sports,711.59,1,60.29,651.3,Credit Card,Tablet,21,5,True,10,4,9,5
2976,2023-09-30,30,Female,Ankara,Beauty,221.35,5,0.0,1106.75,Credit Card,Mobile,20,6,False,3,5,9,5
2977,2023-09-30,27,Female,Adana,Fashion,211.15,3,31.78,601.67,Credit Card,Tablet,4,6,True,3,2,9,5
2978,2023-09-30,38,Male,Ankara,Toys,202.4,1,0.0,202.4,Digital Wallet,Mobile,15,13,False,5,3,9,5
2979,2023-09-30,33,Female,Ankara,Toys,203.04,2,0.0,406.08,Credit Card,Mobile,22,6,True,1,5,9,5
2980,2023-09-30,23,Male,Istanbul,Food,74.07,1,0.0,74.07,Debit Card,Mobile,5,9,True,10,4,9,5
2981,2023-09-30,28,Male,Gaziantep,Food,6.35,2,0.0,12.7,Credit Card,Desktop,30,11,True,4,5,9,5
2982,2023-09-30,20,Male,Kayseri,Toys,177.95,2,0.0,355.9,Credit Card,Mobile,9,12,False,5,3,9,5
2983,2023-10-01,18,Male,Ankara,Home & Garden,522.73,1,0.0,522.73,Cash on Delivery,Desktop,19,12,True,3,4,10,6
2984,2023-10-01,34,Male,Ankara,Books,23.79,1,3.35,20.44,Debit Card,Desktop,7,6,True,3,5,10,6
2985,2023-10-01,57,Female,Istanbul,Home & Garden,593.52,3,0.0,1780.56,Cash on Delivery,Mobile,12,14,True,6,4,10,6
2986,2023-10-01,23,Female,Antalya,Electronics,2803.52,5,834.82,13182.78,Digital Wallet,Mobile,24,7,True,6,3,10,6
2987,2023-10-01,19,Male,Istanbul,Sports,543.16,3,0.0,1629.48,Digital Wallet,Tablet,14,7,True,4,4,10,6
2988,2023-10-01,47,Male,Ankara,Books,61.97,3,6.6,179.31,Debit Card,Mobile,11,7,True,9,5,10,6
2989,2023-10-01,30,Female,Izmir,Sports,303.26,1,0.0,303.26,Debit Card,Desktop,21,10,True,9,3,10,6
2990,2023-10-01,23,Male,Istanbul,Electronics,710.94,5,69.7,3485.0,Bank Transfer,Mobile,33,11,True,9,3,10,6
2991,2023-10-01,50,Male,Gaziantep,Beauty,121.07,4,0.0,484.28,Cash on Delivery,Mobile,21,7,True,5,2,10,6
2992,2023-10-01,34,Male,Antalya,Toys,77.34,2,0.0,154.68,Credit Card,Mobile,20,8,False,5,5,10,6
2993,2023-10-02,48,Female,Kayseri,Sports,524.46,1,0.0,524.46,Credit Card,Tablet,16,14,True,10,5,10,0
2994,2023-10-02,44,Male,Istanbul,Toys,160.27,1,0.0,160.27,Digital Wallet,Desktop,23,11,True,3,3,10,0
2995,2023-10-02,36,Male,Istanbul,Electronics,2590.17,1,480.47,2109.7,Credit Card,Mobile,20,7,True,2,3,10,0
2996,2023-10-02,47,Female,Gaziantep,Beauty,36.28,1,0.0,36.28,Bank Transfer,Tablet,32,11,True,2,4,10,0
2997,2023-10-02,32,Male,Izmir,Toys,124.24,1,7.75,116.49,Debit Card,Mobile,27,12,True,7,5,10,0
2998,2023-10-02,39,Male,Istanbul,Sports,355.96,5,0.0,1779.8,Credit Card,Desktop,24,7,False,13,5,10,0
2999,2023-10-02,55,Female,Istanbul,Home & Garden,457.46,5,0.0,2287.3,Cash on Delivery,Desktop,16,9,True,3,3,10,0
3000,2023-10-02,48,Male,Izmir,Toys,222.17,5,60.36,1050.49,Debit Card,Mobile,23,11,True,4,3,10,0
3001,2023-10-02,29,Male,Istanbul,Beauty,128.3,4,0.0,513.2,Credit Card,Mobile,23,8,False,3,5,10,0
3002,2023-10-02,23,Male,Ankara,Toys,98.13,4,0.0,392.52,Credit Card,Desktop,10,9,False,2,4,10,0
3003,2023-10-02,50,Female,Bursa,Fashion,122.9,5,0.0,614.5,Credit Card,Mobile,10,9,False,11,3,10,0
3004,2023-10-02,21,Male,Ankara,Fashion,461.3,2,0.0,922.6,Cash on Delivery,Desktop,13,8,True,4,5,10,0
3005,2023-10-02,51,Female,Istanbul,Toys,314.06,4,0.0,1256.24,Credit Card,Mobile,8,7,True,8,5,10,0
3006,2023-10-02,29,Female,Istanbul,Sports,248.89,5,30.85,1213.6,Debit Card,Mobile,11,6,False,10,5,10,0
3007,2023-10-02,40,Female,Istanbul,Sports,146.52,2,39.08,253.96,Bank Transfer,Desktop,9,9,False,4,3,10,0
3008,2023-10-02,33,Male,Istanbul,Fashion,257.05,2,0.0,514.1,Credit Card,Mobile,21,8,True,2,4,10,0
3009,2023-10-03,34,Male,Kayseri,Electronics,2909.96,1,781.92,2128.04,Credit Card,Mobile,21,13,True,4,3,10,1
3010,2023-10-03,28,Male,Ankara,Beauty,155.0,4,0.0,620.0,Debit Card,Desktop,23,6,True,5,4,10,1
3011,2023-10-03,30,Female,Ankara,Books,63.75,2,0.0,127.5,Digital Wallet,Mobile,33,8,True,5,5,10,1
3012,2023-10-03,18,Female,Gaziantep,Books,30.28,1,0.0,30.28,Credit Card,Mobile,7,3,True,3,3,10,1
3013,2023-10-03,32,Male,Istanbul,Beauty,141.76,1,0.0,141.76,Credit Card,Mobile,13,10,True,8,4,10,1
3014,2023-10-03,34,Female,Istanbul,Toys,120.24,2,0.0,240.48,Credit Card,Mobile,14,10,False,5,5,10,1
3015,2023-10-03,25,Male,Istanbul,Toys,182.49,3,40.23,507.24,Credit Card,Mobile,25,7,False,5,4,10,1
3016,2023-10-03,22,Female,Bursa,Electronics,653.71,1,0.0,653.71,Credit Card,Desktop,27,10,True,6,5,10,1
3017,2023-10-03,31,Female,Bursa,Food,18.89,4,1.37,74.19,Debit Card,Desktop,18,8,True,7,4,10,1
3018,2023-10-03,37,Male,Gaziantep,Food,58.24,5,6.64,284.56,Digital Wallet,Mobile,15,8,True,10,3,10,1
3019,2023-10-03,37,Male,Istanbul,Electronics,1514.08,4,0.0,6056.32,Credit Card,Mobile,21,8,True,14,4,10,1
3020,2023-10-03,41,Male,Istanbul,Food,173.47,2,0.0,346.94,Credit Card,Mobile,1,13,True,17,3,10,1
3021,2023-10-03,18,Male,Izmir,Food,13.18,1,1.45,11.73,Credit Card,Mobile,27,6,False,11,3,10,1
3022,2023-10-03,25,Female,Adana,Home & Garden,771.73,2,44.55,1498.91,Credit Card,Desktop,23,10,True,7,3,10,1
3023,2023-10-03,49,Female,Izmir,Books,51.92,1,0.0,51.92,Credit Card,Desktop,7,7,True,8,4,10,1
3024,2023-10-04,44,Male,Gaziantep,Food,45.4,1,0.0,45.4,Debit Card,Desktop,9,5,True,7,5,10,2
3025,2023-10-04,37,Female,Ankara,Food,36.02,2,0.0,72.04,Credit Card,Tablet,14,10,True,6,4,10,2
3026,2023-10-04,39,Female,Konya,Beauty,83.67,1,0.0,83.67,Credit Card,Tablet,17,11,False,8,1,10,2
3027,2023-10-04,28,Female,Antalya,Beauty,151.13,1,0.0,151.13,Debit Card,Tablet,4,7,True,3,4,10,2
3028,2023-10-04,27,Male,Bursa,Fashion,318.27,5,0.0,1591.35,Credit Card,Desktop,11,6,True,5,5,10,2
3029,2023-10-04,37,Female,Ankara,Sports,673.95,3,0.0,2021.85,Debit Card,Desktop,16,11,True,12,4,10,2
3030,2023-10-04,33,Female,Gaziantep,Beauty,115.12,3,0.0,345.36,Credit Card,Mobile,18,10,True,3,5,10,2
3031,2023-10-04,28,Male,Gaziantep,Books,19.97,1,4.26,15.71,Bank Transfer,Mobile,9,12,True,4,5,10,2
3032,2023-10-04,30,Female,Eskisehir,Books,130.66,5,22.46,630.84,Credit Card,Mobile,12,10,False,4,5,10,2
3033,2023-10-04,34,Female,Adana,Home & Garden,398.92,1,0.0,398.92,Credit Card,Desktop,22,14,True,6,3,10,2
3034,2023-10-04,35,Female,Bursa,Toys,288.72,2,59.37,518.07,Credit Card,Mobile,12,11,True,7,5,10,2
3035,2023-10-04,25,Female,Bursa,Books,46.48,5,0.0,232.4,Debit Card,Mobile,34,11,True,3,5,10,2
3036,2023-10-04,53,Female,Eskisehir,Food,228.69,1,24.16,204.53,Digital Wallet,Desktop,10,13,False,4,4,10,2
3037,2023-10-04,54,Male,Adana,Electronics,703.98,1,0.0,703.98,Credit Card,Mobile,2,8,False,11,5,10,2
3038,2023-10-05,43,Male,Izmir,Books,43.56,1,0.0,43.56,Credit Card,Tablet,37,11,False,6,4,10,3
3039,2023-10-05,31,Female,Gaziantep,Electronics,2833.09,1,0.0,2833.09,Credit Card,Desktop,10,6,True,6,1,10,3
3040,2023-10-05,40,Male,Adana,Toys,18.87,2,4.33,33.41,Credit Card,Mobile,11,10,False,2,3,10,3
3041,2023-10-05,40,Female,Adana,Toys,53.66,3,10.74,150.24,Debit Card,Desktop,25,8,False,5,5,10,3
3042,2023-10-05,39,Female,Kayseri,Home & Garden,671.28,3,0.0,2013.84,Bank Transfer,Desktop,20,5,False,4,4,10,3
3043,2023-10-05,37,Female,Adana,Sports,237.46,2,0.0,474.92,Credit Card,Mobile,15,11,False,9,4,10,3
3044,2023-10-05,18,Female,Izmir,Beauty,231.6,1,0.0,231.6,Digital Wallet,Desktop,23,11,True,8,5,10,3
3045,2023-10-05,28,Female,Istanbul,Books,43.26,1,6.05,37.21,Digital Wallet,Mobile,8,11,False,7,4,10,3
3046,2023-10-05,29,Male,Istanbul,Fashion,123.69,1,0.0,123.69,Credit Card,Mobile,21,12,False,15,3,10,3
3047,2023-10-06,38,Female,Bursa,Sports,494.86,2,0.0,989.72,Credit Card,Mobile,7,8,True,7,4,10,4
3048,2023-10-06,41,Male,Bursa,Electronics,2323.79,1,0.0,2323.79,Cash on Delivery,Desktop,20,7,False,7,5,10,4
3049,2023-10-06,24,Male,Konya,Sports,535.46,2,59.38,1011.54,Credit Card,Mobile,21,6,False,7,5,10,4
3050,2023-10-06,49,Female,Ankara,Electronics,2551.46,1,752.24,1799.22,Credit Card,Mobile,8,9,False,2,5,10,4
3051,2023-10-06,30,Male,Ankara,Sports,184.6,1,37.98,146.62,Debit Card,Tablet,18,9,True,7,4,10,4
3052,2023-10-06,55,Male,Izmir,Fashion,136.04,4,0.0,544.16,Digital Wallet,Mobile,10,11,True,2,2,10,4
3053,2023-10-06,61,Male,Istanbul,Sports,647.44,1,122.14,525.3,Digital Wallet,Tablet,9,13,False,13,3,10,4
3054,2023-10-06,18,Male,Istanbul,Electronics,2395.61,3,310.74,6876.09,Credit Card,Desktop,17,11,True,10,5,10,4
3055,2023-10-06,49,Female,Izmir,Toys,124.06,5,0.0,620.3,Credit Card,Mobile,7,7,True,12,1,10,4
3056,2023-10-06,39,Female,Adana,Electronics,399.4,2,0.0,798.8,Debit Card,Mobile,5,9,True,7,5,10,4
3057,2023-10-06,28,Female,Istanbul,Food,25.98,2,0.0,51.96,Credit Card,Mobile,8,11,False,4,5,10,4
3058,2023-10-06,29,Female,Istanbul,Books,110.04,3,0.0,330.12,Credit Card,Desktop,8,10,True,11,2,10,4
3059,2023-10-07,33,Male,Istanbul,Fashion,691.03,2,0.0,1382.06,Bank Transfer,Desktop,23,5,True,5,4,10,5
3060,2023-10-07,25,Female,Kayseri,Toys,48.43,1,11.65,36.78,Digital Wallet,Desktop,12,11,True,4,4,10,5
3061,2023-10-07,34,Male,Istanbul,Books,44.9,3,2.51,132.19,Debit Card,Mobile,3,8,True,6,4,10,5
3062,2023-10-07,28,Other,Bursa,Food,82.59,2,0.0,165.18,Digital Wallet,Mobile,4,15,True,6,5,10,5
3063,2023-10-07,31,Female,Adana,Electronics,2497.83,1,0.0,2497.83,Bank Transfer,Mobile,12,11,True,7,4,10,5
3064,2023-10-07,38,Female,Istanbul,Fashion,212.59,2,0.0,425.18,Digital Wallet,Desktop,17,11,False,8,1,10,5
3065,2023-10-07,37,Female,Istanbul,Food,53.73,1,0.0,53.73,Debit Card,Desktop,3,6,True,10,4,10,5
3066,2023-10-07,24,Female,Bursa,Beauty,113.0,1,18.41,94.59,Digital Wallet,Desktop,19,8,False,7,5,10,5
3067,2023-10-07,38,Male,Istanbul,Sports,471.42,1,0.0,471.42,Cash on Delivery,Tablet,12,7,True,12,4,10,5
3068,2023-10-07,57,Male,Istanbul,Electronics,1448.54,5,0.0,7242.7,Credit Card,Mobile,7,6,False,2,4,10,5
3069,2023-10-07,34,Female,Eskisehir,Electronics,1068.35,5,102.8,5238.95,Credit Card,Desktop,22,13,False,3,5,10,5
3070,2023-10-07,32,Male,Izmir,Home & Garden,260.93,4,32.21,1011.51,Digital Wallet,Mobile,7,12,True,5,5,10,5
3071,2023-10-07,18,Male,Istanbul,Beauty,281.38,3,0.0,844.14,Debit Card,Desktop,12,6,True,4,4,10,5
3072,2023-10-07,31,Male,Konya,Beauty,65.93,4,0.0,263.72,Credit Card,Mobile,6,11,False,5,4,10,5
3073,2023-10-08,54,Male,Antalya,Sports,220.62,2,0.0,441.24,Cash on Delivery,Mobile,11,7,True,3,1,10,6
3074,2023-10-08,25,Male,Ankara,Electronics,626.2,1,46.38,579.82,Digital Wallet,Mobile,13,8,True,6,5,10,6
3075,2023-10-08,30,Female,Eskisehir,Toys,230.67,1,0.0,230.67,Debit Card,Tablet,20,7,False,8,4,10,6
3076,2023-10-08,41,Male,Istanbul,Books,24.16,2,0.0,48.32,Credit Card,Mobile,5,8,False,5,3,10,6
3077,2023-10-08,56,Female,Istanbul,Fashion,170.79,2,0.0,341.58,Credit Card,Desktop,9,13,True,10,5,10,6
3078,2023-10-08,47,Male,Izmir,Sports,243.07,2,16.97,469.17,Digital Wallet,Mobile,16,12,False,3,4,10,6
3079,2023-10-09,24,Male,Gaziantep,Home & Garden,906.6,1,0.0,906.6,Digital Wallet,Mobile,22,14,True,9,5,10,0
3080,2023-10-09,31,Male,Antalya,Sports,507.45,2,100.78,914.12,Credit Card,Tablet,5,7,False,9,5,10,0
3081,2023-10-09,30,Male,Gaziantep,Toys,109.51,1,26.19,83.32,Credit Card,Tablet,11,6,True,5,5,10,0
3082,2023-10-09,54,Female,Istanbul,Food,185.5,3,30.14,526.36,Bank Transfer,Mobile,14,10,False,8,3,10,0
3083,2023-10-09,23,Male,Ankara,Food,71.18,4,0.0,284.72,Cash on Delivery,Desktop,4,9,True,3,3,10,0
3084,2023-10-09,44,Female,Adana,Books,28.64,2,0.0,57.28,Debit Card,Desktop,28,5,True,12,5,10,0
3085,2023-10-09,45,Female,Ankara,Fashion,195.94,4,14.08,769.68,Debit Card,Desktop,21,6,False,15,4,10,0
3086,2023-10-09,30,Male,Ankara,Toys,153.45,2,29.43,277.47,Cash on Delivery,Tablet,8,9,False,10,5,10,0
3087,2023-10-09,46,Male,Istanbul,Food,263.53,5,0.0,1317.65,Bank Transfer,Mobile,14,9,True,4,5,10,0
3088,2023-10-09,18,Female,Adana,Toys,363.22,3,0.0,1089.66,Credit Card,Desktop,11,6,False,4,5,10,0
3089,2023-10-09,40,Female,Gaziantep,Food,56.14,3,0.0,168.42,Digital Wallet,Tablet,9,11,True,6,3,10,0
3090,2023-10-09,50,Male,Istanbul,Sports,256.42,3,0.0,769.26,Credit Card,Desktop,25,12,False,2,5,10,0
3091,2023-10-10,28,Female,Ankara,Sports,957.97,2,184.19,1731.75,Credit Card,Tablet,7,13,True,4,5,10,1
3092,2023-10-10,18,Male,Antalya,Toys,134.69,2,0.0,269.38,Bank Transfer,Mobile,5,12,True,6,5,10,1
3093,2023-10-10,27,Female,Gaziantep,Home & Garden,521.12,2,80.91,961.33,Credit Card,Mobile,4,9,True,4,4,10,1
3094,2023-10-10,27,Other,Istanbul,Books,41.01,2,0.0,82.02,Debit Card,Tablet,7,10,False,4,4,10,1
3095,2023-10-10,24,Female,Ankara,Food,155.32,4,18.67,602.61,Credit Card,Desktop,18,3,True,9,5,10,1
3096,2023-10-10,32,Female,Izmir,Electronics,618.97,1,0.0,618.97,Digital Wallet,Mobile,19,9,True,13,1,10,1
3097,2023-10-10,18,Male,Istanbul,Electronics,1804.73,3,328.26,5085.93,Bank Transfer,Desktop,6,6,True,6,3,10,1
3098,2023-10-10,23,Male,Adana,Food,93.93,1,0.0,93.93,Digital Wallet,Desktop,23,6,True,5,3,10,1
3099,2023-10-10,18,Female,Ankara,Food,38.89,2,0.0,77.78,Cash on Delivery,Mobile,3,12,True,4,3,10,1
3100,2023-10-10,55,Female,Gaziantep,Books,103.87,1,0.0,103.87,Digital Wallet,Mobile,27,7,True,9,4,10,1
3101,2023-10-10,34,Male,Konya,Sports,515.92,3,0.0,1547.76,Credit Card,Mobile,14,7,True,3,1,10,1
3102,2023-10-10,30,Female,Istanbul,Toys,66.17,1,0.0,66.17,Bank Transfer,Mobile,15,10,True,7,3,10,1
3103,2023-10-10,24,Female,Izmir,Electronics,1195.97,1,344.08,851.89,Credit Card,Mobile,15,10,False,6,3,10,1
3104,2023-10-10,30,Female,Istanbul,Home & Garden,305.03,3,0.0,915.09,Debit Card,Desktop,20,12,True,5,3,10,1
3105,2023-10-10,44,Female,Adana,Food,95.58,1,0.0,95.58,Credit Card,Desktop,8,12,False,8,3,10,1
3106,2023-10-10,30,Female,Antalya,Sports,342.36,1,0.0,342.36,Credit Card,Mobile,5,3,False,6,4,10,1
3107,2023-10-11,47,Male,Ankara,Electronics,1034.33,3,0.0,3102.99,Bank Transfer,Mobile,9,10,True,10,4,10,2
3108,2023-10-11,25,Female,Istanbul,Electronics,1439.59,2,0.0,2879.18,Digital Wallet,Desktop,21,5,False,7,4,10,2
3109,2023-10-11,45,Male,Istanbul,Fashion,103.55,1,9.29,94.26,Credit Card,Desktop,12,8,False,4,4,10,2
3110,2023-10-11,45,Female,Istanbul,Sports,233.09,4,0.0,932.36,Debit Card,Mobile,24,11,False,5,3,10,2
3111,2023-10-11,45,Female,Ankara,Food,140.83,2,29.09,252.57,Credit Card,Mobile,1,9,False,6,5,10,2
3112,2023-10-11,48,Male,Izmir,Home & Garden,279.4,2,0.0,558.8,Debit Card,Mobile,34,8,False,4,4,10,2
3113,2023-10-11,67,Male,Antalya,Beauty,144.92,5,18.88,705.72,Credit Card,Desktop,4,7,True,6,5,10,2
3114,2023-10-11,44,Male,Gaziantep,Toys,167.26,1,0.0,167.26,Cash on Delivery,Desktop,24,6,False,4,3,10,2
3115,2023-10-11,42,Male,Bursa,Home & Garden,1199.06,1,0.0,1199.06,Credit Card,Mobile,5,10,True,8,4,10,2
3116,2023-10-11,28,Female,Ankara,Food,122.4,1,0.0,122.4,Bank Transfer,Desktop,12,7,True,11,3,10,2
3117,2023-10-11,25,Female,Izmir,Fashion,434.35,5,0.0,2171.75,Credit Card,Mobile,9,9,True,12,3,10,2
3118,2023-10-11,18,Male,Kayseri,Toys,609.87,4,0.0,2439.48,Credit Card,Desktop,6,10,True,4,3,10,2
3119,2023-10-11,31,Female,Izmir,Books,59.62,5,0.0,298.1,Credit Card,Mobile,15,7,False,5,4,10,2
3120,2023-10-11,44,Male,Eskisehir,Books,67.95,1,13.62,54.33,Credit Card,Desktop,32,7,True,4,5,10,2
3121,2023-10-11,40,Male,Bursa,Books,53.34,4,0.0,213.36,Bank Transfer,Mobile,32,8,True,8,5,10,2
3122,2023-10-11,36,Male,Ankara,Home & Garden,635.86,1,65.25,570.61,Credit Card,Mobile,12,9,False,3,5,10,2
3123,2023-10-11,59,Female,Ankara,Toys,54.83,3,0.0,164.49,Digital Wallet,Mobile,19,9,True,8,3,10,2
3124,2023-10-11,33,Female,Gaziantep,Fashion,81.86,4,9.9,317.54,Credit Card,Desktop,8,14,False,5,2,10,2
3125,2023-10-11,32,Female,Izmir,Toys,252.67,1,13.97,238.7,Credit Card,Mobile,19,10,False,14,3,10,2
3126,2023-10-12,40,Male,Kayseri,Food,38.75,1,0.0,38.75,Bank Transfer,Mobile,11,7,True,2,5,10,3
3127,2023-10-12,40,Female,Bursa,Books,40.82,5,9.31,194.79,Debit Card,Mobile,15,5,True,7,5,10,3
3128,2023-10-12,21,Male,Izmir,Books,31.55,1,0.0,31.55,Digital Wallet,Desktop,7,12,True,2,5,10,3
3129,2023-10-12,45,Male,Istanbul,Home & Garden,1079.6,3,218.66,3020.14,Credit Card,Desktop,7,10,True,8,5,10,3
3130,2023-10-12,44,Male,Antalya,Electronics,1207.34,5,0.0,6036.7,Digital Wallet,Desktop,7,18,False,7,5,10,3
3131,2023-10-12,25,Female,Istanbul,Home & Garden,204.07,5,0.0,1020.35,Credit Card,Mobile,35,9,True,6,2,10,3
3132,2023-10-12,23,Male,Ankara,Toys,246.1,1,65.2,180.9,Credit Card,Mobile,2,11,False,1,4,10,3
3133,2023-10-12,42,Male,Bursa,Home & Garden,621.14,5,0.0,3105.7,Credit Card,Mobile,16,7,True,15,5,10,3
3134,2023-10-12,18,Female,Istanbul,Fashion,566.51,1,0.0,566.51,Debit Card,Desktop,23,11,False,7,5,10,3
3135,2023-10-13,23,Female,Istanbul,Fashion,299.55,1,0.0,299.55,Credit Card,Mobile,16,8,True,2,3,10,4
3136,2023-10-13,38,Other,Antalya,Books,16.9,2,0.0,33.8,Debit Card,Mobile,8,6,True,5,4,10,4
3137,2023-10-13,21,Male,Bursa,Books,76.85,2,0.0,153.7,Debit Card,Mobile,25,7,True,6,5,10,4
3138,2023-10-13,41,Male,Izmir,Food,69.86,1,12.63,57.23,Credit Card,Mobile,9,6,False,12,5,10,4
3139,2023-10-13,34,Female,Konya,Books,57.48,4,0.0,229.92,Debit Card,Mobile,17,13,True,3,4,10,4
3140,2023-10-13,34,Female,Konya,Fashion,102.21,1,10.75,91.46,Cash on Delivery,Mobile,12,10,True,4,5,10,4
3141,2023-10-13,22,Male,Izmir,Food,22.93,2,0.0,45.86,Credit Card,Mobile,8,10,False,8,5,10,4
3142,2023-10-13,48,Male,Izmir,Electronics,3925.11,1,0.0,3925.11,Bank Transfer,Mobile,2,9,True,3,3,10,4
3143,2023-10-13,38,Male,Istanbul,Fashion,371.5,4,0.0,1486.0,Bank Transfer,Mobile,18,7,False,8,4,10,4
3144,2023-10-13,20,Female,Bursa,Fashion,200.79,5,0.0,1003.95,Digital Wallet,Mobile,6,10,False,11,5,10,4
3145,2023-10-13,53,Male,Bursa,Sports,395.79,1,0.0,395.79,Credit Card,Tablet,5,8,True,8,4,10,4
3146,2023-10-13,50,Male,Ankara,Toys,130.9,2,0.0,261.8,Digital Wallet,Desktop,10,7,False,6,4,10,4
3147,2023-10-14,42,Female,Istanbul,Books,115.03,1,0.0,115.03,Credit Card,Tablet,23,12,False,4,2,10,5
3148,2023-10-14,24,Female,Izmir,Fashion,201.3,1,0.0,201.3,Digital Wallet,Mobile,13,9,True,11,3,10,5
3149,2023-10-14,39,Male,Antalya,Sports,791.79,4,0.0,3167.16,Debit Card,Desktop,7,7,True,5,4,10,5
3150,2023-10-14,38,Male,Ankara,Beauty,92.0,1,0.0,92.0,Credit Card,Desktop,14,9,False,6,4,10,5
3151,2023-10-14,23,Male,Izmir,Food,33.51,3,5.95,94.58,Credit Card,Mobile,9,9,True,8,5,10,5
3152,2023-10-14,28,Female,Ankara,Food,19.09,4,0.0,76.36,Debit Card,Mobile,22,12,False,10,4,10,5
3153,2023-10-14,40,Male,Bursa,Electronics,1013.72,4,0.0,4054.88,Credit Card,Mobile,22,8,True,5,3,10,5
3154,2023-10-14,43,Female,Bursa,Books,103.34,1,0.0,103.34,Debit Card,Mobile,20,8,True,6,4,10,5
3155,2023-10-14,37,Male,Konya,Sports,488.54,2,31.08,946.0,Cash on Delivery,Mobile,31,6,False,12,3,10,5
3156,2023-10-15,18,Female,Istanbul,Books,18.3,1,0.0,18.3,Credit Card,Tablet,3,16,False,12,4,10,6
3157,2023-10-15,23,Female,Istanbul,Beauty,60.52,2,0.0,121.04,Debit Card,Mobile,18,9,True,20,4,10,6
3158,2023-10-15,26,Male,Ankara,Fashion,489.62,4,95.32,1863.16,Credit Card,Desktop,12,11,False,9,5,10,6
3159,2023-10-15,28,Female,Istanbul,Electronics,642.22,5,0.0,3211.1,Debit Card,Mobile,18,8,False,4,4,10,6
3160,2023-10-15,22,Male,Eskisehir,Home & Garden,606.3,3,0.0,1818.9,Debit Card,Mobile,23,9,False,4,4,10,6
3161,2023-10-15,48,Female,Istanbul,Books,60.96,1,0.0,60.96,Bank Transfer,Desktop,10,12,True,4,5,10,6
3162,2023-10-15,38,Female,Bursa,Home & Garden,608.66,1,0.0,608.66,Debit Card,Mobile,7,15,False,14,5,10,6
3163,2023-10-15,30,Male,Antalya,Beauty,252.24,1,53.43,198.81,Credit Card,Mobile,8,9,False,8,2,10,6
3164,2023-10-15,36,Female,Antalya,Sports,844.23,5,169.99,4051.16,Debit Card,Desktop,13,10,False,7,4,10,6
3165,2023-10-15,19,Male,Bursa,Electronics,1843.56,4,0.0,7374.24,Digital Wallet,Mobile,14,13,True,8,3,10,6
3166,2023-10-15,28,Male,Adana,Books,89.32,1,0.0,89.32,Cash on Delivery,Mobile,4,6,True,10,5,10,6
3167,2023-10-15,34,Female,Istanbul,Sports,1376.74,3,271.43,3858.79,Credit Card,Mobile,42,8,False,6,4,10,6
3168,2023-10-15,25,Male,Ankara,Sports,354.86,5,0.0,1774.3,Digital Wallet,Mobile,18,10,True,3,5,10,6
3169,2023-10-15,29,Male,Ankara,Food,172.92,1,32.28,140.64,Debit Card,Mobile,45,8,True,6,3,10,6
3170,2023-10-16,28,Female,Istanbul,Beauty,159.45,1,0.0,159.45,Credit Card,Mobile,27,9,False,8,5,10,0
3171,2023-10-16,40,Male,Istanbul,Sports,496.99,1,0.0,496.99,Credit Card,Desktop,11,11,True,11,4,10,0
3172,2023-10-16,23,Female,Izmir,Food,50.95,1,8.38,42.57,Debit Card,Desktop,23,13,False,13,5,10,0
3173,2023-10-16,35,Female,Konya,Fashion,625.6,5,0.0,3128.0,Credit Card,Mobile,48,11,True,9,5,10,0
3174,2023-10-16,51,Male,Adana,Books,38.51,2,3.14,73.88,Digital Wallet,Desktop,23,14,False,5,5,10,0
3175,2023-10-16,37,Female,Adana,Beauty,169.55,1,0.0,169.55,Digital Wallet,Desktop,5,8,True,9,5,10,0
3176,2023-10-16,29,Male,Izmir,Fashion,244.0,2,0.0,488.0,Debit Card,Mobile,14,7,True,4,2,10,0
3177,2023-10-16,42,Female,Ankara,Food,20.67,1,0.0,20.67,Debit Card,Mobile,9,6,True,4,4,10,0
3178,2023-10-16,38,Male,Ankara,Books,23.44,4,0.0,93.76,Bank Transfer,Mobile,7,9,False,9,1,10,0
3179,2023-10-16,29,Female,Istanbul,Fashion,695.39,1,0.0,695.39,Digital Wallet,Desktop,7,11,False,7,2,10,0
3180,2023-10-16,36,Female,Antalya,Fashion,369.39,1,0.0,369.39,Bank Transfer,Mobile,13,12,True,2,3,10,0
3181,2023-10-16,44,Male,Adana,Toys,33.31,3,0.0,99.93,Digital Wallet,Mobile,7,14,True,12,4,10,0
3182,2023-10-16,25,Male,Istanbul,Books,47.6,5,9.5,228.5,Digital Wallet,Desktop,40,6,True,8,5,10,0
3183,2023-10-16,37,Male,Istanbul,Electronics,1655.09,2,0.0,3310.18,Debit Card,Mobile,6,9,False,3,5,10,0
3184,2023-10-16,36,Male,Izmir,Food,86.37,4,0.0,345.48,Bank Transfer,Mobile,8,6,True,3,2,10,0
3185,2023-10-16,40,Female,Istanbul,Beauty,42.2,2,8.03,76.37,Credit Card,Mobile,14,13,True,7,5,10,0
3186,2023-10-17,18,Male,Istanbul,Food,100.01,1,24.16,75.85,Credit Card,Desktop,23,12,True,9,3,10,1
3187,2023-10-17,33,Male,Antalya,Fashion,241.01,1,0.0,241.01,Credit Card,Desktop,18,6,True,7,4,10,1
3188,2023-10-17,24,Female,Kayseri,Toys,62.95,1,0.0,62.95,Credit Card,Mobile,7,9,True,11,4,10,1
3189,2023-10-17,35,Male,Ankara,Toys,75.93,5,0.0,379.65,Credit Card,Desktop,1,11,True,6,3,10,1
3190,2023-10-17,32,Male,Ankara,Electronics,3309.9,2,0.0,6619.8,Bank Transfer,Mobile,4,4,True,7,3,10,1
3191,2023-10-17,35,Female,Gaziantep,Food,137.27,2,0.0,274.54,Debit Card,Tablet,11,12,False,4,2,10,1
3192,2023-10-17,25,Male,Ankara,Fashion,71.38,3,6.54,207.6,Credit Card,Desktop,11,15,False,2,1,10,1
3193,2023-10-17,56,Male,Antalya,Food,95.86,2,0.0,191.72,Debit Card,Desktop,10,12,True,5,2,10,1
3194,2023-10-17,40,Female,Gaziantep,Electronics,1087.03,1,0.0,1087.03,Credit Card,Mobile,15,6,False,9,5,10,1
3195,2023-10-17,27,Male,Istanbul,Electronics,3237.97,2,0.0,6475.94,Debit Card,Mobile,6,8,False,12,5,10,1
3196,2023-10-17,20,Female,Ankara,Electronics,892.29,4,0.0,3569.16,Credit Card,Mobile,9,5,True,3,4,10,1
3197,2023-10-17,18,Male,Antalya,Books,28.85,2,0.0,57.7,Credit Card,Mobile,7,12,False,10,5,10,1
3198,2023-10-18,37,Female,Ankara,Beauty,155.68,1,36.6,119.08,Bank Transfer,Desktop,2,11,False,8,5,10,2
3199,2023-10-18,35,Other,Bursa,Toys,73.53,1,0.0,73.53,Credit Card,Mobile,14,12,True,7,5,10,2
3200,2023-10-18,26,Male,Izmir,Fashion,347.56,1,70.4,277.16,Credit Card,Desktop,12,11,True,9,4,10,2
3201,2023-10-18,18,Female,Antalya,Books,56.5,1,11.01,45.49,Debit Card,Desktop,28,7,True,2,1,10,2
3202,2023-10-18,22,Female,Istanbul,Books,136.26,1,0.0,136.26,Debit Card,Mobile,33,15,True,2,5,10,2
3203,2023-10-18,38,Male,Bursa,Food,42.11,2,0.0,84.22,Digital Wallet,Desktop,10,11,True,6,3,10,2
3204,2023-10-18,31,Male,Istanbul,Books,31.28,2,7.36,55.2,Debit Card,Mobile,7,9,False,6,3,10,2
3205,2023-10-18,42,Female,Istanbul,Fashion,547.31,3,0.0,1641.93,Bank Transfer,Desktop,20,12,False,11,4,10,2
3206,2023-10-18,37,Female,Ankara,Home & Garden,66.71,1,17.41,49.3,Digital Wallet,Mobile,22,9,False,3,2,10,2
3207,2023-10-18,18,Female,Ankara,Home & Garden,319.51,1,46.16,273.35,Credit Card,Mobile,9,11,True,2,5,10,2
3208,2023-10-19,30,Male,Adana,Electronics,1614.36,2,159.54,3069.18,Credit Card,Mobile,24,9,True,8,2,10,3
3209,2023-10-19,31,Female,Gaziantep,Electronics,1050.25,3,0.0,3150.75,Digital Wallet,Mobile,10,4,False,5,5,10,3
3210,2023-10-19,28,Male,Adana,Electronics,1927.25,5,0.0,9636.25,Bank Transfer,Mobile,20,9,False,9,3,10,3
3211,2023-10-19,20,Female,Izmir,Fashion,608.26,1,83.46,524.8,Credit Card,Desktop,24,4,True,6,4,10,3
3212,2023-10-19,59,Female,Gaziantep,Books,23.26,1,0.0,23.26,Bank Transfer,Mobile,45,8,False,5,4,10,3
3213,2023-10-19,18,Male,Istanbul,Books,60.56,1,0.0,60.56,Digital Wallet,Desktop,7,9,True,6,3,10,3
3214,2023-10-19,18,Female,Istanbul,Electronics,1084.06,1,0.0,1084.06,Debit Card,Desktop,15,6,True,3,5,10,3
3215,2023-10-19,39,Male,Adana,Home & Garden,719.0,2,0.0,1438.0,Debit Card,Mobile,21,5,True,8,2,10,3
3216,2023-10-19,41,Male,Izmir,Beauty,88.91,4,0.0,355.64,Debit Card,Desktop,15,10,False,9,3,10,3
3217,2023-10-20,49,Female,Istanbul,Home & Garden,85.09,5,0.0,425.45,Credit Card,Mobile,37,11,False,12,5,10,4
3218,2023-10-20,33,Male,Antalya,Sports,493.07,1,119.43,373.64,Debit Card,Desktop,10,6,False,5,5,10,4
3219,2023-10-20,23,Male,Istanbul,Electronics,350.14,5,0.0,1750.7,Credit Card,Desktop,5,3,True,10,3,10,4
3220,2023-10-20,34,Female,Eskisehir,Sports,342.67,5,90.04,1623.31,Digital Wallet,Desktop,9,9,True,5,5,10,4
3221,2023-10-20,22,Female,Izmir,Food,30.02,2,0.0,60.04,Debit Card,Mobile,7,10,False,7,5,10,4
3222,2023-10-20,37,Male,Bursa,Home & Garden,588.81,1,57.1,531.71,Digital Wallet,Mobile,11,8,True,10,5,10,4
3223,2023-10-20,47,Female,Izmir,Toys,26.95,4,0.0,107.8,Credit Card,Mobile,8,13,True,6,5,10,4
3224,2023-10-20,19,Female,Istanbul,Electronics,1177.78,5,170.76,5718.14,Bank Transfer,Mobile,14,14,False,4,5,10,4
3225,2023-10-20,19,Female,Izmir,Fashion,92.8,4,0.0,371.2,Credit Card,Desktop,10,8,True,6,4,10,4
3226,2023-10-21,31,Male,Istanbul,Electronics,516.22,3,0.0,1548.66,Bank Transfer,Mobile,6,5,False,11,5,10,5
3227,2023-10-21,32,Male,Gaziantep,Books,37.39,2,0.0,74.78,Cash on Delivery,Desktop,13,4,False,4,5,10,5
3228,2023-10-21,37,Male,Bursa,Home & Garden,550.0,1,27.68,522.32,Debit Card,Mobile,6,6,True,5,4,10,5
3229,2023-10-21,32,Female,Bursa,Beauty,107.44,3,0.0,322.32,Debit Card,Mobile,10,10,True,3,5,10,5
3230,2023-10-21,43,Female,Istanbul,Books,68.2,1,0.0,68.2,Digital Wallet,Desktop,31,10,False,11,5,10,5
3231,2023-10-21,31,Male,Bursa,Home & Garden,455.14,2,50.87,859.41,Cash on Delivery,Mobile,28,9,False,8,5,10,5
3232,2023-10-21,22,Female,Antalya,Home & Garden,586.04,1,0.0,586.04,Credit Card,Mobile,20,12,True,8,4,10,5
3233,2023-10-21,40,Female,Bursa,Home & Garden,424.64,1,114.91,309.73,Credit Card,Mobile,9,5,False,6,3,10,5
3234,2023-10-21,47,Female,Adana,Home & Garden,1137.38,2,0.0,2274.76,Debit Card,Mobile,7,9,True,1,4,10,5
3235,2023-10-21,30,Male,Izmir,Fashion,1151.78,4,0.0,4607.12,Credit Card,Mobile,9,6,False,7,5,10,5
3236,2023-10-21,44,Female,Bursa,Sports,442.2,5,0.0,2211.0,Credit Card,Mobile,8,6,True,3,5,10,5
3237,2023-10-21,30,Male,Gaziantep,Books,34.31,1,4.95,29.36,Digital Wallet,Mobile,16,6,False,5,5,10,5
3238,2023-10-21,25,Male,Eskisehir,Books,108.67,1,24.85,83.82,Debit Card,Mobile,12,9,True,6,4,10,5
3239,2023-10-22,18,Female,Gaziantep,Electronics,2537.22,1,0.0,2537.22,Digital Wallet,Desktop,10,7,False,9,5,10,6
3240,2023-10-22,39,Male,Eskisehir,Electronics,487.57,1,0.0,487.57,Bank Transfer,Mobile,12,10,True,1,3,10,6
3241,2023-10-22,21,Male,Izmir,Food,61.89,1,9.97,51.92,Cash on Delivery,Mobile,10,11,True,10,4,10,6
3242,2023-10-22,47,Male,Konya,Fashion,272.19,4,0.0,1088.76,Credit Card,Mobile,25,10,True,7,3,10,6
3243,2023-10-22,33,Female,Istanbul,Toys,180.57,1,0.0,180.57,Credit Card,Desktop,3,7,True,7,4,10,6
3244,2023-10-22,24,Female,Kayseri,Home & Garden,939.58,1,0.0,939.58,Debit Card,Mobile,21,12,True,3,5,10,6
3245,2023-10-22,18,Female,Antalya,Books,79.77,5,0.0,398.85,Digital Wallet,Mobile,10,9,True,5,3,10,6
3246,2023-10-22,46,Male,Antalya,Sports,604.33,1,0.0,604.33,Cash on Delivery,Mobile,11,9,True,6,4,10,6
3247,2023-10-22,40,Female,Antalya,Beauty,135.85,5,0.0,679.25,Debit Card,Mobile,19,11,False,6,4,10,6
3248,2023-10-22,39,Male,Antalya,Beauty,76.47,5,0.0,382.35,Debit Card,Mobile,11,8,True,5,2,10,6
3249,2023-10-22,44,Female,Ankara,Home & Garden,638.9,2,141.6,1136.2,Credit Card,Mobile,13,10,False,11,3,10,6
3250,2023-10-22,45,Female,Ankara,Sports,938.76,3,117.55,2698.73,Debit Card,Mobile,24,11,True,3,4,10,6
3251,2023-10-23,21,Female,Ankara,Fashion,311.8,1,0.0,311.8,Digital Wallet,Desktop,16,7,True,6,3,10,0
3252,2023-10-23,42,Male,Istanbul,Toys,152.34,3,0.0,457.02,Credit Card,Desktop,8,7,True,3,4,10,0
3253,2023-10-23,62,Female,Bursa,Food,102.15,5,0.0,510.75,Bank Transfer,Mobile,13,11,True,4,4,10,0
3254,2023-10-23,34,Male,Istanbul,Home & Garden,614.24,1,0.0,614.24,Credit Card,Mobile,10,14,True,11,5,10,0
3255,2023-10-23,34,Female,Istanbul,Toys,157.37,2,0.0,314.74,Debit Card,Mobile,15,7,True,12,2,10,0
3256,2023-10-23,54,Male,Gaziantep,Food,65.3,5,5.09,321.41,Digital Wallet,Mobile,10,10,True,5,1,10,0
3257,2023-10-23,53,Female,Ankara,Electronics,772.83,2,0.0,1545.66,Digital Wallet,Mobile,27,7,False,7,3,10,0
3258,2023-10-23,19,Female,Istanbul,Fashion,656.45,1,0.0,656.45,Bank Transfer,Tablet,10,7,True,5,5,10,0
3259,2023-10-23,36,Female,Gaziantep,Sports,332.34,1,0.0,332.34,Bank Transfer,Tablet,13,5,True,6,4,10,0
3260,2023-10-23,18,Male,Gaziantep,Fashion,99.36,2,0.0,198.72,Debit Card,Mobile,7,13,True,9,5,10,0
3261,2023-10-23,37,Female,Istanbul,Toys,132.88,2,29.66,236.1,Credit Card,Mobile,16,10,True,15,5,10,0
3262,2023-10-23,30,Male,Bursa,Fashion,300.38,1,0.0,300.38,Credit Card,Tablet,7,8,False,4,5,10,0
3263,2023-10-23,37,Female,Bursa,Home & Garden,517.98,1,29.12,488.86,Digital Wallet,Mobile,17,10,True,5,1,10,0
3264,2023-10-23,37,Female,Antalya,Sports,955.11,1,0.0,955.11,Digital Wallet,Mobile,12,5,True,6,5,10,0
3265,2023-10-24,21,Female,Izmir,Sports,412.33,5,0.0,2061.65,Credit Card,Desktop,40,8,True,8,2,10,1
3266,2023-10-24,52,Female,Istanbul,Books,38.28,3,0.0,114.84,Credit Card,Tablet,2,5,True,9,3,10,1
3267,2023-10-24,35,Male,Bursa,Beauty,53.12,4,7.12,205.36,Debit Card,Mobile,18,10,True,5,3,10,1
3268,2023-10-24,56,Female,Istanbul,Home & Garden,457.14,3,0.0,1371.42,Bank Transfer,Mobile,7,8,True,6,4,10,1
3269,2023-10-24,24,Male,Ankara,Beauty,227.36,1,0.0,227.36,Debit Card,Mobile,11,12,True,5,5,10,1
3270,2023-10-24,32,Other,Konya,Electronics,2432.27,1,301.61,2130.66,Credit Card,Tablet,24,11,True,3,1,10,1
3271,2023-10-24,31,Male,Ankara,Sports,178.05,1,0.0,178.05,Debit Card,Desktop,5,7,False,11,4,10,1
3272,2023-10-24,51,Female,Istanbul,Home & Garden,398.11,2,0.0,796.22,Digital Wallet,Desktop,23,8,True,6,5,10,1
3273,2023-10-24,20,Male,Izmir,Sports,208.83,1,0.0,208.83,Debit Card,Desktop,12,9,True,1,4,10,1
3274,2023-10-24,33,Male,Istanbul,Books,114.54,1,21.16,93.38,Credit Card,Mobile,18,10,False,9,5,10,1
3275,2023-10-25,40,Male,Izmir,Home & Garden,1071.4,4,0.0,4285.6,Credit Card,Mobile,9,10,True,6,4,10,2
3276,2023-10-25,38,Male,Izmir,Sports,322.49,3,91.45,876.02,Credit Card,Mobile,10,9,False,10,4,10,2
3277,2023-10-25,31,Female,Istanbul,Toys,41.7,2,0.0,83.4,Debit Card,Mobile,20,5,False,9,3,10,2
3278,2023-10-25,51,Female,Kayseri,Food,105.07,1,21.03,84.04,Credit Card,Mobile,6,7,True,4,1,10,2
3279,2023-10-25,36,Female,Istanbul,Sports,283.94,3,0.0,851.82,Credit Card,Mobile,13,11,False,5,3,10,2
3280,2023-10-25,27,Male,Konya,Electronics,4082.42,2,0.0,8164.84,Digital Wallet,Mobile,23,3,True,6,1,10,2
3281,2023-10-25,43,Female,Istanbul,Sports,550.34,4,0.0,2201.36,Credit Card,Mobile,4,8,True,4,1,10,2
3282,2023-10-25,30,Male,Istanbul,Food,91.61,5,0.0,458.05,Credit Card,Tablet,15,7,True,8,3,10,2
3283,2023-10-26,45,Male,Kayseri,Sports,356.6,1,0.0,356.6,Digital Wallet,Mobile,3,11,True,11,5,10,3
3284,2023-10-26,37,Female,Izmir,Fashion,159.53,1,0.0,159.53,Debit Card,Desktop,6,7,True,8,5,10,3
3285,2023-10-26,31,Female,Bursa,Beauty,205.42,4,21.19,800.49,Debit Card,Mobile,16,11,False,13,4,10,3
3286,2023-10-26,35,Male,Ankara,Home & Garden,353.29,4,0.0,1413.16,Bank Transfer,Desktop,18,6,False,4,3,10,3
3287,2023-10-26,18,Female,Antalya,Toys,45.25,1,0.0,45.25,Credit Card,Mobile,14,11,True,4,5,10,3
3288,2023-10-26,28,Male,Istanbul,Books,23.19,2,1.84,44.54,Credit Card,Tablet,1,7,True,3,4,10,3
3289,2023-10-26,43,Male,Kayseri,Beauty,53.79,1,14.63,39.16,Debit Card,Desktop,12,11,False,5,4,10,3
3290,2023-10-26,34,Female,Ankara,Electronics,1669.81,2,0.0,3339.62,Credit Card,Mobile,5,12,True,9,4,10,3
3291,2023-10-26,36,Female,Bursa,Sports,165.57,1,26.16,139.41,Credit Card,Mobile,9,10,False,7,1,10,3
3292,2023-10-26,32,Male,Bursa,Books,20.13,1,3.99,16.14,Credit Card,Desktop,29,10,True,11,3,10,3
3293,2023-10-26,39,Female,Izmir,Home & Garden,706.29,5,0.0,3531.45,Credit Card,Mobile,8,7,True,4,5,10,3
3294,2023-10-27,46,Female,Ankara,Home & Garden,1342.71,2,0.0,2685.42,Credit Card,Mobile,5,9,True,7,4,10,4
3295,2023-10-27,18,Male,Izmir,Fashion,232.04,3,0.0,696.12,Credit Card,Mobile,4,4,True,14,5,10,4
3296,2023-10-27,39,Male,Izmir,Fashion,57.06,2,13.23,100.89,Debit Card,Desktop,32,12,False,9,4,10,4
3297,2023-10-27,53,Male,Istanbul,Toys,147.29,2,0.0,294.58,Debit Card,Desktop,10,9,True,10,5,10,4
3298,2023-10-27,37,Male,Antalya,Home & Garden,106.17,3,0.0,318.51,Bank Transfer,Tablet,10,6,True,2,4,10,4
3299,2023-10-27,38,Male,Istanbul,Fashion,80.98,5,0.0,404.9,Credit Card,Desktop,22,11,False,15,4,10,4
3300,2023-10-27,45,Female,Bursa,Toys,361.96,4,26.63,1421.21,Credit Card,Mobile,14,6,True,5,5,10,4
3301,2023-10-27,30,Female,Istanbul,Home & Garden,1127.97,2,281.22,1974.72,Cash on Delivery,Mobile,6,4,True,4,5,10,4
3302,2023-10-27,27,Male,Antalya,Toys,520.05,2,0.0,1040.1,Credit Card,Mobile,2,10,True,23,4,10,4
3303,2023-10-28,25,Male,Izmir,Food,41.2,1,10.49,30.71,Credit Card,Desktop,12,11,False,4,4,10,5
3304,2023-10-28,43,Female,Istanbul,Toys,55.84,4,13.08,210.28,Credit Card,Tablet,22,3,True,8,3,10,5
3305,2023-10-28,39,Male,Ankara,Toys,108.47,4,0.0,433.88,Credit Card,Tablet,3,11,True,4,4,10,5
3306,2023-10-28,22,Male,Ankara,Home & Garden,317.35,1,0.0,317.35,Bank Transfer,Desktop,11,10,False,8,5,10,5
3307,2023-10-28,36,Male,Izmir,Beauty,166.01,2,0.0,332.02,Cash on Delivery,Mobile,7,16,True,12,3,10,5
3308,2023-10-28,35,Male,Gaziantep,Books,77.66,5,20.36,367.94,Debit Card,Desktop,24,8,False,7,5,10,5
3309,2023-10-28,40,Female,Bursa,Electronics,2869.05,1,398.15,2470.9,Debit Card,Mobile,15,7,False,9,4,10,5
3310,2023-10-28,30,Female,Istanbul,Beauty,80.11,1,0.0,80.11,Bank Transfer,Mobile,24,8,True,1,5,10,5
3311,2023-10-28,36,Female,Ankara,Home & Garden,1785.22,1,408.6,1376.62,Debit Card,Desktop,4,4,True,8,5,10,5
3312,2023-10-28,25,Male,Gaziantep,Toys,138.73,5,0.0,693.65,Credit Card,Desktop,7,10,True,4,4,10,5
3313,2023-10-28,18,Male,Izmir,Books,76.0,1,0.0,76.0,Credit Card,Tablet,15,14,True,4,1,10,5
3314,2023-10-28,20,Female,Bursa,Food,67.66,2,0.0,135.32,Digital Wallet,Mobile,7,8,True,4,5,10,5
3315,2023-10-28,34,Female,Antalya,Home & Garden,1003.22,1,0.0,1003.22,Credit Card,Desktop,21,7,False,7,2,10,5
3316,2023-10-29,21,Male,Bursa,Fashion,348.47,1,0.0,348.47,Debit Card,Mobile,15,13,True,7,3,10,6
3317,2023-10-29,36,Male,Bursa,Home & Garden,223.77,3,17.68,653.63,Credit Card,Mobile,14,9,False,7,4,10,6
3318,2023-10-29,30,Male,Bursa,Beauty,120.2,3,0.0,360.6,Debit Card,Mobile,18,6,True,4,4,10,6
3319,2023-10-29,30,Female,Gaziantep,Toys,164.95,4,0.0,659.8,Cash on Delivery,Mobile,11,8,False,9,3,10,6
3320,2023-10-29,54,Female,Kayseri,Beauty,188.47,1,0.0,188.47,Digital Wallet,Mobile,13,7,True,9,5,10,6
3321,2023-10-29,32,Male,Konya,Home & Garden,265.45,2,0.0,530.9,Credit Card,Desktop,2,8,False,11,3,10,6
3322,2023-10-29,33,Female,Bursa,Books,32.32,1,0.0,32.32,Cash on Delivery,Tablet,30,10,False,6,4,10,6
3323,2023-10-29,40,Male,Ankara,Toys,80.31,4,15.0,306.24,Credit Card,Mobile,18,8,False,5,4,10,6
3324,2023-10-29,41,Male,Istanbul,Fashion,145.34,4,0.0,581.36,Debit Card,Mobile,8,8,False,5,5,10,6
3325,2023-10-29,22,Female,Kayseri,Home & Garden,541.81,4,139.11,2028.13,Debit Card,Mobile,11,6,True,3,5,10,6
3326,2023-10-29,35,Female,Gaziantep,Fashion,541.49,1,121.19,420.3,Credit Card,Desktop,8,6,False,3,3,10,6
3327,2023-10-30,18,Male,Ankara,Sports,284.16,1,0.0,284.16,Credit Card,Mobile,12,16,False,2,3,10,0
3328,2023-10-30,40,Male,Ankara,Beauty,79.78,1,0.0,79.78,Bank Transfer,Mobile,3,9,True,3,4,10,0
3329,2023-10-30,25,Male,Istanbul,Beauty,154.28,1,40.76,113.52,Debit Card,Mobile,13,7,True,7,5,10,0
3330,2023-10-30,52,Male,Kayseri,Sports,1178.7,1,217.85,960.85,Debit Card,Mobile,14,10,True,5,5,10,0
3331,2023-10-30,55,Other,Antalya,Sports,1142.85,1,0.0,1142.85,Digital Wallet,Mobile,14,6,True,11,4,10,0
3332,2023-10-30,34,Male,Ankara,Sports,545.66,3,0.0,1636.98,Debit Card,Mobile,9,7,False,6,5,10,0
3333,2023-10-31,37,Male,Antalya,Food,91.09,1,0.0,91.09,Credit Card,Mobile,15,12,True,4,4,10,1
3334,2023-10-31,28,Female,Antalya,Home & Garden,150.81,3,0.0,452.43,Credit Card,Desktop,26,10,True,4,3,10,1
3335,2023-10-31,31,Male,Bursa,Toys,76.07,5,0.0,380.35,Debit Card,Desktop,18,7,True,5,4,10,1
3336,2023-10-31,32,Male,Adana,Beauty,112.84,2,0.0,225.68,Digital Wallet,Mobile,8,8,True,8,3,10,1
3337,2023-10-31,43,Female,Ankara,Sports,1629.35,1,0.0,1629.35,Debit Card,Mobile,6,8,False,6,1,10,1
3338,2023-10-31,39,Male,Istanbul,Toys,107.32,3,21.18,300.78,Debit Card,Mobile,10,11,True,7,4,10,1
3339,2023-10-31,38,Male,Istanbul,Fashion,346.39,2,0.0,692.78,Debit Card,Mobile,41,10,True,4,4,10,1
3340,2023-10-31,37,Male,Ankara,Toys,84.87,1,14.26,70.61,Debit Card,Mobile,8,7,False,3,4,10,1
3341,2023-10-31,38,Female,Istanbul,Sports,607.32,1,0.0,607.32,Credit Card,Mobile,17,7,True,18,5,10,1
3342,2023-10-31,41,Female,Antalya,Beauty,72.53,1,0.0,72.53,Credit Card,Mobile,15,9,False,8,5,10,1
3343,2023-10-31,36,Male,Istanbul,Food,36.2,4,0.0,144.8,Debit Card,Desktop,35,4,True,9,5,10,1
3344,2023-11-01,18,Male,Ankara,Beauty,41.04,2,0.0,82.08,Credit Card,Mobile,16,7,True,4,5,11,2
3345,2023-11-01,35,Female,Adana,Sports,898.59,1,240.92,657.67,Credit Card,Mobile,8,13,True,4,4,11,2
3346,2023-11-01,38,Male,Istanbul,Toys,212.92,2,18.67,407.17,Credit Card,Tablet,19,12,True,12,3,11,2
3347,2023-11-01,31,Female,Izmir,Sports,289.01,4,40.77,1115.27,Credit Card,Mobile,23,4,True,7,4,11,2
3348,2023-11-01,21,Male,Bursa,Fashion,120.88,1,0.0,120.88,Credit Card,Mobile,12,8,True,3,5,11,2
3349,2023-11-01,37,Female,Istanbul,Home & Garden,1563.7,1,0.0,1563.7,Debit Card,Mobile,11,9,True,3,5,11,2
3350,2023-11-01,18,Female,Adana,Sports,979.79,4,0.0,3919.16,Debit Card,Desktop,4,7,True,9,3,11,2
3351,2023-11-01,30,Female,Bursa,Sports,1739.72,3,0.0,5219.16,Credit Card,Desktop,15,8,True,9,5,11,2
3352,2023-11-01,50,Male,Istanbul,Food,47.29,3,10.89,130.98,Debit Card,Mobile,21,7,False,3,2,11,2
3353,2023-11-01,51,Male,Antalya,Electronics,364.04,4,0.0,1456.16,Debit Card,Mobile,13,4,False,3,5,11,2
3354,2023-11-01,46,Male,Izmir,Toys,71.42,2,0.0,142.84,Credit Card,Tablet,5,4,True,3,2,11,2
3355,2023-11-01,60,Male,Gaziantep,Fashion,368.16,5,0.0,1840.8,Debit Card,Desktop,9,12,False,11,3,11,2
3356,2023-11-01,58,Female,Izmir,Sports,652.96,1,0.0,652.96,Debit Card,Desktop,7,10,False,6,4,11,2
3357,2023-11-02,29,Female,Antalya,Toys,130.2,2,0.0,260.4,Debit Card,Desktop,12,12,True,6,4,11,3
3358,2023-11-02,49,Female,Antalya,Fashion,40.75,1,5.86,34.89,Digital Wallet,Mobile,2,6,False,5,4,11,3
3359,2023-11-02,19,Male,Ankara,Books,55.48,1,0.0,55.48,Debit Card,Mobile,19,13,False,7,4,11,3
3360,2023-11-02,47,Male,Bursa,Food,55.42,1,7.11,48.31,Digital Wallet,Mobile,14,4,True,11,4,11,3
3361,2023-11-02,51,Male,Ankara,Sports,573.29,1,148.73,424.56,Debit Card,Tablet,18,8,False,9,4,11,3
3362,2023-11-02,33,Male,Izmir,Fashion,527.91,1,0.0,527.91,Credit Card,Desktop,7,9,False,9,4,11,3
3363,2023-11-02,38,Male,Eskisehir,Electronics,2663.53,1,0.0,2663.53,Credit Card,Desktop,12,12,True,10,5,11,3
3364,2023-11-02,44,Female,Bursa,Beauty,24.55,1,2.45,22.1,Debit Card,Mobile,7,7,False,7,2,11,3
3365,2023-11-02,45,Male,Adana,Home & Garden,331.61,2,0.0,663.22,Digital Wallet,Mobile,17,7,True,12,4,11,3
3366,2023-11-02,33,Female,Istanbul,Electronics,971.23,2,108.91,1833.55,Credit Card,Mobile,25,6,True,12,5,11,3
3367,2023-11-02,18,Female,Antalya,Beauty,94.28,3,0.0,282.84,Digital Wallet,Desktop,21,7,False,4,5,11,3
3368,2023-11-02,40,Male,Eskisehir,Fashion,239.95,1,53.86,186.09,Credit Card,Desktop,16,8,False,2,5,11,3
3369,2023-11-02,52,Female,Izmir,Toys,120.8,2,27.56,214.04,Credit Card,Desktop,15,7,False,3,3,11,3
3370,2023-11-02,31,Male,Ankara,Home & Garden,1637.69,1,0.0,1637.69,Credit Card,Desktop,19,14,False,5,5,11,3
3371,2023-11-02,25,Female,Istanbul,Electronics,2214.16,2,0.0,4428.32,Bank Transfer,Desktop,17,8,True,17,5,11,3
3372,2023-11-02,18,Male,Kayseri,Home & Garden,855.59,1,0.0,855.59,Digital Wallet,Mobile,5,8,True,5,4,11,3
3373,2023-11-02,23,Female,Ankara,Books,41.25,1,0.0,41.25,Digital Wallet,Tablet,31,12,True,6,2,11,3
3374,2023-11-02,38,Female,Ankara,Fashion,119.0,3,12.64,344.36,Debit Card,Mobile,26,9,False,9,4,11,3
3375,2023-11-02,63,Male,Istanbul,Sports,342.51,2,0.0,685.02,Bank Transfer,Mobile,38,12,False,2,5,11,3
3376,2023-11-03,27,Male,Ankara,Fashion,136.42,3,14.89,394.37,Debit Card,Mobile,7,6,True,4,4,11,4
3377,2023-11-03,26,Male,Gaziantep,Books,31.18,1,0.0,31.18,Bank Transfer,Desktop,17,11,False,7,5,11,4
3378,2023-11-03,49,Female,Istanbul,Beauty,65.03,1,0.0,65.03,Bank Transfer,Desktop,32,13,True,10,2,11,4
3379,2023-11-03,18,Female,Gaziantep,Sports,1071.7,4,0.0,4286.8,Digital Wallet,Desktop,9,4,False,11,4,11,4
3380,2023-11-03,22,Female,Istanbul,Fashion,461.59,4,0.0,1846.36,Digital Wallet,Desktop,19,11,False,5,5,11,4
3381,2023-11-03,32,Male,Adana,Home & Garden,243.43,1,0.0,243.43,Credit Card,Mobile,18,14,True,8,5,11,4
3382,2023-11-03,28,Female,Ankara,Electronics,1023.9,1,207.06,816.84,Digital Wallet,Desktop,7,11,True,1,5,11,4
3383,2023-11-03,33,Male,Ankara,Toys,57.92,4,10.77,220.91,Bank Transfer,Desktop,14,10,True,5,4,11,4
3384,2023-11-03,18,Female,Ankara,Fashion,98.05,1,0.0,98.05,Digital Wallet,Tablet,14,8,False,4,5,11,4
3385,2023-11-04,55,Female,Izmir,Food,61.75,2,0.0,123.5,Digital Wallet,Desktop,35,7,False,3,4,11,5
3386,2023-11-04,29,Male,Adana,Books,21.65,1,5.97,15.68,Credit Card,Tablet,21,12,False,4,4,11,5
3387,2023-11-04,51,Female,Istanbul,Fashion,197.87,1,0.0,197.87,Digital Wallet,Mobile,30,12,True,5,4,11,5
3388,2023-11-04,29,Female,Bursa,Beauty,68.1,5,0.0,340.5,Debit Card,Mobile,22,10,True,9,4,11,5
3389,2023-11-05,49,Male,Istanbul,Books,79.6,1,0.0,79.6,Digital Wallet,Mobile,7,9,True,9,4,11,6
3390,2023-11-05,33,Male,Eskisehir,Food,113.56,3,18.78,321.9,Credit Card,Mobile,7,12,True,13,4,11,6
3391,2023-11-05,35,Female,Ankara,Food,34.75,1,3.3,31.45,Credit Card,Mobile,5,6,False,5,4,11,6
3392,2023-11-05,37,Female,Adana,Books,73.56,1,11.55,62.01,Digital Wallet,Mobile,11,12,True,5,5,11,6
3393,2023-11-05,36,Female,Antalya,Sports,221.41,1,56.93,164.48,Debit Card,Mobile,12,8,True,10,4,11,6
3394,2023-11-05,28,Female,Ankara,Food,147.77,5,0.0,738.85,Credit Card,Tablet,34,12,False,5,3,11,6
3395,2023-11-05,35,Female,Adana,Sports,331.18,1,85.23,245.95,Credit Card,Mobile,7,9,True,3,5,11,6
3396,2023-11-05,44,Female,Izmir,Food,64.95,4,4.73,255.07,Credit Card,Desktop,18,7,True,3,4,11,6
3397,2023-11-05,47,Female,Bursa,Electronics,1362.48,1,0.0,1362.48,Cash on Delivery,Desktop,31,10,True,3,5,11,6
3398,2023-11-05,22,Male,Antalya,Food,40.2,1,0.0,40.2,Credit Card,Mobile,1,10,True,6,4,11,6
3399,2023-11-05,18,Female,Kayseri,Sports,494.24,1,128.77,365.47,Digital Wallet,Mobile,26,17,True,4,4,11,6
3400,2023-11-06,31,Male,Konya,Fashion,162.23,2,0.0,324.46,Bank Transfer,Desktop,13,8,False,4,5,11,0
3401,2023-11-06,24,Female,Antalya,Beauty,118.75,1,20.87,97.88,Digital Wallet,Tablet,16,9,False,8,2,11,0
3402,2023-11-06,45,Male,Konya,Toys,140.99,1,21.52,119.47,Credit Card,Mobile,16,9,True,5,5,11,0
3403,2023-11-06,37,Male,Gaziantep,Toys,158.7,2,36.48,280.92,Debit Card,Mobile,21,8,True,5,5,11,0
3404,2023-11-06,35,Female,Adana,Food,26.17,1,2.99,23.18,Credit Card,Desktop,10,8,True,8,3,11,0
3405,2023-11-06,41,Male,Izmir,Food,51.02,2,0.0,102.04,Bank Transfer,Mobile,13,5,True,20,4,11,0
3406,2023-11-06,26,Female,Konya,Beauty,66.95,1,0.0,66.95,Debit Card,Mobile,34,6,True,13,5,11,0
3407,2023-11-06,18,Female,Bursa,Toys,48.11,4,0.0,192.44,Credit Card,Mobile,7,10,True,9,3,11,0
3408,2023-11-06,27,Male,Ankara,Books,26.41,1,0.0,26.41,Digital Wallet,Tablet,32,11,False,9,5,11,0
3409,2023-11-06,24,Male,Istanbul,Books,46.29,1,0.0,46.29,Debit Card,Mobile,5,7,False,4,5,11,0
3410,2023-11-06,31,Female,Istanbul,Home & Garden,1028.81,1,0.0,1028.81,Credit Card,Tablet,8,11,True,3,4,11,0
3411,2023-11-07,38,Female,Bursa,Food,77.65,1,0.0,77.65,Debit Card,Mobile,16,6,False,7,4,11,1
3412,2023-11-07,33,Female,Ankara,Home & Garden,157.74,5,0.0,788.7,Debit Card,Tablet,29,7,False,6,4,11,1
3413,2023-11-07,38,Male,Ankara,Home & Garden,655.87,3,0.0,1967.61,Credit Card,Tablet,28,6,True,6,5,11,1
3414,2023-11-07,57,Female,Izmir,Home & Garden,666.49,5,0.0,3332.45,Credit Card,Desktop,15,8,False,5,3,11,1
3415,2023-11-07,18,Female,Istanbul,Home & Garden,1354.15,1,0.0,1354.15,Debit Card,Mobile,14,10,False,13,3,11,1
3416,2023-11-07,51,Male,Izmir,Electronics,921.43,1,0.0,921.43,Credit Card,Desktop,8,11,False,13,4,11,1
3417,2023-11-07,22,Male,Istanbul,Home & Garden,1116.22,1,0.0,1116.22,Digital Wallet,Desktop,8,16,True,6,5,11,1
3418,2023-11-07,49,Male,Konya,Electronics,1103.33,1,324.81,778.52,Cash on Delivery,Tablet,17,4,False,6,5,11,1
3419,2023-11-07,27,Male,Istanbul,Fashion,344.97,1,0.0,344.97,Credit Card,Mobile,6,6,True,9,5,11,1
3420,2023-11-07,25,Female,Istanbul,Food,17.78,3,0.0,53.34,Digital Wallet,Mobile,7,10,False,2,4,11,1
3421,2023-11-07,38,Female,Adana,Electronics,1499.61,1,0.0,1499.61,Debit Card,Mobile,9,8,False,6,4,11,1
3422,2023-11-07,50,Male,Ankara,Beauty,54.26,4,13.67,203.37,Digital Wallet,Mobile,25,7,False,3,5,11,1
3423,2023-11-07,18,Male,Istanbul,Fashion,581.55,1,0.0,581.55,Bank Transfer,Mobile,11,7,False,2,5,11,1
3424,2023-11-08,42,Male,Kayseri,Fashion,136.28,2,0.0,272.56,Debit Card,Mobile,19,10,True,15,5,11,2
3425,2023-11-08,20,Male,Istanbul,Beauty,104.4,5,0.0,522.0,Digital Wallet,Mobile,23,9,True,6,4,11,2
3426,2023-11-08,44,Male,Konya,Electronics,4111.84,1,842.95,3268.89,Cash on Delivery,Mobile,10,14,True,2,5,11,2
3427,2023-11-08,45,Female,Antalya,Sports,335.16,2,32.94,637.38,Digital Wallet,Mobile,5,11,False,6,4,11,2
3428,2023-11-08,38,Male,Gaziantep,Sports,300.92,2,0.0,601.84,Credit Card,Desktop,13,7,True,5,5,11,2
3429,2023-11-08,25,Female,Gaziantep,Home & Garden,417.84,5,52.71,2036.49,Credit Card,Desktop,6,14,True,6,2,11,2
3430,2023-11-08,40,Female,Istanbul,Sports,305.34,1,0.0,305.34,Credit Card,Mobile,17,8,True,11,4,11,2
3431,2023-11-08,44,Female,Istanbul,Fashion,215.65,5,0.0,1078.25,Digital Wallet,Desktop,7,9,False,5,2,11,2
3432,2023-11-08,33,Female,Ankara,Toys,94.54,3,0.0,283.62,Debit Card,Mobile,6,9,True,5,3,11,2
3433,2023-11-09,33,Female,Bursa,Fashion,70.97,1,18.54,52.43,Digital Wallet,Desktop,19,4,True,10,4,11,3
3434,2023-11-09,39,Male,Izmir,Food,34.22,1,0.0,34.22,Credit Card,Mobile,12,10,False,5,4,11,3
3435,2023-11-09,33,Female,Antalya,Books,70.63,1,0.0,70.63,Debit Card,Desktop,22,12,True,4,4,11,3
3436,2023-11-09,18,Female,Ankara,Fashion,255.44,2,0.0,510.88,Debit Card,Mobile,29,10,True,8,5,11,3
3437,2023-11-09,49,Female,Kayseri,Beauty,82.23,1,0.0,82.23,Digital Wallet,Mobile,10,7,False,3,4,11,3
3438,2023-11-09,18,Female,Eskisehir,Home & Garden,1369.38,2,254.37,2484.39,Digital Wallet,Mobile,11,8,True,13,5,11,3
3439,2023-11-09,45,Male,Izmir,Home & Garden,171.92,2,8.67,335.17,Digital Wallet,Desktop,2,8,False,2,4,11,3
3440,2023-11-09,18,Male,Istanbul,Toys,165.08,5,0.0,825.4,Debit Card,Desktop,7,7,True,5,2,11,3
3441,2023-11-09,41,Female,Izmir,Toys,79.53,5,0.0,397.65,Digital Wallet,Desktop,21,16,True,6,4,11,3
3442,2023-11-09,38,Female,Istanbul,Home & Garden,924.61,5,0.0,4623.05,Digital Wallet,Mobile,8,8,False,8,4,11,3
3443,2023-11-09,39,Male,Konya,Electronics,3521.58,1,0.0,3521.58,Credit Card,Mobile,3,9,True,5,5,11,3
3444,2023-11-09,44,Male,Istanbul,Sports,1072.15,2,264.19,1880.11,Bank Transfer,Mobile,4,15,True,5,5,11,3
3445,2023-11-09,18,Female,Istanbul,Fashion,806.06,5,0.0,4030.3,Credit Card,Desktop,37,9,True,4,3,11,3
3446,2023-11-10,18,Male,Istanbul,Beauty,19.34,1,0.0,19.34,Digital Wallet,Desktop,17,12,True,5,4,11,4
3447,2023-11-10,35,Male,Antalya,Fashion,177.31,1,23.24,154.07,Debit Card,Desktop,13,11,True,5,5,11,4
3448,2023-11-10,42,Female,Istanbul,Beauty,66.52,2,0.0,133.04,Credit Card,Mobile,12,5,True,3,5,11,4
3449,2023-11-10,40,Female,Istanbul,Toys,57.82,2,5.69,109.95,Credit Card,Desktop,9,11,False,7,4,11,4
3450,2023-11-10,39,Female,Antalya,Toys,284.75,2,0.0,569.5,Digital Wallet,Mobile,26,10,True,6,4,11,4
3451,2023-11-10,29,Male,Istanbul,Food,108.61,1,9.09,99.52,Credit Card,Mobile,12,8,False,3,4,11,4
3452,2023-11-10,40,Female,Ankara,Fashion,151.7,2,0.0,303.4,Debit Card,Desktop,15,7,True,2,5,11,4
3453,2023-11-10,18,Male,Gaziantep,Food,23.77,1,0.0,23.77,Bank Transfer,Desktop,28,15,False,16,4,11,4
3454,2023-11-11,34,Male,Istanbul,Food,25.38,1,0.0,25.38,Debit Card,Mobile,18,8,True,5,2,11,5
3455,2023-11-11,18,Female,Ankara,Fashion,327.26,5,0.0,1636.3,Credit Card,Mobile,15,13,True,3,3,11,5
3456,2023-11-11,18,Male,Istanbul,Toys,24.84,1,1.83,23.01,Credit Card,Mobile,13,11,True,7,5,11,5
3457,2023-11-11,46,Male,Konya,Home & Garden,513.12,1,0.0,513.12,Debit Card,Desktop,23,13,False,7,5,11,5
3458,2023-11-11,46,Male,Antalya,Food,31.0,2,0.0,62.0,Credit Card,Tablet,5,6,False,20,4,11,5
3459,2023-11-11,23,Female,Ankara,Fashion,66.88,2,0.0,133.76,Cash on Delivery,Desktop,6,8,True,1,4,11,5
3460,2023-11-11,18,Female,Konya,Sports,381.57,1,0.0,381.57,Digital Wallet,Mobile,18,6,False,6,5,11,5
3461,2023-11-11,46,Female,Izmir,Sports,963.76,3,188.84,2702.44,Credit Card,Mobile,11,7,True,11,3,11,5
3462,2023-11-11,40,Male,Gaziantep,Toys,230.33,5,0.0,1151.65,Debit Card,Desktop,21,11,False,6,5,11,5
3463,2023-11-11,40,Female,Istanbul,Sports,816.36,2,0.0,1632.72,Digital Wallet,Mobile,20,13,True,5,5,11,5
3464,2023-11-11,70,Male,Ankara,Beauty,53.39,1,0.0,53.39,Credit Card,Mobile,39,4,True,4,5,11,5
3465,2023-11-12,32,Male,Izmir,Beauty,82.88,2,0.0,165.76,Credit Card,Tablet,4,10,True,9,3,11,6
3466,2023-11-12,26,Male,Ankara,Fashion,634.92,5,50.17,3124.43,Debit Card,Mobile,14,5,False,7,1,11,6
3467,2023-11-12,30,Female,Konya,Sports,236.55,5,0.0,1182.75,Digital Wallet,Desktop,11,7,True,4,1,11,6
3468,2023-11-12,31,Male,Konya,Fashion,136.66,3,0.0,409.98,Debit Card,Desktop,8,8,False,4,4,11,6
3469,2023-11-12,30,Other,Kayseri,Home & Garden,743.89,2,0.0,1487.78,Digital Wallet,Mobile,6,8,False,5,3,11,6
3470,2023-11-12,41,Male,Konya,Books,75.36,5,0.0,376.8,Debit Card,Mobile,6,8,True,3,5,11,6
3471,2023-11-12,40,Female,Istanbul,Food,152.36,1,0.0,152.36,Credit Card,Mobile,11,8,True,9,4,11,6
3472,2023-11-12,45,Female,Konya,Toys,143.87,2,28.37,259.37,Digital Wallet,Desktop,10,10,False,7,4,11,6
3473,2023-11-12,43,Female,Eskisehir,Electronics,4045.25,1,1165.83,2879.42,Debit Card,Desktop,20,14,True,4,4,11,6
3474,2023-11-12,37,Female,Gaziantep,Sports,271.93,3,0.0,815.79,Debit Card,Mobile,30,9,True,5,5,11,6
3475,2023-11-12,28,Male,Gaziantep,Books,50.77,2,0.0,101.54,Digital Wallet,Tablet,10,14,True,9,4,11,6
3476,2023-11-12,21,Female,Kayseri,Toys,70.22,2,0.0,140.44,Digital Wallet,Desktop,9,9,False,7,4,11,6
3477,2023-11-13,28,Female,Istanbul,Beauty,134.79,5,0.0,673.95,Credit Card,Mobile,2,13,True,9,4,11,0
3478,2023-11-13,39,Female,Izmir,Sports,568.76,3,141.82,1564.46,Digital Wallet,Mobile,21,6,True,5,5,11,0
3479,2023-11-13,68,Male,Istanbul,Home & Garden,144.6,2,8.73,280.47,Debit Card,Mobile,24,11,True,2,4,11,0
3480,2023-11-13,36,Female,Izmir,Home & Garden,394.28,3,0.0,1182.84,Bank Transfer,Desktop,13,7,True,3,3,11,0
3481,2023-11-13,63,Female,Istanbul,Fashion,206.53,5,0.0,1032.65,Credit Card,Mobile,15,7,False,5,5,11,0
3482,2023-11-13,45,Female,Antalya,Food,135.06,1,11.57,123.49,Digital Wallet,Mobile,12,8,True,2,3,11,0
3483,2023-11-13,21,Female,Izmir,Food,65.2,5,15.6,310.4,Debit Card,Tablet,13,8,True,7,3,11,0
3484,2023-11-13,33,Female,Istanbul,Home & Garden,1210.73,1,0.0,1210.73,Credit Card,Tablet,13,15,False,8,4,11,0
3485,2023-11-13,39,Male,Istanbul,Food,52.97,1,0.0,52.97,Debit Card,Mobile,12,6,True,4,3,11,0
3486,2023-11-13,43,Male,Gaziantep,Beauty,25.66,1,0.0,25.66,Bank Transfer,Mobile,22,8,False,5,3,11,0
3487,2023-11-14,27,Female,Bursa,Sports,514.23,5,99.12,2472.03,Digital Wallet,Desktop,11,12,True,4,5,11,1
3488,2023-11-14,29,Female,Gaziantep,Electronics,986.9,1,0.0,986.9,Debit Card,Desktop,13,9,True,5,2,11,1
3489,2023-11-14,42,Female,Konya,Electronics,1770.42,1,106.55,1663.87,Digital Wallet,Desktop,10,13,True,6,4,11,1
3490,2023-11-14,23,Male,Antalya,Food,116.09,3,0.0,348.27,Credit Card,Mobile,23,5,True,5,5,11,1
3491,2023-11-14,29,Male,Izmir,Fashion,164.08,3,0.0,492.24,Credit Card,Mobile,34,9,False,3,4,11,1
3492,2023-11-14,46,Male,Ankara,Electronics,1211.12,5,0.0,6055.6,Credit Card,Desktop,2,10,True,7,2,11,1
3493,2023-11-14,36,Female,Antalya,Food,35.91,1,2.35,33.56,Debit Card,Mobile,9,6,True,4,3,11,1
3494,2023-11-14,32,Male,Ankara,Food,39.39,1,0.0,39.39,Digital Wallet,Desktop,7,6,False,6,4,11,1
3495,2023-11-14,51,Male,Istanbul,Fashion,241.12,1,15.58,225.54,Digital Wallet,Mobile,10,15,True,11,4,11,1
3496,2023-11-14,18,Female,Istanbul,Food,28.68,1,7.9,20.78,Credit Card,Desktop,9,4,False,5,1,11,1
3497,2023-11-14,43,Male,Istanbul,Toys,170.6,3,0.0,511.8,Debit Card,Desktop,15,11,False,5,5,11,1
3498,2023-11-15,53,Female,Adana,Fashion,656.19,5,0.0,3280.95,Credit Card,Desktop,10,14,True,2,3,11,2
3499,2023-11-15,45,Female,Bursa,Electronics,4281.81,5,0.0,21409.05,Bank Transfer,Mobile,11,6,False,5,5,11,2
3500,2023-11-15,46,Female,Antalya,Beauty,52.99,3,0.0,158.97,Debit Card,Mobile,6,4,False,4,4,11,2
3501,2023-11-15,37,Female,Eskisehir,Toys,269.76,5,0.0,1348.8,Digital Wallet,Desktop,20,9,False,8,4,11,2
3502,2023-11-15,35,Female,Bursa,Food,70.03,1,0.0,70.03,Debit Card,Mobile,14,5,True,2,2,11,2
3503,2023-11-15,46,Female,Bursa,Sports,350.06,3,97.43,952.75,Credit Card,Desktop,18,10,True,3,5,11,2
3504,2023-11-15,18,Female,Ankara,Sports,145.31,1,0.0,145.31,Cash on Delivery,Tablet,17,5,False,4,2,11,2
3505,2023-11-16,18,Female,Antalya,Fashion,260.87,1,0.0,260.87,Digital Wallet,Mobile,16,9,False,9,2,11,3
3506,2023-11-16,53,Male,Istanbul,Books,55.62,1,0.0,55.62,Digital Wallet,Tablet,16,7,False,6,5,11,3
3507,2023-11-16,33,Male,Konya,Home & Garden,364.45,4,0.0,1457.8,Digital Wallet,Desktop,10,10,False,3,5,11,3
3508,2023-11-16,33,Female,Istanbul,Fashion,114.0,1,0.0,114.0,Debit Card,Mobile,13,4,True,9,5,11,3
3509,2023-11-16,18,Male,Istanbul,Beauty,50.75,5,3.91,249.84,Credit Card,Desktop,19,11,True,10,3,11,3
3510,2023-11-16,18,Male,Kayseri,Food,106.17,1,0.0,106.17,Credit Card,Desktop,9,8,False,3,5,11,3
3511,2023-11-16,18,Male,Istanbul,Fashion,283.0,1,0.0,283.0,Cash on Delivery,Mobile,11,11,True,16,5,11,3
3512,2023-11-17,36,Female,Istanbul,Books,41.03,1,4.74,36.29,Credit Card,Mobile,4,7,True,5,4,11,4
3513,2023-11-17,41,Female,Izmir,Sports,580.51,3,0.0,1741.53,Bank Transfer,Mobile,17,10,True,10,5,11,4
3514,2023-11-17,32,Female,Kayseri,Beauty,258.29,1,0.0,258.29,Credit Card,Mobile,4,6,False,3,5,11,4
3515,2023-11-17,28,Female,Izmir,Sports,1399.51,1,240.12,1159.39,Credit Card,Mobile,6,8,False,5,3,11,4
3516,2023-11-17,54,Male,Istanbul,Food,159.09,1,0.0,159.09,Debit Card,Desktop,26,13,True,7,2,11,4
3517,2023-11-17,25,Male,Izmir,Beauty,43.31,1,9.44,33.87,Digital Wallet,Desktop,55,13,False,14,5,11,4
3518,2023-11-17,34,Male,Bursa,Books,22.97,1,0.0,22.97,Debit Card,Mobile,9,9,True,10,3,11,4
3519,2023-11-17,49,Female,Adana,Food,24.78,1,0.0,24.78,Digital Wallet,Mobile,29,12,True,10,5,11,4
3520,2023-11-17,38,Female,Istanbul,Toys,43.4,5,0.0,217.0,Credit Card,Desktop,9,9,False,9,5,11,4
3521,2023-11-17,51,Female,Bursa,Electronics,1288.47,5,121.05,6321.3,Digital Wallet,Mobile,8,7,True,4,5,11,4
3522,2023-11-17,18,Male,Istanbul,Sports,1025.69,1,0.0,1025.69,Credit Card,Desktop,13,4,True,6,4,11,4
3523,2023-11-18,43,Female,Istanbul,Beauty,108.13,5,17.27,523.38,Digital Wallet,Mobile,6,10,True,9,5,11,5
3524,2023-11-18,41,Female,Ankara,Toys,78.41,5,0.0,392.05,Digital Wallet,Desktop,8,9,False,2,4,11,5
3525,2023-11-18,26,Male,Ankara,Beauty,29.38,1,0.0,29.38,Debit Card,Desktop,4,7,False,4,4,11,5
3526,2023-11-18,29,Female,Bursa,Toys,107.13,5,15.38,520.27,Credit Card,Desktop,25,6,True,3,5,11,5
3527,2023-11-18,27,Female,Bursa,Sports,213.31,1,19.59,193.72,Credit Card,Mobile,27,8,True,7,5,11,5
3528,2023-11-18,35,Female,Istanbul,Books,31.43,2,4.5,58.36,Credit Card,Desktop,3,9,True,7,5,11,5
3529,2023-11-18,36,Male,Bursa,Sports,618.13,4,0.0,2472.52,Credit Card,Mobile,7,9,True,10,5,11,5
3530,2023-11-18,30,Other,Izmir,Fashion,246.07,4,43.44,940.84,Digital Wallet,Desktop,16,10,False,5,4,11,5
3531,2023-11-18,27,Male,Antalya,Toys,459.98,1,0.0,459.98,Credit Card,Tablet,5,8,True,7,4,11,5
3532,2023-11-18,44,Male,Antalya,Electronics,758.95,2,108.29,1409.61,Debit Card,Tablet,6,7,True,9,4,11,5
3533,2023-11-18,39,Female,Izmir,Toys,199.34,1,0.0,199.34,Debit Card,Mobile,4,5,False,2,5,11,5
3534,2023-11-18,22,Female,Izmir,Food,92.67,4,16.55,354.13,Credit Card,Mobile,6,9,True,7,3,11,5
3535,2023-11-18,32,Male,Antalya,Toys,179.27,3,0.0,537.81,Debit Card,Mobile,12,9,False,14,3,11,5
3536,2023-11-19,49,Other,Izmir,Food,153.38,4,11.35,602.17,Bank Transfer,Tablet,27,7,True,7,1,11,6
3537,2023-11-19,18,Male,Adana,Toys,33.59,4,9.52,124.84,Credit Card,Mobile,9,9,False,13,2,11,6
3538,2023-11-19,54,Female,Izmir,Electronics,3579.67,1,0.0,3579.67,Debit Card,Mobile,10,7,True,8,2,11,6
3539,2023-11-19,27,Male,Istanbul,Sports,285.63,3,0.0,856.89,Debit Card,Mobile,31,2,False,14,3,11,6
3540,2023-11-19,18,Female,Gaziantep,Food,26.21,1,0.0,26.21,Credit Card,Mobile,13,10,False,3,4,11,6
3541,2023-11-19,30,Male,Bursa,Fashion,174.51,1,48.48,126.03,Digital Wallet,Mobile,17,8,True,7,5,11,6
3542,2023-11-19,35,Male,Gaziantep,Sports,237.61,1,0.0,237.61,Bank Transfer,Mobile,5,9,False,7,1,11,6
3543,2023-11-20,28,Female,Ankara,Beauty,78.17,1,0.0,78.17,Debit Card,Mobile,17,10,False,2,3,11,0
3544,2023-11-20,25,Male,Konya,Home & Garden,1605.01,1,425.8,1179.21,Credit Card,Mobile,10,10,True,3,5,11,0
3545,2023-11-20,28,Male,Istanbul,Books,37.36,4,0.0,149.44,Credit Card,Mobile,22,4,False,4,5,11,0
3546,2023-11-20,27,Male,Izmir,Home & Garden,1049.76,1,0.0,1049.76,Bank Transfer,Mobile,3,13,True,5,5,11,0
3547,2023-11-20,32,Female,Konya,Home & Garden,779.56,1,104.7,674.86,Credit Card,Mobile,16,9,True,6,3,11,0
3548,2023-11-20,31,Female,Eskisehir,Books,124.9,2,31.97,217.83,Digital Wallet,Mobile,15,11,True,14,4,11,0
3549,2023-11-20,42,Female,Istanbul,Beauty,43.39,3,7.0,123.17,Credit Card,Mobile,35,7,True,6,3,11,0
3550,2023-11-20,38,Female,Istanbul,Home & Garden,730.67,2,0.0,1461.34,Debit Card,Mobile,11,4,False,6,5,11,0
3551,2023-11-21,37,Female,Ankara,Electronics,1423.7,1,216.71,1206.99,Digital Wallet,Mobile,4,11,False,2,1,11,1
3552,2023-11-21,18,Female,Istanbul,Home & Garden,507.27,2,145.02,869.52,Debit Card,Mobile,18,6,False,6,1,11,1
3553,2023-11-21,25,Male,Izmir,Books,75.52,1,0.0,75.52,Debit Card,Mobile,7,17,True,5,4,11,1
3554,2023-11-21,25,Female,Izmir,Food,32.91,5,2.15,162.4,Credit Card,Desktop,32,14,True,4,5,11,1
3555,2023-11-21,18,Male,Istanbul,Beauty,48.17,2,0.0,96.34,Debit Card,Tablet,9,9,False,7,5,11,1
3556,2023-11-21,48,Female,Ankara,Home & Garden,364.69,5,0.0,1823.45,Credit Card,Mobile,9,7,False,9,1,11,1
3557,2023-11-21,35,Female,Eskisehir,Home & Garden,490.05,1,0.0,490.05,Credit Card,Mobile,12,6,True,12,5,11,1
3558,2023-11-21,27,Male,Kayseri,Toys,457.77,1,127.34,330.43,Credit Card,Mobile,9,9,False,6,4,11,1
3559,2023-11-21,49,Male,Gaziantep,Fashion,155.42,1,36.42,119.0,Credit Card,Desktop,22,8,False,4,5,11,1
3560,2023-11-21,18,Female,Bursa,Fashion,301.67,3,0.0,905.01,Digital Wallet,Mobile,17,4,False,8,3,11,1
3561,2023-11-21,38,Female,Gaziantep,Home & Garden,491.41,1,0.0,491.41,Credit Card,Mobile,9,9,False,6,2,11,1
3562,2023-11-21,18,Male,Kayseri,Books,49.74,1,0.0,49.74,Credit Card,Desktop,9,5,False,11,5,11,1
3563,2023-11-21,18,Male,Kayseri,Sports,717.18,4,0.0,2868.72,Digital Wallet,Desktop,23,10,True,3,4,11,1
3564,2023-11-22,28,Male,Izmir,Food,21.66,2,4.08,39.24,Debit Card,Mobile,17,6,True,11,5,11,2
3565,2023-11-22,46,Female,Gaziantep,Beauty,49.98,1,0.0,49.98,Debit Card,Mobile,43,11,True,4,3,11,2
3566,2023-11-22,36,Female,Istanbul,Electronics,305.23,5,0.0,1526.15,Debit Card,Desktop,46,5,False,2,5,11,2
3567,2023-11-22,33,Male,Ankara,Electronics,187.58,1,17.72,169.86,Debit Card,Mobile,5,6,False,6,4,11,2
3568,2023-11-22,38,Female,Eskisehir,Fashion,288.07,2,39.67,536.47,Bank Transfer,Mobile,12,12,True,5,4,11,2
3569,2023-11-22,18,Female,Antalya,Beauty,76.95,2,0.0,153.9,Digital Wallet,Mobile,5,13,False,3,3,11,2
3570,2023-11-22,21,Female,Antalya,Home & Garden,2429.22,1,273.54,2155.68,Credit Card,Desktop,10,10,False,11,4,11,2
3571,2023-11-22,26,Female,Ankara,Books,112.91,2,31.84,193.98,Credit Card,Desktop,22,13,True,5,5,11,2
3572,2023-11-22,36,Female,Eskisehir,Books,81.14,1,12.87,68.27,Debit Card,Mobile,11,12,False,10,4,11,2
3573,2023-11-22,34,Female,Konya,Sports,705.55,1,0.0,705.55,Bank Transfer,Desktop,8,7,False,3,4,11,2
3574,2023-11-22,28,Male,Ankara,Electronics,1233.31,3,0.0,3699.93,Bank Transfer,Desktop,3,7,True,4,5,11,2
3575,2023-11-22,18,Male,Izmir,Sports,147.34,1,0.0,147.34,Bank Transfer,Mobile,12,12,False,4,5,11,2
3576,2023-11-23,18,Female,Ankara,Sports,499.93,1,41.92,458.01,Debit Card,Desktop,19,7,True,4,3,11,3
3577,2023-11-23,20,Female,Ankara,Electronics,2936.17,1,0.0,2936.17,Credit Card,Mobile,16,14,True,5,5,11,3
3578,2023-11-23,29,Female,Bursa,Electronics,370.14,3,0.0,1110.42,Credit Card,Mobile,19,7,True,6,3,11,3
3579,2023-11-23,42,Male,Ankara,Fashion,761.69,1,102.56,659.13,Credit Card,Mobile,10,6,False,7,4,11,3
3580,2023-11-23,43,Male,Ankara,Books,17.74,2,0.0,35.48,Bank Transfer,Mobile,12,9,False,7,4,11,3
3581,2023-11-23,45,Male,Bursa,Fashion,133.6,5,0.0,668.0,Cash on Delivery,Mobile,33,7,True,17,4,11,3
3582,2023-11-23,34,Female,Ankara,Toys,68.53,2,0.0,137.06,Digital Wallet,Desktop,14,12,False,6,2,11,3
3583,2023-11-23,23,Female,Adana,Home & Garden,114.26,1,0.0,114.26,Credit Card,Mobile,23,6,True,3,3,11,3
3584,2023-11-23,30,Female,Istanbul,Sports,624.87,4,0.0,2499.48,Debit Card,Mobile,12,13,True,10,4,11,3
3585,2023-11-23,31,Male,Gaziantep,Books,82.32,1,18.07,64.25,Debit Card,Mobile,6,7,True,8,5,11,3
3586,2023-11-23,31,Female,Istanbul,Books,26.8,1,6.69,20.11,Credit Card,Mobile,5,11,False,2,4,11,3
3587,2023-11-23,42,Male,Antalya,Beauty,83.31,1,0.0,83.31,Digital Wallet,Mobile,21,14,True,2,5,11,3
3588,2023-11-23,21,Male,Bursa,Electronics,382.47,4,0.0,1529.88,Debit Card,Desktop,10,12,True,15,4,11,3
3589,2023-11-24,35,Female,Istanbul,Beauty,68.61,1,19.42,49.19,Digital Wallet,Desktop,2,9,True,3,5,11,4
3590,2023-11-24,38,Male,Adana,Home & Garden,384.08,1,0.0,384.08,Digital Wallet,Desktop,8,8,True,7,4,11,4
3591,2023-11-24,41,Male,Konya,Toys,71.49,1,0.0,71.49,Cash on Delivery,Desktop,16,8,False,7,4,11,4
3592,2023-11-24,40,Male,Ankara,Food,54.83,4,0.0,219.32,Debit Card,Mobile,8,9,True,8,4,11,4
3593,2023-11-24,53,Male,Ankara,Food,56.1,2,0.0,112.2,Digital Wallet,Desktop,15,13,True,4,4,11,4
3594,2023-11-24,54,Female,Antalya,Books,77.03,1,0.0,77.03,Credit Card,Mobile,12,13,True,9,5,11,4
3595,2023-11-24,33,Female,Bursa,Fashion,157.18,1,0.0,157.18,Digital Wallet,Mobile,7,2,False,2,4,11,4
3596,2023-11-24,18,Female,Eskisehir,Food,94.58,1,5.12,89.46,Bank Transfer,Mobile,13,9,True,6,5,11,4
3597,2023-11-24,40,Female,Adana,Sports,780.35,5,0.0,3901.75,Credit Card,Desktop,27,9,False,4,4,11,4
3598,2023-11-24,64,Female,Konya,Beauty,180.82,4,0.0,723.28,Cash on Delivery,Mobile,7,8,False,3,5,11,4
3599,2023-11-24,41,Female,Izmir,Beauty,173.78,1,48.04,125.74,Debit Card,Desktop,11,10,True,1,5,11,4
3600,2023-11-24,24,Male,Istanbul,Food,27.96,1,0.0,27.96,Credit Card,Mobile,5,10,True,19,4,11,4
3601,2023-11-24,30,Male,Eskisehir,Beauty,79.98,3,0.0,239.94,Digital Wallet,Desktop,6,8,True,8,4,11,4
3602,2023-11-24,34,Male,Bursa,Beauty,153.43,2,44.01,262.85,Bank Transfer,Mobile,12,14,False,6,5,11,4
3603,2023-11-24,48,Female,Kayseri,Fashion,99.34,5,0.0,496.7,Debit Card,Desktop,9,5,True,2,4,11,4
3604,2023-11-25,45,Male,Eskisehir,Home & Garden,947.58,1,0.0,947.58,Debit Card,Desktop,11,10,True,12,2,11,5
3605,2023-11-25,45,Male,Antalya,Electronics,1230.21,2,288.2,2172.22,Credit Card,Desktop,15,10,False,14,4,11,5
3606,2023-11-25,53,Male,Istanbul,Books,126.71,1,24.78,101.93,Credit Card,Mobile,17,9,False,4,3,11,5
3607,2023-11-25,34,Male,Ankara,Sports,96.64,1,0.0,96.64,Digital Wallet,Desktop,13,3,False,11,5,11,5
3608,2023-11-25,29,Female,Antalya,Books,15.52,3,0.0,46.56,Digital Wallet,Mobile,15,10,True,9,4,11,5
3609,2023-11-25,33,Male,Istanbul,Food,117.98,5,5.99,583.91,Credit Card,Mobile,12,11,False,3,5,11,5
3610,2023-11-25,28,Female,Gaziantep,Home & Garden,525.16,2,0.0,1050.32,Credit Card,Mobile,3,11,False,3,5,11,5
3611,2023-11-25,47,Female,Istanbul,Electronics,4864.0,1,0.0,4864.0,Credit Card,Mobile,17,6,True,2,5,11,5
3612,2023-11-25,35,Female,Bursa,Sports,217.39,1,0.0,217.39,Debit Card,Desktop,10,9,True,6,5,11,5
3613,2023-11-25,19,Male,Antalya,Electronics,2070.84,1,369.13,1701.71,Debit Card,Tablet,17,9,False,4,5,11,5
3614,2023-11-25,18,Female,Ankara,Toys,256.32,1,0.0,256.32,Debit Card,Mobile,5,15,False,11,5,11,5
3615,2023-11-25,24,Male,Gaziantep,Books,16.4,5,1.31,80.69,Credit Card,Desktop,16,9,True,7,5,11,5
3616,2023-11-25,29,Male,Istanbul,Toys,675.6,1,0.0,675.6,Credit Card,Desktop,4,10,False,2,5,11,5
3617,2023-11-26,34,Male,Bursa,Beauty,122.81,5,0.0,614.05,Bank Transfer,Desktop,7,7,True,6,4,11,6
3618,2023-11-26,41,Female,Gaziantep,Fashion,320.73,4,0.0,1282.92,Cash on Delivery,Mobile,26,14,True,12,2,11,6
3619,2023-11-26,37,Female,Bursa,Food,203.57,5,26.14,991.71,Debit Card,Mobile,13,5,False,6,3,11,6
3620,2023-11-26,42,Male,Istanbul,Sports,1787.15,2,0.0,3574.3,Debit Card,Mobile,8,6,True,7,3,11,6
3621,2023-11-26,40,Female,Adana,Fashion,227.5,4,0.0,910.0,Debit Card,Mobile,13,11,True,12,5,11,6
3622,2023-11-26,51,Female,Ankara,Books,35.81,1,0.0,35.81,Digital Wallet,Desktop,14,11,True,2,4,11,6
3623,2023-11-26,39,Male,Kayseri,Home & Garden,651.78,5,0.0,3258.9,Debit Card,Desktop,17,8,False,9,4,11,6
3624,2023-11-26,38,Male,Bursa,Toys,120.24,1,11.58,108.66,Debit Card,Desktop,17,13,True,11,4,11,6
3625,2023-11-26,43,Male,Bursa,Fashion,158.29,5,40.35,751.1,Credit Card,Mobile,2,7,True,7,3,11,6
3626,2023-11-26,38,Female,Antalya,Electronics,1232.62,2,235.17,2230.07,Credit Card,Tablet,24,12,True,4,5,11,6
3627,2023-11-27,45,Male,Konya,Food,88.82,3,0.0,266.46,Credit Card,Desktop,27,10,False,8,2,11,0
3628,2023-11-27,18,Male,Kayseri,Sports,473.33,5,106.77,2259.88,Credit Card,Tablet,17,7,False,2,5,11,0
3629,2023-11-27,30,Female,Kayseri,Food,35.98,5,4.14,175.76,Bank Transfer,Mobile,2,13,True,5,4,11,0
3630,2023-11-27,32,Male,Adana,Toys,237.1,4,70.91,877.49,Debit Card,Desktop,3,6,True,6,4,11,0
3631,2023-11-27,36,Female,Gaziantep,Sports,739.71,5,0.0,3698.55,Credit Card,Tablet,7,8,False,5,4,11,0
3632,2023-11-27,33,Male,Antalya,Home & Garden,311.36,1,46.57,264.79,Credit Card,Mobile,10,11,True,2,3,11,0
3633,2023-11-27,48,Male,Ankara,Sports,606.39,2,0.0,1212.78,Debit Card,Mobile,11,4,True,12,2,11,0
3634,2023-11-27,26,Female,Ankara,Toys,179.43,1,51.6,127.83,Debit Card,Mobile,20,10,False,8,4,11,0
3635,2023-11-27,44,Female,Eskisehir,Books,23.06,1,0.0,23.06,Credit Card,Mobile,27,8,True,7,2,11,0
3636,2023-11-27,33,Female,Adana,Sports,128.59,1,8.55,120.04,Debit Card,Tablet,18,14,True,8,4,11,0
3637,2023-11-27,48,Male,Antalya,Toys,129.39,1,0.0,129.39,Digital Wallet,Mobile,17,11,True,2,4,11,0
3638,2023-11-27,24,Female,Istanbul,Beauty,43.99,4,0.0,175.96,Bank Transfer,Tablet,11,8,False,3,4,11,0
3639,2023-11-27,19,Female,Izmir,Home & Garden,537.06,1,0.0,537.06,Credit Card,Mobile,2,10,True,13,1,11,0
3640,2023-11-27,30,Male,Ankara,Electronics,308.59,1,67.58,241.01,Credit Card,Mobile,6,8,True,7,4,11,0
3641,2023-11-27,29,Male,Istanbul,Sports,278.9,1,0.0,278.9,Credit Card,Desktop,6,8,True,9,2,11,0
3642,2023-11-27,40,Male,Istanbul,Sports,367.11,4,0.0,1468.44,Debit Card,Desktop,10,7,False,11,3,11,0
3643,2023-11-27,45,Male,Istanbul,Home & Garden,547.1,1,136.75,410.35,Debit Card,Tablet,3,8,False,4,3,11,0
3644,2023-11-28,28,Male,Kayseri,Toys,105.54,1,0.0,105.54,Credit Card,Desktop,5,11,True,4,5,11,1
3645,2023-11-28,30,Female,Istanbul,Sports,612.05,1,0.0,612.05,Debit Card,Mobile,9,7,True,3,4,11,1
3646,2023-11-28,32,Male,Istanbul,Toys,168.0,2,35.48,300.52,Debit Card,Mobile,21,7,False,7,3,11,1
3647,2023-11-28,30,Male,Ankara,Electronics,943.15,2,241.82,1644.48,Debit Card,Desktop,27,16,True,11,2,11,1
3648,2023-11-28,37,Female,Istanbul,Toys,120.44,1,0.0,120.44,Credit Card,Mobile,6,9,True,11,4,11,1
3649,2023-11-28,29,Female,Adana,Books,136.61,2,13.36,259.86,Debit Card,Mobile,5,10,True,10,3,11,1
3650,2023-11-28,25,Male,Bursa,Toys,215.07,3,0.0,645.21,Debit Card,Mobile,4,6,False,4,5,11,1
3651,2023-11-28,35,Male,Istanbul,Beauty,50.63,5,9.89,243.26,Credit Card,Mobile,11,9,True,12,5,11,1
3652,2023-11-28,34,Male,Istanbul,Food,70.89,2,0.0,141.78,Digital Wallet,Mobile,16,5,True,2,1,11,1
3653,2023-11-28,18,Male,Adana,Beauty,83.73,1,14.02,69.71,Credit Card,Mobile,23,11,False,12,4,11,1
3654,2023-11-28,29,Male,Kayseri,Home & Garden,262.87,1,42.7,220.17,Credit Card,Mobile,17,8,True,7,4,11,1
3655,2023-11-28,42,Female,Konya,Home & Garden,389.72,4,84.94,1473.94,Credit Card,Mobile,26,9,False,6,4,11,1
3656,2023-11-29,34,Female,Adana,Home & Garden,871.66,1,0.0,871.66,Digital Wallet,Mobile,12,16,False,3,5,11,2
3657,2023-11-29,25,Female,Ankara,Electronics,2155.88,1,0.0,2155.88,Credit Card,Mobile,32,9,False,10,4,11,2
3658,2023-11-29,29,Female,Ankara,Sports,318.48,3,0.0,955.44,Digital Wallet,Desktop,20,9,True,8,3,11,2
3659,2023-11-29,49,Female,Istanbul,Home & Garden,398.94,1,0.0,398.94,Digital Wallet,Mobile,10,4,True,5,4,11,2
3660,2023-11-29,37,Female,Bursa,Beauty,51.55,5,0.0,257.75,Bank Transfer,Desktop,10,11,True,2,4,11,2
3661,2023-11-29,47,Male,Konya,Fashion,309.32,3,0.0,927.96,Digital Wallet,Mobile,53,7,True,10,3,11,2
3662,2023-11-29,30,Female,Izmir,Sports,742.16,1,77.36,664.8,Credit Card,Mobile,25,4,True,2,4,11,2
3663,2023-11-29,47,Female,Adana,Toys,55.02,1,0.0,55.02,Digital Wallet,Mobile,19,8,True,4,5,11,2
3664,2023-11-29,39,Male,Adana,Toys,141.81,1,0.0,141.81,Digital Wallet,Desktop,11,14,False,2,5,11,2
3665,2023-11-29,31,Male,Istanbul,Beauty,153.81,1,0.0,153.81,Debit Card,Tablet,20,9,False,11,1,11,2
3666,2023-11-29,39,Male,Ankara,Electronics,604.91,1,0.0,604.91,Debit Card,Desktop,11,14,True,5,5,11,2
3667,2023-11-29,65,Male,Istanbul,Fashion,91.65,2,0.0,183.3,Credit Card,Mobile,31,9,True,5,5,11,2
3668,2023-11-29,47,Male,Istanbul,Toys,259.25,1,0.0,259.25,Debit Card,Desktop,19,7,False,9,3,11,2
3669,2023-11-30,33,Female,Istanbul,Food,123.96,1,0.0,123.96,Debit Card,Tablet,16,7,True,14,4,11,3
3670,2023-11-30,33,Female,Gaziantep,Home & Garden,377.33,1,41.88,335.45,Credit Card,Mobile,46,10,False,3,5,11,3
3671,2023-11-30,28,Male,Istanbul,Food,25.18,1,4.16,21.02,Debit Card,Desktop,10,5,False,6,5,11,3
3672,2023-11-30,26,Female,Istanbul,Books,23.73,1,0.0,23.73,Credit Card,Mobile,22,13,False,7,5,11,3
3673,2023-11-30,22,Male,Bursa,Food,75.63,2,0.0,151.26,Credit Card,Mobile,7,9,True,9,5,11,3
3674,2023-11-30,51,Female,Antalya,Electronics,803.02,1,0.0,803.02,Debit Card,Mobile,6,6,False,17,4,11,3
3675,2023-11-30,55,Male,Bursa,Books,32.62,1,0.0,32.62,Digital Wallet,Desktop,5,12,False,7,4,11,3
3676,2023-11-30,42,Female,Ankara,Fashion,263.45,5,0.0,1317.25,Debit Card,Mobile,14,9,True,9,4,11,3
3677,2023-11-30,47,Male,Ankara,Fashion,269.58,5,0.0,1347.9,Credit Card,Desktop,19,7,False,6,5,11,3
3678,2023-11-30,41,Male,Antalya,Beauty,62.76,4,3.71,247.33,Credit Card,Desktop,14,5,True,5,2,11,3
3679,2023-11-30,42,Female,Antalya,Home & Garden,744.88,3,161.06,2073.58,Debit Card,Desktop,14,7,False,9,3,11,3
3680,2023-12-01,30,Female,Adana,Sports,138.62,2,0.0,277.24,Digital Wallet,Mobile,11,10,True,5,3,12,4
3681,2023-12-01,23,Male,Izmir,Fashion,115.07,1,9.89,105.18,Digital Wallet,Desktop,21,13,False,4,5,12,4
3682,2023-12-01,44,Female,Konya,Electronics,3097.49,4,0.0,12389.96,Credit Card,Mobile,6,7,True,7,5,12,4
3683,2023-12-01,50,Female,Ankara,Food,178.29,1,53.22,125.07,Digital Wallet,Mobile,25,9,False,4,4,12,4
3684,2023-12-01,54,Female,Eskisehir,Beauty,235.12,1,0.0,235.12,Credit Card,Mobile,34,13,True,6,5,12,4
3685,2023-12-01,30,Male,Istanbul,Fashion,33.49,5,0.0,167.45,Credit Card,Mobile,12,10,True,18,5,12,4
3686,2023-12-01,32,Female,Istanbul,Beauty,80.28,1,0.0,80.28,Digital Wallet,Mobile,26,9,True,10,5,12,4
3687,2023-12-01,44,Male,Ankara,Home & Garden,154.79,5,0.0,773.95,Debit Card,Mobile,18,10,True,2,5,12,4
3688,2023-12-01,20,Male,Eskisehir,Fashion,229.26,2,0.0,458.52,Credit Card,Desktop,8,6,True,7,1,12,4
3689,2023-12-02,30,Female,Eskisehir,Sports,842.39,1,0.0,842.39,Credit Card,Tablet,9,5,False,8,5,12,5
3690,2023-12-02,54,Female,Istanbul,Sports,558.86,1,0.0,558.86,Credit Card,Mobile,9,6,False,9,1,12,5
3691,2023-12-02,42,Female,Gaziantep,Electronics,682.81,1,0.0,682.81,Digital Wallet,Mobile,15,12,True,4,5,12,5
3692,2023-12-02,36,Male,Konya,Sports,406.59,1,0.0,406.59,Debit Card,Mobile,28,12,True,7,5,12,5
3693,2023-12-02,33,Male,Istanbul,Food,38.58,3,0.0,115.74,Debit Card,Mobile,13,15,False,5,3,12,5
3694,2023-12-02,41,Male,Adana,Electronics,285.86,1,0.0,285.86,Digital Wallet,Tablet,51,9,False,4,4,12,5
3695,2023-12-02,27,Female,Istanbul,Electronics,1302.23,1,0.0,1302.23,Credit Card,Mobile,12,8,True,14,3,12,5
3696,2023-12-02,40,Female,Kayseri,Fashion,201.12,1,0.0,201.12,Credit Card,Tablet,18,12,True,4,4,12,5
3697,2023-12-02,19,Female,Bursa,Books,65.7,3,0.0,197.1,Credit Card,Desktop,13,4,True,4,4,12,5
3698,2023-12-02,27,Male,Istanbul,Toys,118.48,1,0.0,118.48,Bank Transfer,Desktop,39,9,True,6,3,12,5
3699,2023-12-02,38,Male,Eskisehir,Sports,396.06,3,0.0,1188.18,Credit Card,Mobile,9,9,False,13,4,12,5
3700,2023-12-02,39,Male,Istanbul,Sports,193.6,4,0.0,774.4,Digital Wallet,Tablet,24,5,True,14,4,12,5
3701,2023-12-02,64,Female,Istanbul,Beauty,30.81,2,0.0,61.62,Credit Card,Mobile,7,13,False,5,3,12,5
3702,2023-12-02,27,Female,Istanbul,Books,23.6,2,0.0,47.2,Credit Card,Mobile,5,14,True,6,3,12,5
3703,2023-12-02,24,Other,Gaziantep,Sports,347.06,1,42.91,304.15,Debit Card,Mobile,13,8,True,3,5,12,5
3704,2023-12-02,31,Female,Izmir,Toys,69.54,1,6.55,62.99,Credit Card,Mobile,23,6,True,11,5,12,5
3705,2023-12-03,44,Male,Izmir,Sports,598.91,2,0.0,1197.82,Credit Card,Desktop,10,7,False,11,5,12,6
3706,2023-12-03,22,Male,Eskisehir,Fashion,371.28,3,74.03,1039.81,Digital Wallet,Mobile,13,4,True,4,4,12,6
3707,2023-12-03,25,Male,Antalya,Beauty,144.09,1,0.0,144.09,Credit Card,Mobile,3,11,True,7,5,12,6
3708,2023-12-03,47,Female,Izmir,Food,61.23,1,7.57,53.66,Digital Wallet,Desktop,17,11,False,10,4,12,6
3709,2023-12-03,25,Female,Ankara,Toys,139.13,2,0.0,278.26,Cash on Delivery,Mobile,13,6,False,5,5,12,6
3710,2023-12-03,26,Male,Izmir,Fashion,124.43,1,0.0,124.43,Debit Card,Desktop,9,10,True,7,5,12,6
3711,2023-12-03,19,Male,Ankara,Electronics,1094.44,1,105.93,988.51,Credit Card,Desktop,11,12,True,8,4,12,6
3712,2023-12-03,50,Female,Bursa,Toys,79.93,1,0.0,79.93,Cash on Delivery,Desktop,11,9,False,5,3,12,6
3713,2023-12-03,42,Female,Istanbul,Toys,138.25,1,0.0,138.25,Credit Card,Desktop,23,8,False,8,4,12,6
3714,2023-12-03,31,Female,Istanbul,Sports,538.51,5,0.0,2692.55,Digital Wallet,Mobile,7,13,False,6,4,12,6
3715,2023-12-03,46,Female,Bursa,Electronics,2495.3,1,592.02,1903.28,Debit Card,Mobile,15,8,False,6,4,12,6
3716,2023-12-03,32,Male,Istanbul,Sports,650.52,2,0.0,1301.04,Debit Card,Desktop,30,8,True,4,3,12,6
3717,2023-12-04,22,Female,Istanbul,Electronics,2079.67,1,190.41,1889.26,Debit Card,Desktop,9,13,True,4,2,12,0
3718,2023-12-04,39,Male,Antalya,Books,37.12,1,0.0,37.12,Cash on Delivery,Mobile,12,4,True,3,4,12,0
3719,2023-12-04,27,Male,Istanbul,Beauty,260.89,2,0.0,521.78,Debit Card,Mobile,13,3,True,7,3,12,0
3720,2023-12-04,35,Female,Bursa,Electronics,4047.49,4,735.59,15454.37,Credit Card,Tablet,20,7,True,11,2,12,0
3721,2023-12-04,61,Male,Kayseri,Electronics,5264.92,1,1525.55,3739.37,Credit Card,Desktop,8,6,False,6,3,12,0
3722,2023-12-04,26,Male,Istanbul,Electronics,1472.89,5,0.0,7364.45,Debit Card,Mobile,9,10,False,6,5,12,0
3723,2023-12-04,23,Female,Izmir,Electronics,2518.43,5,0.0,12592.15,Credit Card,Mobile,18,16,True,19,4,12,0
3724,2023-12-04,47,Female,Gaziantep,Home & Garden,1108.71,3,0.0,3326.13,Digital Wallet,Mobile,29,13,False,2,5,12,0
3725,2023-12-04,35,Male,Antalya,Electronics,1298.46,1,0.0,1298.46,Debit Card,Mobile,14,6,False,3,5,12,0
3726,2023-12-04,35,Female,Istanbul,Beauty,29.45,2,0.0,58.9,Credit Card,Mobile,13,11,True,12,5,12,0
3727,2023-12-04,18,Male,Bursa,Beauty,124.37,4,0.0,497.48,Digital Wallet,Desktop,14,12,True,5,5,12,0
3728,2023-12-04,37,Female,Ankara,Food,35.18,2,2.6,67.76,Bank Transfer,Tablet,25,11,True,4,2,12,0
3729,2023-12-05,34,Male,Izmir,Sports,176.95,1,12.83,164.12,Credit Card,Tablet,32,10,False,6,1,12,1
3730,2023-12-05,36,Male,Izmir,Beauty,232.93,2,0.0,465.86,Credit Card,Mobile,11,6,True,4,4,12,1
3731,2023-12-05,30,Male,Eskisehir,Books,66.39,4,0.0,265.56,Debit Card,Mobile,23,9,False,6,2,12,1
3732,2023-12-05,18,Male,Kayseri,Food,83.18,5,0.0,415.9,Credit Card,Mobile,12,6,True,5,5,12,1
3733,2023-12-05,20,Male,Izmir,Sports,356.6,2,0.0,713.2,Credit Card,Mobile,21,7,True,14,5,12,1
3734,2023-12-05,65,Male,Istanbul,Fashion,360.41,1,0.0,360.41,Digital Wallet,Desktop,16,11,True,3,4,12,1
3735,2023-12-05,36,Male,Konya,Food,74.34,4,0.0,297.36,Digital Wallet,Mobile,16,13,True,2,2,12,1
3736,2023-12-05,47,Male,Bursa,Fashion,480.51,5,119.45,2283.1,Digital Wallet,Mobile,11,7,True,3,4,12,1
3737,2023-12-05,40,Female,Kayseri,Electronics,1709.96,4,0.0,6839.84,Credit Card,Mobile,8,8,True,2,5,12,1
3738,2023-12-05,21,Male,Kayseri,Toys,216.16,2,63.27,369.05,Credit Card,Desktop,10,8,True,4,5,12,1
3739,2023-12-05,53,Female,Ankara,Electronics,831.91,4,212.72,3114.92,Credit Card,Tablet,18,12,True,7,4,12,1
3740,2023-12-05,26,Female,Ankara,Home & Garden,463.13,3,0.0,1389.39,Digital Wallet,Mobile,13,15,True,8,3,12,1
3741,2023-12-05,36,Male,Ankara,Home & Garden,569.83,2,82.11,1057.55,Bank Transfer,Mobile,1,10,True,3,5,12,1
3742,2023-12-06,47,Female,Ankara,Food,77.88,1,0.0,77.88,Debit Card,Desktop,26,4,False,7,2,12,2
3743,2023-12-06,28,Female,Ankara,Fashion,260.92,4,0.0,1043.68,Debit Card,Mobile,33,9,False,21,5,12,2
3744,2023-12-06,34,Female,Ankara,Food,165.41,2,29.76,301.06,Credit Card,Mobile,15,10,True,5,4,12,2
3745,2023-12-06,45,Female,Istanbul,Sports,77.45,3,20.81,211.54,Digital Wallet,Mobile,17,11,True,3,5,12,2
3746,2023-12-06,27,Male,Izmir,Toys,414.52,2,37.65,791.39,Bank Transfer,Desktop,42,9,True,5,4,12,2
3747,2023-12-06,19,Male,Istanbul,Beauty,44.08,1,0.0,44.08,Bank Transfer,Mobile,16,7,False,5,2,12,2
3748,2023-12-06,25,Female,Istanbul,Fashion,153.66,3,22.41,438.57,Credit Card,Mobile,8,6,False,6,2,12,2
3749,2023-12-06,28,Male,Gaziantep,Sports,1318.23,2,0.0,2636.46,Debit Card,Mobile,7,13,True,6,2,12,2
3750,2023-12-06,32,Female,Istanbul,Food,174.31,1,16.34,157.97,Credit Card,Desktop,16,12,False,3,4,12,2
3751,2023-12-06,23,Female,Istanbul,Books,86.96,1,0.0,86.96,Credit Card,Mobile,11,7,True,8,4,12,2
3752,2023-12-06,29,Male,Bursa,Home & Garden,636.85,1,136.75,500.1,Credit Card,Desktop,25,10,False,12,3,12,2
3753,2023-12-06,39,Female,Kayseri,Electronics,1499.53,1,167.39,1332.14,Credit Card,Desktop,19,5,True,9,5,12,2
3754,2023-12-07,41,Male,Bursa,Books,75.18,2,0.0,150.36,Digital Wallet,Mobile,7,9,True,4,5,12,3
3755,2023-12-07,21,Female,Ankara,Fashion,221.09,5,0.0,1105.45,Debit Card,Desktop,25,12,False,4,5,12,3
3756,2023-12-07,34,Male,Istanbul,Food,107.92,1,0.0,107.92,Debit Card,Mobile,22,10,True,7,4,12,3
3757,2023-12-07,48,Female,Bursa,Food,97.62,3,0.0,292.86,Debit Card,Mobile,26,8,False,9,5,12,3
3758,2023-12-07,46,Female,Istanbul,Food,216.03,1,0.0,216.03,Credit Card,Tablet,13,8,False,6,3,12,3
3759,2023-12-07,29,Female,Ankara,Books,23.05,1,0.0,23.05,Digital Wallet,Mobile,14,7,True,6,5,12,3
3760,2023-12-07,42,Female,Bursa,Books,18.22,1,1.48,16.74,Credit Card,Mobile,32,14,True,6,4,12,3
3761,2023-12-07,40,Male,Kayseri,Home & Garden,872.57,1,0.0,872.57,Credit Card,Mobile,8,8,True,4,5,12,3
3762,2023-12-07,59,Female,Izmir,Fashion,298.16,2,51.73,544.59,Credit Card,Desktop,7,5,True,3,5,12,3
3763,2023-12-08,41,Male,Gaziantep,Fashion,287.6,2,77.65,497.55,Credit Card,Mobile,14,9,True,6,4,12,4
3764,2023-12-08,45,Female,Istanbul,Fashion,91.73,1,0.0,91.73,Cash on Delivery,Desktop,16,15,True,8,4,12,4
3765,2023-12-08,33,Male,Izmir,Books,43.48,4,0.0,173.92,Credit Card,Mobile,4,10,False,6,3,12,4
3766,2023-12-08,38,Female,Istanbul,Electronics,410.32,1,0.0,410.32,Credit Card,Mobile,15,9,True,5,4,12,4
3767,2023-12-08,36,Male,Istanbul,Electronics,1911.31,3,0.0,5733.93,Bank Transfer,Mobile,5,8,False,2,5,12,4
3768,2023-12-08,18,Male,Bursa,Food,132.67,2,0.0,265.34,Digital Wallet,Mobile,5,7,True,6,5,12,4
3769,2023-12-08,40,Female,Istanbul,Sports,697.04,1,113.17,583.87,Digital Wallet,Mobile,13,10,True,5,3,12,4
3770,2023-12-08,62,Female,Gaziantep,Toys,83.32,1,0.0,83.32,Bank Transfer,Mobile,27,5,True,5,4,12,4
3771,2023-12-08,42,Female,Izmir,Toys,198.94,5,0.0,994.7,Digital Wallet,Desktop,3,12,True,7,5,12,4
3772,2023-12-08,33,Male,Istanbul,Electronics,3389.06,1,938.19,2450.87,Credit Card,Mobile,10,11,True,3,5,12,4
3773,2023-12-09,45,Male,Izmir,Fashion,580.15,4,0.0,2320.6,Debit Card,Desktop,25,10,True,3,4,12,5
3774,2023-12-09,31,Male,Istanbul,Fashion,212.61,4,0.0,850.44,Bank Transfer,Mobile,11,9,False,4,4,12,5
3775,2023-12-09,62,Male,Konya,Home & Garden,653.25,1,0.0,653.25,Bank Transfer,Tablet,19,7,True,8,4,12,5
3776,2023-12-09,39,Male,Istanbul,Books,26.03,1,4.81,21.22,Digital Wallet,Desktop,12,9,False,6,5,12,5
3777,2023-12-09,35,Female,Istanbul,Toys,240.93,2,14.37,467.49,Digital Wallet,Tablet,23,9,False,6,4,12,5
3778,2023-12-09,42,Male,Ankara,Beauty,41.03,3,0.0,123.09,Debit Card,Mobile,32,10,True,6,4,12,5
3779,2023-12-09,42,Female,Istanbul,Fashion,242.1,3,0.0,726.3,Digital Wallet,Mobile,14,11,False,4,2,12,5
3780,2023-12-09,18,Male,Istanbul,Sports,550.55,1,0.0,550.55,Debit Card,Mobile,19,6,False,10,4,12,5
3781,2023-12-09,39,Male,Ankara,Food,25.57,5,0.0,127.85,Credit Card,Mobile,11,7,True,5,4,12,5
3782,2023-12-09,44,Female,Ankara,Food,55.19,1,3.94,51.25,Bank Transfer,Desktop,20,4,True,6,4,12,5
3783,2023-12-09,44,Male,Kayseri,Sports,345.82,2,0.0,691.64,Debit Card,Mobile,15,5,True,11,4,12,5
3784,2023-12-10,30,Male,Konya,Fashion,184.92,1,0.0,184.92,Credit Card,Mobile,17,10,False,3,4,12,6
3785,2023-12-10,31,Male,Adana,Fashion,306.73,3,0.0,920.19,Credit Card,Mobile,22,10,False,4,1,12,6
3786,2023-12-10,18,Other,Konya,Electronics,635.69,2,0.0,1271.38,Credit Card,Desktop,17,6,True,5,3,12,6
3787,2023-12-10,39,Male,Ankara,Books,15.43,2,0.97,29.89,Digital Wallet,Desktop,4,7,False,19,2,12,6
3788,2023-12-10,34,Female,Istanbul,Home & Garden,1289.76,1,0.0,1289.76,Credit Card,Mobile,8,8,False,8,3,12,6
3789,2023-12-10,45,Male,Istanbul,Home & Garden,1680.4,1,0.0,1680.4,Digital Wallet,Desktop,11,11,True,10,2,12,6
3790,2023-12-10,18,Female,Gaziantep,Beauty,147.04,4,11.25,576.91,Credit Card,Mobile,10,7,True,12,5,12,6
3791,2023-12-10,41,Female,Antalya,Sports,554.11,1,0.0,554.11,Debit Card,Mobile,14,11,True,11,5,12,6
3792,2023-12-10,41,Female,Istanbul,Sports,853.96,1,0.0,853.96,Credit Card,Mobile,21,9,False,5,4,12,6
3793,2023-12-10,65,Male,Kayseri,Beauty,58.27,1,0.0,58.27,Debit Card,Mobile,5,10,False,6,2,12,6
3794,2023-12-10,38,Female,Izmir,Sports,499.36,1,54.45,444.91,Digital Wallet,Mobile,13,13,True,9,4,12,6
3795,2023-12-10,22,Female,Bursa,Beauty,57.87,3,8.04,165.57,Cash on Delivery,Mobile,10,5,False,3,5,12,6
3796,2023-12-10,27,Male,Istanbul,Electronics,1301.8,5,139.67,6369.33,Digital Wallet,Desktop,21,11,True,4,2,12,6
3797,2023-12-11,32,Female,Istanbul,Electronics,1498.89,5,0.0,7494.45,Debit Card,Mobile,15,12,True,6,3,12,0
3798,2023-12-11,59,Female,Ankara,Sports,1202.59,1,123.62,1078.97,Digital Wallet,Mobile,21,9,False,4,3,12,0
3799,2023-12-11,22,Female,Gaziantep,Sports,926.22,1,160.87,765.35,Credit Card,Mobile,16,10,True,11,3,12,0
3800,2023-12-11,40,Male,Adana,Food,100.09,1,0.0,100.09,Cash on Delivery,Mobile,7,10,True,5,4,12,0
3801,2023-12-11,22,Female,Konya,Beauty,157.2,2,0.0,314.4,Credit Card,Mobile,6,8,True,8,4,12,0
3802,2023-12-11,35,Male,Kayseri,Home & Garden,195.27,1,0.0,195.27,Bank Transfer,Mobile,13,15,True,7,5,12,0
3803,2023-12-11,36,Male,Antalya,Beauty,69.42,1,15.17,54.25,Credit Card,Mobile,29,8,True,5,2,12,0
3804,2023-12-11,37,Female,Ankara,Sports,1162.52,4,0.0,4650.08,Debit Card,Tablet,4,6,True,6,5,12,0
3805,2023-12-11,26,Male,Istanbul,Sports,1439.08,4,0.0,5756.32,Credit Card,Mobile,9,15,True,5,3,12,0
3806,2023-12-11,30,Male,Kayseri,Electronics,3145.83,5,0.0,15729.15,Digital Wallet,Desktop,23,3,False,4,2,12,0
3807,2023-12-11,58,Female,Ankara,Toys,123.15,5,0.0,615.75,Debit Card,Desktop,10,12,True,3,5,12,0
3808,2023-12-11,18,Female,Istanbul,Fashion,304.11,4,0.0,1216.44,Credit Card,Mobile,16,5,False,2,4,12,0
3809,2023-12-11,40,Male,Konya,Books,30.04,2,0.0,60.08,Bank Transfer,Mobile,9,8,False,6,3,12,0
3810,2023-12-11,30,Male,Izmir,Food,23.25,1,0.0,23.25,Bank Transfer,Desktop,4,6,False,12,3,12,0
3811,2023-12-11,46,Male,Kayseri,Books,39.94,1,4.56,35.38,Digital Wallet,Mobile,12,15,True,3,4,12,0
3812,2023-12-11,19,Female,Konya,Home & Garden,1267.09,2,0.0,2534.18,Debit Card,Desktop,19,14,True,6,2,12,0
3813,2023-12-12,39,Male,Gaziantep,Home & Garden,601.19,3,32.42,1771.15,Digital Wallet,Desktop,12,8,True,6,4,12,1
3814,2023-12-12,31,Female,Konya,Sports,422.21,5,120.0,1991.05,Debit Card,Mobile,17,9,True,5,3,12,1
3815,2023-12-12,26,Female,Konya,Sports,914.56,3,163.7,2579.98,Credit Card,Mobile,8,11,True,4,2,12,1
3816,2023-12-12,26,Female,Bursa,Sports,354.73,1,0.0,354.73,Digital Wallet,Tablet,14,7,True,7,3,12,1
3817,2023-12-12,28,Female,Bursa,Books,76.42,2,0.0,152.84,Debit Card,Mobile,4,13,False,4,5,12,1
3818,2023-12-12,41,Female,Ankara,Home & Garden,660.42,1,102.5,557.92,Digital Wallet,Desktop,10,10,True,5,5,12,1
3819,2023-12-12,59,Male,Ankara,Beauty,67.64,1,0.0,67.64,Digital Wallet,Tablet,8,16,False,5,5,12,1
3820,2023-12-12,37,Male,Konya,Home & Garden,376.97,2,0.0,753.94,Debit Card,Desktop,3,5,True,4,1,12,1
3821,2023-12-12,32,Male,Antalya,Home & Garden,1059.3,1,0.0,1059.3,Credit Card,Mobile,12,10,True,2,4,12,1
3822,2023-12-12,41,Female,Konya,Toys,123.21,1,28.22,94.99,Debit Card,Mobile,6,10,False,5,5,12,1
3823,2023-12-12,38,Female,Bursa,Books,21.14,1,0.0,21.14,Debit Card,Mobile,19,13,False,7,2,12,1
3824,2023-12-13,46,Female,Kayseri,Books,60.01,1,0.0,60.01,Digital Wallet,Tablet,4,5,False,2,4,12,2
3825,2023-12-13,36,Female,Istanbul,Toys,189.04,3,0.0,567.12,Credit Card,Desktop,24,5,True,10,4,12,2
3826,2023-12-13,25,Male,Eskisehir,Toys,37.93,4,0.0,151.72,Digital Wallet,Mobile,13,9,True,4,4,12,2
3827,2023-12-13,44,Male,Izmir,Electronics,1443.1,1,0.0,1443.1,Cash on Delivery,Desktop,22,6,True,8,5,12,2
3828,2023-12-13,18,Male,Istanbul,Books,44.73,1,0.0,44.73,Bank Transfer,Tablet,16,10,True,4,4,12,2
3829,2023-12-13,28,Male,Adana,Fashion,91.46,2,0.0,182.92,Bank Transfer,Mobile,24,10,False,6,5,12,2
3830,2023-12-13,34,Female,Konya,Books,50.46,1,6.71,43.75,Debit Card,Tablet,25,10,True,4,5,12,2
3831,2023-12-13,63,Male,Istanbul,Sports,828.9,1,0.0,828.9,Credit Card,Mobile,25,10,False,11,4,12,2
3832,2023-12-13,21,Male,Bursa,Toys,59.52,2,0.0,119.04,Credit Card,Tablet,11,8,False,13,5,12,2
3833,2023-12-13,18,Male,Konya,Food,74.06,2,0.0,148.12,Credit Card,Mobile,12,10,True,1,5,12,2
3834,2023-12-13,29,Female,Izmir,Food,171.66,1,0.0,171.66,Credit Card,Desktop,15,9,True,3,5,12,2
3835,2023-12-13,40,Female,Izmir,Electronics,1993.27,5,579.13,9387.22,Digital Wallet,Desktop,15,10,True,2,3,12,2
3836,2023-12-13,29,Male,Kayseri,Electronics,770.72,1,0.0,770.72,Credit Card,Mobile,11,8,True,11,4,12,2
3837,2023-12-13,43,Male,Istanbul,Beauty,95.35,3,0.0,286.05,Credit Card,Tablet,11,9,False,10,1,12,2
3838,2023-12-14,54,Male,Antalya,Sports,190.99,2,0.0,381.98,Credit Card,Mobile,15,11,False,7,4,12,3
3839,2023-12-14,59,Male,Istanbul,Home & Garden,1179.81,3,0.0,3539.43,Credit Card,Mobile,3,9,True,5,5,12,3
3840,2023-12-14,57,Female,Istanbul,Beauty,186.54,1,0.0,186.54,Credit Card,Mobile,13,6,True,2,5,12,3
3841,2023-12-14,64,Female,Eskisehir,Fashion,182.17,2,0.0,364.34,Debit Card,Mobile,4,5,True,3,5,12,3
3842,2023-12-14,43,Female,Istanbul,Fashion,727.06,4,0.0,2908.24,Digital Wallet,Mobile,17,11,True,11,4,12,3
3843,2023-12-14,20,Male,Izmir,Food,80.71,4,0.0,322.84,Credit Card,Desktop,17,8,False,12,3,12,3
3844,2023-12-14,43,Male,Bursa,Fashion,191.21,3,0.0,573.63,Digital Wallet,Tablet,11,10,True,5,5,12,3
3845,2023-12-14,32,Male,Istanbul,Fashion,186.7,4,0.0,746.8,Digital Wallet,Desktop,15,6,False,4,5,12,3
3846,2023-12-14,29,Female,Istanbul,Home & Garden,425.71,1,123.25,302.46,Credit Card,Desktop,19,8,False,11,5,12,3
3847,2023-12-14,45,Female,Konya,Home & Garden,635.52,3,112.2,1794.36,Digital Wallet,Tablet,19,7,False,6,3,12,3
3848,2023-12-14,43,Male,Istanbul,Home & Garden,561.6,5,0.0,2808.0,Digital Wallet,Mobile,20,10,True,5,4,12,3
3849,2023-12-14,21,Female,Konya,Home & Garden,282.58,1,0.0,282.58,Debit Card,Mobile,12,10,False,7,4,12,3
3850,2023-12-14,45,Female,Adana,Food,206.34,1,31.55,174.79,Digital Wallet,Mobile,28,7,False,18,5,12,3
3851,2023-12-14,24,Female,Izmir,Electronics,2783.61,1,0.0,2783.61,Debit Card,Mobile,3,10,True,6,5,12,3
3852,2023-12-15,18,Female,Antalya,Beauty,87.73,4,6.15,344.77,Credit Card,Mobile,16,8,True,6,4,12,4
3853,2023-12-15,27,Female,Istanbul,Books,127.46,2,19.26,235.66,Debit Card,Mobile,9,6,False,10,4,12,4
3854,2023-12-15,28,Male,Istanbul,Home & Garden,1168.22,1,72.48,1095.74,Credit Card,Mobile,10,5,True,7,5,12,4
3855,2023-12-15,56,Female,Gaziantep,Sports,71.21,1,0.0,71.21,Bank Transfer,Mobile,23,15,False,5,2,12,4
3856,2023-12-15,45,Male,Istanbul,Home & Garden,323.02,4,0.0,1292.08,Debit Card,Desktop,4,9,False,6,4,12,4
3857,2023-12-15,18,Male,Konya,Beauty,174.77,2,22.45,327.09,Debit Card,Mobile,13,5,False,6,5,12,4
3858,2023-12-15,29,Male,Antalya,Electronics,899.73,1,0.0,899.73,Debit Card,Mobile,20,7,False,6,5,12,4
3859,2023-12-15,35,Male,Adana,Books,32.61,1,0.0,32.61,Digital Wallet,Desktop,16,13,True,3,3,12,4
3860,2023-12-15,25,Female,Gaziantep,Toys,58.14,1,0.0,58.14,Credit Card,Desktop,12,5,True,7,3,12,4
3861,2023-12-15,22,Other,Adana,Home & Garden,532.57,5,0.0,2662.85,Digital Wallet,Desktop,30,10,True,8,4,12,4
3862,2023-12-15,34,Female,Istanbul,Home & Garden,601.2,4,130.69,2274.11,Debit Card,Tablet,21,9,False,4,5,12,4
3863,2023-12-15,23,Female,Istanbul,Sports,339.6,3,0.0,1018.8,Digital Wallet,Mobile,5,11,False,8,5,12,4
3864,2023-12-15,37,Female,Bursa,Electronics,3224.47,2,0.0,6448.94,Credit Card,Mobile,7,8,True,5,5,12,4
3865,2023-12-15,30,Female,Kayseri,Fashion,192.51,3,22.24,555.29,Credit Card,Desktop,29,5,False,12,4,12,4
3866,2023-12-16,39,Female,Adana,Beauty,99.77,2,0.0,199.54,Credit Card,Mobile,16,9,True,7,5,12,5
3867,2023-12-16,27,Female,Izmir,Home & Garden,176.51,5,0.0,882.55,Digital Wallet,Mobile,9,4,True,9,5,12,5
3868,2023-12-16,43,Male,Istanbul,Electronics,3200.17,5,0.0,16000.85,Debit Card,Desktop,23,12,False,7,5,12,5
3869,2023-12-16,29,Male,Konya,Fashion,375.22,1,0.0,375.22,Debit Card,Mobile,9,12,False,4,5,12,5
3870,2023-12-16,18,Female,Izmir,Sports,572.97,4,0.0,2291.88,Credit Card,Mobile,64,6,True,7,3,12,5
3871,2023-12-16,26,Female,Antalya,Sports,608.32,5,0.0,3041.6,Credit Card,Mobile,7,10,True,5,4,12,5
3872,2023-12-16,24,Male,Kayseri,Home & Garden,1152.39,1,229.65,922.74,Digital Wallet,Mobile,5,5,True,7,5,12,5
3873,2023-12-16,54,Female,Bursa,Home & Garden,290.72,2,0.0,581.44,Digital Wallet,Mobile,13,8,True,9,3,12,5
3874,2023-12-16,23,Female,Bursa,Electronics,2856.11,1,0.0,2856.11,Digital Wallet,Desktop,17,13,True,6,2,12,5
3875,2023-12-16,43,Male,Konya,Books,45.9,1,0.0,45.9,Credit Card,Mobile,14,6,True,11,4,12,5
3876,2023-12-17,37,Female,Izmir,Toys,328.49,1,0.0,328.49,Credit Card,Mobile,7,6,False,6,4,12,6
3877,2023-12-17,28,Male,Istanbul,Sports,404.06,5,0.0,2020.3,Debit Card,Desktop,15,8,True,15,1,12,6
3878,2023-12-17,26,Male,Istanbul,Sports,323.22,1,0.0,323.22,Credit Card,Desktop,3,11,True,12,1,12,6
3879,2023-12-17,27,Female,Istanbul,Fashion,186.35,2,0.0,372.7,Debit Card,Mobile,23,7,False,8,2,12,6
3880,2023-12-17,27,Male,Adana,Food,18.37,3,0.0,55.11,Digital Wallet,Desktop,12,9,True,6,4,12,6
3881,2023-12-17,38,Male,Adana,Electronics,1239.15,1,0.0,1239.15,Credit Card,Mobile,20,6,False,5,5,12,6
3882,2023-12-17,46,Male,Antalya,Books,26.22,1,0.0,26.22,Bank Transfer,Desktop,6,8,True,8,4,12,6
3883,2023-12-17,18,Female,Istanbul,Books,39.94,1,0.0,39.94,Digital Wallet,Mobile,7,10,False,6,4,12,6
3884,2023-12-17,20,Male,Ankara,Sports,367.58,3,58.54,1044.2,Digital Wallet,Tablet,13,12,False,6,4,12,6
3885,2023-12-17,20,Male,Izmir,Beauty,42.82,2,3.56,82.08,Debit Card,Desktop,9,8,True,7,5,12,6
3886,2023-12-17,37,Female,Gaziantep,Electronics,1239.73,1,124.25,1115.48,Digital Wallet,Desktop,17,6,False,5,4,12,6
3887,2023-12-18,32,Female,Ankara,Home & Garden,275.41,3,0.0,826.23,Digital Wallet,Mobile,13,11,True,5,5,12,0
3888,2023-12-18,18,Female,Gaziantep,Books,36.45,1,6.17,30.28,Credit Card,Mobile,17,9,False,6,4,12,0
3889,2023-12-18,50,Female,Istanbul,Home & Garden,1212.76,2,0.0,2425.52,Credit Card,Mobile,38,6,True,2,5,12,0
3890,2023-12-18,37,Female,Istanbul,Fashion,353.34,5,0.0,1766.7,Credit Card,Mobile,24,11,False,4,2,12,0
3891,2023-12-18,24,Female,Bursa,Home & Garden,524.52,1,0.0,524.52,Credit Card,Desktop,6,11,True,6,4,12,0
3892,2023-12-18,32,Female,Istanbul,Fashion,76.15,4,0.0,304.6,Bank Transfer,Tablet,27,6,True,8,1,12,0
3893,2023-12-18,29,Male,Ankara,Books,109.41,2,0.0,218.82,Credit Card,Mobile,8,9,True,12,3,12,0
3894,2023-12-18,53,Female,Ankara,Food,44.2,1,4.53,39.67,Credit Card,Mobile,14,7,False,7,4,12,0
3895,2023-12-18,40,Male,Gaziantep,Food,36.11,1,0.0,36.11,Digital Wallet,Mobile,15,6,True,5,4,12,0
3896,2023-12-18,35,Male,Antalya,Books,42.18,1,0.0,42.18,Credit Card,Desktop,16,3,False,7,2,12,0
3897,2023-12-18,18,Male,Izmir,Home & Garden,1049.63,1,0.0,1049.63,Debit Card,Mobile,4,9,False,4,5,12,0
3898,2023-12-19,32,Female,Istanbul,Electronics,3964.15,1,820.08,3144.07,Debit Card,Desktop,19,15,False,4,2,12,1
3899,2023-12-19,46,Female,Istanbul,Sports,598.59,1,0.0,598.59,Digital Wallet,Mobile,14,9,False,2,2,12,1
3900,2023-12-19,34,Female,Bursa,Home & Garden,56.64,2,0.0,113.28,Bank Transfer,Desktop,32,8,True,7,4,12,1
3901,2023-12-19,49,Female,Gaziantep,Toys,168.32,2,20.66,315.98,Bank Transfer,Desktop,14,10,True,4,3,12,1
3902,2023-12-19,38,Male,Ankara,Toys,132.16,4,0.0,528.64,Bank Transfer,Tablet,9,11,False,16,4,12,1
3903,2023-12-19,26,Male,Istanbul,Sports,440.11,1,80.72,359.39,Digital Wallet,Desktop,17,3,True,8,4,12,1
3904,2023-12-19,45,Female,Konya,Toys,595.58,1,0.0,595.58,Debit Card,Desktop,6,4,True,2,5,12,1
3905,2023-12-19,18,Male,Ankara,Toys,86.36,5,0.0,431.8,Credit Card,Mobile,17,7,False,2,4,12,1
3906,2023-12-19,33,Male,Istanbul,Toys,164.22,1,0.0,164.22,Bank Transfer,Mobile,18,4,True,5,4,12,1
3907,2023-12-19,25,Female,Kayseri,Food,30.74,4,8.07,114.89,Debit Card,Desktop,10,9,True,6,3,12,1
3908,2023-12-20,22,Male,Bursa,Toys,601.94,1,0.0,601.94,Credit Card,Mobile,11,12,True,13,5,12,2
3909,2023-12-20,30,Male,Adana,Toys,319.06,3,0.0,957.18,Credit Card,Mobile,21,7,False,12,5,12,2
3910,2023-12-20,39,Female,Istanbul,Electronics,1470.49,4,0.0,5881.96,Credit Card,Desktop,9,6,True,4,4,12,2
3911,2023-12-20,18,Female,Ankara,Food,131.45,1,24.13,107.32,Debit Card,Desktop,4,5,False,3,5,12,2
3912,2023-12-20,26,Male,Gaziantep,Fashion,143.13,2,0.0,286.26,Digital Wallet,Mobile,29,6,True,8,5,12,2
3913,2023-12-20,18,Female,Istanbul,Sports,1125.88,1,160.21,965.67,Credit Card,Desktop,23,3,True,18,5,12,2
3914,2023-12-20,33,Male,Kayseri,Food,45.68,4,0.0,182.72,Credit Card,Mobile,13,8,True,5,5,12,2
3915,2023-12-20,24,Male,Istanbul,Toys,55.84,1,0.0,55.84,Credit Card,Desktop,11,10,False,3,4,12,2
3916,2023-12-20,45,Male,Istanbul,Books,39.28,1,0.0,39.28,Digital Wallet,Mobile,16,8,True,3,5,12,2
3917,2023-12-20,26,Female,Bursa,Electronics,3781.69,1,0.0,3781.69,Credit Card,Mobile,6,7,True,8,5,12,2
3918,2023-12-20,31,Male,Ankara,Food,29.93,2,0.0,59.86,Credit Card,Desktop,15,5,False,7,4,12,2
3919,2023-12-20,35,Male,Antalya,Toys,63.25,3,0.0,189.75,Bank Transfer,Mobile,2,10,True,4,2,12,2
3920,2023-12-20,31,Female,Bursa,Books,54.59,1,0.0,54.59,Digital Wallet,Mobile,20,9,True,2,4,12,2
3921,2023-12-20,51,Male,Ankara,Toys,144.56,2,0.0,289.12,Digital Wallet,Mobile,15,9,False,4,4,12,2
3922,2023-12-21,30,Male,Istanbul,Home & Garden,212.45,2,21.15,403.75,Credit Card,Mobile,8,15,True,3,5,12,3
3923,2023-12-21,34,Male,Ankara,Sports,574.18,3,0.0,1722.54,Credit Card,Tablet,10,9,True,3,5,12,3
3924,2023-12-21,18,Male,Istanbul,Home & Garden,1266.37,1,0.0,1266.37,Debit Card,Desktop,13,12,True,5,4,12,3
3925,2023-12-21,33,Female,Eskisehir,Sports,224.97,3,24.5,650.41,Debit Card,Mobile,29,12,True,11,4,12,3
3926,2023-12-21,42,Female,Istanbul,Fashion,161.58,2,0.0,323.16,Credit Card,Mobile,5,9,True,2,3,12,3
3927,2023-12-21,50,Female,Istanbul,Beauty,59.81,3,0.0,179.43,Digital Wallet,Tablet,11,11,True,7,5,12,3
3928,2023-12-21,42,Female,Istanbul,Home & Garden,491.29,2,0.0,982.58,Credit Card,Tablet,3,7,True,3,5,12,3
3929,2023-12-21,37,Female,Ankara,Toys,28.58,4,0.0,114.32,Credit Card,Tablet,21,6,False,11,4,12,3
3930,2023-12-21,30,Male,Adana,Beauty,39.95,3,9.66,110.19,Digital Wallet,Mobile,10,5,True,1,5,12,3
3931,2023-12-22,22,Male,Ankara,Sports,899.76,2,0.0,1799.52,Digital Wallet,Mobile,4,11,False,8,2,12,4
3932,2023-12-22,49,Female,Ankara,Food,126.46,1,8.97,117.49,Digital Wallet,Mobile,28,12,True,7,5,12,4
3933,2023-12-22,61,Female,Bursa,Beauty,171.61,2,0.0,343.22,Credit Card,Mobile,3,10,False,7,2,12,4
3934,2023-12-22,47,Female,Ankara,Fashion,153.78,1,0.0,153.78,Credit Card,Mobile,4,2,False,3,4,12,4
3935,2023-12-22,57,Male,Bursa,Fashion,65.91,1,0.0,65.91,Credit Card,Mobile,37,9,False,7,1,12,4
3936,2023-12-22,39,Male,Bursa,Beauty,180.88,3,49.77,492.87,Credit Card,Desktop,14,7,False,12,5,12,4
3937,2023-12-22,42,Male,Antalya,Sports,319.65,2,67.85,571.45,Credit Card,Desktop,18,12,False,6,5,12,4
3938,2023-12-22,18,Female,Bursa,Food,68.7,2,0.0,137.4,Digital Wallet,Desktop,11,6,False,4,5,12,4
3939,2023-12-22,18,Female,Bursa,Food,10.95,5,0.0,54.75,Bank Transfer,Tablet,6,6,True,7,4,12,4
3940,2023-12-22,46,Female,Istanbul,Fashion,314.02,2,0.0,628.04,Credit Card,Desktop,19,9,False,6,4,12,4
3941,2023-12-22,52,Male,Izmir,Food,87.08,1,0.0,87.08,Digital Wallet,Mobile,11,12,False,2,5,12,4
3942,2023-12-22,46,Male,Istanbul,Food,119.25,3,0.0,357.75,Debit Card,Desktop,18,8,True,12,2,12,4
3943,2023-12-23,46,Female,Ankara,Toys,71.6,1,0.0,71.6,Bank Transfer,Mobile,23,9,False,6,4,12,5
3944,2023-12-23,37,Female,Adana,Sports,769.16,2,219.38,1318.94,Debit Card,Mobile,21,5,True,5,4,12,5
3945,2023-12-23,30,Male,Izmir,Beauty,247.09,5,0.0,1235.45,Credit Card,Mobile,26,9,True,8,3,12,5
3946,2023-12-23,55,Male,Antalya,Electronics,1016.26,5,266.03,4815.27,Digital Wallet,Mobile,7,8,True,7,5,12,5
3947,2023-12-23,22,Male,Istanbul,Toys,60.03,1,0.0,60.03,Digital Wallet,Mobile,16,8,False,13,4,12,5
3948,2023-12-23,36,Female,Istanbul,Beauty,163.56,3,0.0,490.68,Debit Card,Desktop,16,10,False,10,3,12,5
3949,2023-12-23,27,Female,Ankara,Electronics,2004.55,3,178.74,5834.91,Debit Card,Mobile,24,8,True,8,3,12,5
3950,2023-12-23,23,Female,Eskisehir,Books,18.46,3,0.0,55.38,Debit Card,Desktop,6,8,False,3,3,12,5
3951,2023-12-23,33,Female,Istanbul,Sports,344.09,2,54.16,634.02,Debit Card,Mobile,7,9,False,7,4,12,5
3952,2023-12-23,27,Male,Antalya,Food,186.71,4,0.0,746.84,Credit Card,Desktop,12,6,True,7,5,12,5
3953,2023-12-23,27,Female,Istanbul,Sports,228.98,5,0.0,1144.9,Bank Transfer,Mobile,8,5,False,2,4,12,5
3954,2023-12-23,18,Male,Antalya,Home & Garden,347.8,2,0.0,695.6,Debit Card,Mobile,4,7,True,4,2,12,5
3955,2023-12-23,28,Female,Istanbul,Toys,289.01,1,0.0,289.01,Credit Card,Desktop,11,5,True,8,5,12,5
3956,2023-12-23,45,Male,Ankara,Toys,100.63,1,0.0,100.63,Credit Card,Mobile,7,6,True,2,1,12,5
3957,2023-12-23,42,Female,Izmir,Books,31.74,4,0.0,126.96,Bank Transfer,Mobile,1,7,True,5,3,12,5
3958,2023-12-23,18,Female,Ankara,Food,37.14,1,0.0,37.14,Credit Card,Mobile,9,5,True,4,4,12,5
3959,2023-12-24,43,Other,Gaziantep,Electronics,876.89,2,0.0,1753.78,Credit Card,Desktop,19,12,False,3,3,12,6
3960,2023-12-24,25,Female,Eskisehir,Beauty,75.19,3,0.0,225.57,Credit Card,Desktop,19,12,True,10,4,12,6
3961,2023-12-24,59,Female,Izmir,Home & Garden,805.67,1,0.0,805.67,Bank Transfer,Mobile,7,10,False,3,4,12,6
3962,2023-12-24,49,Female,Kayseri,Books,33.93,2,0.0,67.86,Debit Card,Desktop,5,10,True,4,1,12,6
3963,2023-12-24,34,Male,Istanbul,Food,62.6,4,0.0,250.4,Credit Card,Tablet,11,13,False,14,3,12,6
3964,2023-12-24,46,Male,Antalya,Fashion,371.31,3,110.52,1003.41,Cash on Delivery,Desktop,9,11,True,5,5,12,6
3965,2023-12-24,45,Male,Bursa,Toys,322.85,3,0.0,968.55,Debit Card,Desktop,12,6,False,6,1,12,6
3966,2023-12-24,37,Female,Izmir,Fashion,389.46,3,109.42,1058.96,Digital Wallet,Mobile,8,6,True,6,4,12,6
3967,2023-12-25,38,Male,Bursa,Fashion,349.1,1,0.0,349.1,Credit Card,Mobile,10,9,True,5,3,12,0
3968,2023-12-25,32,Male,Antalya,Beauty,60.11,2,14.0,106.22,Debit Card,Mobile,11,10,True,6,1,12,0
3969,2023-12-25,46,Female,Kayseri,Fashion,245.38,1,64.42,180.96,Digital Wallet,Mobile,10,10,True,10,5,12,0
3970,2023-12-25,29,Male,Ankara,Toys,148.62,1,0.0,148.62,Credit Card,Desktop,22,8,True,6,4,12,0
3971,2023-12-25,18,Female,Izmir,Electronics,348.65,1,64.05,284.6,Digital Wallet,Mobile,15,12,True,2,5,12,0
3972,2023-12-25,37,Male,Ankara,Books,33.26,1,0.0,33.26,Debit Card,Tablet,5,7,True,13,4,12,0
3973,2023-12-25,29,Male,Bursa,Food,45.42,1,0.0,45.42,Credit Card,Mobile,16,9,True,5,5,12,0
3974,2023-12-25,18,Male,Istanbul,Electronics,711.83,1,0.0,711.83,Bank Transfer,Mobile,8,10,True,2,4,12,0
3975,2023-12-25,41,Male,Antalya,Food,91.78,3,0.0,275.34,Debit Card,Mobile,3,11,True,8,4,12,0
3976,2023-12-25,27,Male,Izmir,Beauty,92.08,5,0.0,460.4,Digital Wallet,Desktop,18,9,True,1,4,12,0
3977,2023-12-26,45,Female,Istanbul,Books,25.76,1,5.15,20.61,Bank Transfer,Mobile,4,6,True,5,5,12,1
3978,2023-12-26,33,Male,Istanbul,Toys,96.0,5,0.0,480.0,Credit Card,Desktop,2,8,True,6,3,12,1
3979,2023-12-26,45,Male,Bursa,Fashion,146.12,2,0.0,292.24,Cash on Delivery,Desktop,42,7,True,5,5,12,1
3980,2023-12-26,34,Male,Adana,Beauty,116.74,1,0.0,116.74,Credit Card,Mobile,3,9,True,3,2,12,1
3981,2023-12-26,36,Female,Gaziantep,Sports,228.07,2,0.0,456.14,Bank Transfer,Mobile,8,8,True,9,4,12,1
3982,2023-12-26,42,Female,Istanbul,Electronics,962.37,1,0.0,962.37,Bank Transfer,Mobile,23,5,False,5,5,12,1
3983,2023-12-26,34,Male,Bursa,Home & Garden,155.49,3,21.36,445.11,Credit Card,Desktop,18,7,False,7,4,12,1
3984,2023-12-26,42,Female,Konya,Food,112.0,2,29.5,194.5,Credit Card,Desktop,11,4,True,3,5,12,1
3985,2023-12-26,51,Male,Istanbul,Electronics,1178.59,3,0.0,3535.77,Credit Card,Mobile,13,9,True,2,4,12,1
3986,2023-12-26,32,Female,Izmir,Sports,861.36,2,0.0,1722.72,Credit Card,Mobile,21,6,False,14,5,12,1
3987,2023-12-26,27,Male,Istanbul,Fashion,230.37,1,0.0,230.37,Digital Wallet,Mobile,3,7,True,4,4,12,1
3988,2023-12-26,18,Female,Ankara,Sports,1536.25,2,0.0,3072.5,Credit Card,Mobile,13,4,False,8,3,12,1
3989,2023-12-26,31,Male,Adana,Beauty,82.87,4,0.0,331.48,Debit Card,Mobile,15,9,True,10,5,12,1
3990,2023-12-26,24,Male,Konya,Toys,509.08,1,0.0,509.08,Credit Card,Mobile,19,9,True,7,5,12,1
3991,2023-12-26,35,Male,Adana,Electronics,1527.38,1,225.74,1301.64,Bank Transfer,Tablet,29,8,False,5,4,12,1
3992,2023-12-27,53,Female,Istanbul,Fashion,263.47,1,0.0,263.47,Digital Wallet,Desktop,22,6,True,3,4,12,2
3993,2023-12-27,22,Male,Konya,Books,59.11,2,13.13,105.09,Digital Wallet,Mobile,9,9,False,11,4,12,2
3994,2023-12-27,32,Female,Izmir,Toys,37.07,2,9.99,64.15,Cash on Delivery,Desktop,14,5,False,5,5,12,2
3995,2023-12-27,33,Male,Antalya,Sports,570.69,1,166.83,403.86,Credit Card,Mobile,25,6,True,9,4,12,2
3996,2023-12-27,31,Female,Adana,Beauty,69.81,1,7.88,61.93,Bank Transfer,Mobile,12,13,False,12,5,12,2
3997,2023-12-27,44,Male,Izmir,Books,21.9,4,4.97,82.63,Credit Card,Tablet,34,14,True,6,5,12,2
3998,2023-12-27,45,Female,Kayseri,Beauty,136.68,5,0.0,683.4,Debit Card,Desktop,7,8,False,3,4,12,2
3999,2023-12-27,47,Male,Izmir,Toys,212.94,4,0.0,851.76,Credit Card,Mobile,11,7,True,15,5,12,2
4000,2023-12-27,28,Female,Bursa,Sports,381.63,5,0.0,1908.15,Digital Wallet,Mobile,16,5,True,3,4,12,2
4001,2023-12-27,27,Male,Bursa,Sports,605.84,3,95.59,1721.93,Debit Card,Mobile,12,13,True,6,1,12,2
4002,2023-12-27,41,Male,Antalya,Electronics,1427.26,1,149.96,1277.3,Credit Card,Mobile,12,14,False,8,5,12,2
4003,2023-12-27,31,Male,Bursa,Food,92.4,4,0.0,369.6,Debit Card,Mobile,9,10,True,6,4,12,2
4004,2023-12-27,36,Male,Izmir,Sports,523.4,2,128.11,918.69,Debit Card,Tablet,30,7,False,8,1,12,2
4005,2023-12-27,21,Male,Antalya,Food,116.66,1,0.0,116.66,Digital Wallet,Tablet,24,7,False,6,1,12,2
4006,2023-12-27,49,Female,Izmir,Home & Garden,416.21,1,27.92,388.29,Credit Card,Mobile,5,7,False,6,1,12,2
4007,2023-12-27,18,Male,Izmir,Sports,132.57,1,0.0,132.57,Bank Transfer,Desktop,17,12,False,5,4,12,2
4008,2023-12-28,20,Male,Antalya,Food,26.15,1,0.0,26.15,Credit Card,Desktop,25,7,True,5,2,12,3
4009,2023-12-28,66,Female,Ankara,Sports,216.61,1,0.0,216.61,Debit Card,Mobile,9,10,True,3,2,12,3
4010,2023-12-28,41,Female,Adana,Books,77.75,1,0.0,77.75,Bank Transfer,Mobile,24,14,False,4,5,12,3
4011,2023-12-28,51,Male,Istanbul,Fashion,434.45,1,0.0,434.45,Credit Card,Desktop,15,7,True,5,4,12,3
4012,2023-12-28,18,Other,Ankara,Fashion,771.7,2,0.0,1543.4,Debit Card,Mobile,23,15,False,10,5,12,3
4013,2023-12-28,35,Female,Antalya,Fashion,172.85,1,32.75,140.1,Digital Wallet,Mobile,32,9,False,2,4,12,3
4014,2023-12-28,43,Female,Bursa,Sports,183.6,2,0.0,367.2,Credit Card,Mobile,28,9,True,8,3,12,3
4015,2023-12-28,26,Female,Adana,Beauty,154.63,1,41.83,112.8,Credit Card,Mobile,32,8,False,2,4,12,3
4016,2023-12-29,23,Female,Adana,Toys,312.39,1,0.0,312.39,Credit Card,Desktop,22,12,False,5,3,12,4
4017,2023-12-29,33,Female,Istanbul,Fashion,53.49,3,0.0,160.47,Digital Wallet,Desktop,2,12,False,5,2,12,4
4018,2023-12-29,41,Male,Ankara,Toys,81.36,1,0.0,81.36,Digital Wallet,Desktop,11,9,True,3,3,12,4
4019,2023-12-29,25,Male,Adana,Books,51.81,5,0.0,259.05,Digital Wallet,Mobile,9,7,False,3,2,12,4
4020,2023-12-29,47,Male,Istanbul,Fashion,473.55,1,0.0,473.55,Credit Card,Mobile,7,13,True,1,4,12,4
4021,2023-12-29,31,Female,Izmir,Sports,604.56,2,0.0,1209.12,Debit Card,Desktop,31,5,True,5,4,12,4
4022,2023-12-29,37,Male,Istanbul,Sports,449.41,5,70.69,2176.36,Credit Card,Mobile,28,11,True,4,5,12,4
4023,2023-12-29,30,Female,Ankara,Electronics,2583.79,3,0.0,7751.37,Debit Card,Mobile,3,10,True,13,4,12,4
4024,2023-12-29,33,Female,Kayseri,Electronics,1523.22,1,0.0,1523.22,Credit Card,Mobile,11,11,True,4,4,12,4
4025,2023-12-29,42,Male,Antalya,Home & Garden,473.45,3,107.71,1312.64,Debit Card,Mobile,3,7,True,2,5,12,4
4026,2023-12-29,46,Male,Izmir,Sports,217.21,4,0.0,868.84,Bank Transfer,Tablet,13,7,True,4,5,12,4
4027,2023-12-30,31,Female,Istanbul,Beauty,87.22,4,0.0,348.88,Digital Wallet,Desktop,17,7,True,3,4,12,5
4028,2023-12-30,19,Female,Izmir,Food,89.9,1,0.0,89.9,Debit Card,Desktop,24,5,False,2,3,12,5
4029,2023-12-30,44,Male,Antalya,Food,56.48,3,0.0,169.44,Bank Transfer,Mobile,13,8,True,15,4,12,5
4030,2023-12-30,29,Male,Istanbul,Beauty,62.42,1,7.67,54.75,Bank Transfer,Desktop,16,10,True,4,5,12,5
4031,2023-12-30,41,Male,Bursa,Books,22.77,1,2.54,20.23,Credit Card,Desktop,6,10,True,15,5,12,5
4032,2023-12-30,28,Female,Ankara,Beauty,201.69,5,0.0,1008.45,Debit Card,Desktop,9,16,True,4,4,12,5
4033,2023-12-30,59,Female,Konya,Sports,457.93,2,75.12,840.74,Debit Card,Tablet,18,11,False,2,4,12,5
4034,2023-12-30,58,Female,Bursa,Toys,480.38,1,0.0,480.38,Debit Card,Mobile,16,4,True,8,4,12,5
4035,2023-12-31,26,Male,Ankara,Fashion,147.92,3,30.62,413.14,Debit Card,Desktop,12,8,True,3,5,12,6
4036,2023-12-31,21,Female,Izmir,Food,33.37,4,0.0,133.48,Credit Card,Desktop,5,8,False,7,4,12,6
4037,2023-12-31,50,Male,Istanbul,Beauty,190.05,1,0.0,190.05,Bank Transfer,Mobile,11,11,True,9,4,12,6
4038,2023-12-31,20,Male,Gaziantep,Toys,110.64,1,33.12,77.52,Bank Transfer,Mobile,7,7,True,7,5,12,6
4039,2023-12-31,23,Female,Gaziantep,Food,13.96,1,0.0,13.96,Credit Card,Tablet,7,6,True,7,4,12,6
4040,2023-12-31,42,Male,Antalya,Toys,144.57,1,0.0,144.57,Bank Transfer,Mobile,14,9,False,5,5,12,6
4041,2023-12-31,33,Female,Bursa,Electronics,973.15,2,260.53,1685.77,Debit Card,Tablet,20,14,False,12,5,12,6
4042,2023-12-31,26,Female,Istanbul,Books,26.9,2,1.86,51.94,Debit Card,Desktop,8,12,True,5,3,12,6
4043,2023-12-31,30,Female,Istanbul,Food,100.99,1,29.35,71.64,Digital Wallet,Mobile,15,10,False,3,5,12,6
4044,2023-12-31,48,Male,Ankara,Toys,266.86,1,71.58,195.28,Debit Card,Mobile,10,13,True,7,4,12,6
4045,2023-12-31,21,Male,Adana,Food,51.83,2,0.0,103.66,Debit Card,Mobile,12,9,False,11,2,12,6
4046,2023-12-31,35,Female,Ankara,Beauty,150.21,3,0.0,450.63,Digital Wallet,Tablet,6,9,False,6,4,12,6
4047,2024-01-01,18,Male,Antalya,Books,81.47,1,16.0,65.47,Credit Card,Mobile,3,11,False,11,5,1,0
4048,2024-01-01,32,Female,Ankara,Sports,758.68,1,0.0,758.68,Debit Card,Desktop,12,13,True,3,4,1,0
4049,2024-01-01,21,Female,Adana,Sports,293.8,2,0.0,587.6,Debit Card,Desktop,39,10,False,7,2,1,0
4050,2024-01-01,29,Male,Istanbul,Fashion,173.99,1,0.0,173.99,Credit Card,Mobile,4,8,True,6,4,1,0
4051,2024-01-01,42,Female,Ankara,Sports,371.64,1,0.0,371.64,Credit Card,Mobile,23,7,True,4,5,1,0
4052,2024-01-01,18,Female,Kayseri,Sports,767.73,5,0.0,3838.65,Credit Card,Desktop,19,9,True,8,5,1,0
4053,2024-01-01,31,Female,Ankara,Home & Garden,1069.82,1,0.0,1069.82,Debit Card,Mobile,13,11,False,15,2,1,0
4054,2024-01-01,35,Female,Eskisehir,Food,61.71,2,0.0,123.42,Credit Card,Tablet,8,7,False,7,5,1,0
4055,2024-01-01,23,Male,Istanbul,Books,77.39,3,0.0,232.17,Digital Wallet,Mobile,8,10,False,4,4,1,0
4056,2024-01-02,54,Female,Istanbul,Books,82.82,2,0.0,165.64,Credit Card,Desktop,19,10,True,4,5,1,1
4057,2024-01-02,38,Female,Istanbul,Toys,200.93,1,0.0,200.93,Bank Transfer,Mobile,27,8,True,9,5,1,1
4058,2024-01-02,42,Male,Izmir,Electronics,1027.05,3,0.0,3081.15,Bank Transfer,Mobile,17,13,True,8,5,1,1
4059,2024-01-02,21,Male,Adana,Toys,139.85,2,33.81,245.89,Digital Wallet,Tablet,15,6,False,7,4,1,1
4060,2024-01-02,45,Female,Izmir,Food,43.76,1,0.0,43.76,Bank Transfer,Tablet,6,6,True,5,4,1,1
4061,2024-01-02,38,Male,Istanbul,Toys,168.53,1,12.49,156.04,Debit Card,Mobile,21,11,False,1,5,1,1
4062,2024-01-03,23,Female,Istanbul,Sports,338.82,5,84.41,1609.69,Digital Wallet,Mobile,11,11,True,4,4,1,2
4063,2024-01-03,19,Female,Bursa,Beauty,201.0,2,0.0,402.0,Debit Card,Tablet,17,10,True,5,3,1,2
4064,2024-01-03,25,Male,Istanbul,Beauty,72.13,3,0.0,216.39,Credit Card,Desktop,20,10,False,7,5,1,2
4065,2024-01-03,18,Male,Istanbul,Fashion,840.56,1,0.0,840.56,Debit Card,Mobile,17,11,False,8,1,1,2
4066,2024-01-03,32,Male,Gaziantep,Fashion,236.86,3,0.0,710.58,Debit Card,Mobile,11,9,False,4,5,1,2
4067,2024-01-03,37,Male,Adana,Electronics,4715.42,1,0.0,4715.42,Debit Card,Mobile,16,8,True,6,4,1,2
4068,2024-01-03,18,Female,Istanbul,Electronics,993.08,1,0.0,993.08,Credit Card,Tablet,33,7,False,4,4,1,2
4069,2024-01-03,39,Female,Izmir,Home & Garden,907.02,2,248.01,1566.03,Digital Wallet,Mobile,22,9,True,11,5,1,2
4070,2024-01-03,41,Male,Gaziantep,Electronics,734.28,2,0.0,1468.56,Digital Wallet,Desktop,18,5,True,9,3,1,2
4071,2024-01-03,35,Female,Ankara,Beauty,153.93,2,0.0,307.86,Digital Wallet,Mobile,11,6,True,6,1,1,2
4072,2024-01-03,24,Female,Antalya,Toys,22.64,1,2.54,20.1,Digital Wallet,Mobile,25,6,True,4,5,1,2
4073,2024-01-03,18,Female,Izmir,Home & Garden,1161.5,1,0.0,1161.5,Digital Wallet,Desktop,8,8,True,2,5,1,2
4074,2024-01-03,46,Female,Gaziantep,Toys,273.02,2,48.69,497.35,Credit Card,Mobile,18,10,True,6,5,1,2
4075,2024-01-04,36,Female,Istanbul,Electronics,2028.96,2,0.0,4057.92,Debit Card,Mobile,25,9,True,7,3,1,3
4076,2024-01-04,27,Male,Gaziantep,Books,23.39,1,6.45,16.94,Digital Wallet,Mobile,18,7,True,10,5,1,3
4077,2024-01-04,39,Female,Konya,Fashion,341.14,4,0.0,1364.56,Credit Card,Mobile,8,9,True,9,2,1,3
4078,2024-01-04,33,Female,Bursa,Sports,462.89,1,0.0,462.89,Credit Card,Mobile,12,5,True,6,3,1,3
4079,2024-01-04,43,Male,Bursa,Home & Garden,187.37,2,0.0,374.74,Digital Wallet,Tablet,10,5,True,3,4,1,3
4080,2024-01-04,18,Male,Izmir,Beauty,403.17,1,0.0,403.17,Credit Card,Desktop,16,10,True,3,4,1,3
4081,2024-01-04,18,Male,Gaziantep,Beauty,46.44,2,4.82,88.06,Credit Card,Mobile,12,12,False,9,3,1,3
4082,2024-01-04,44,Female,Istanbul,Beauty,156.42,1,44.88,111.54,Digital Wallet,Mobile,4,8,True,11,5,1,3
4083,2024-01-04,18,Female,Istanbul,Fashion,374.72,4,0.0,1498.88,Credit Card,Mobile,18,7,True,3,4,1,3
4084,2024-01-04,41,Male,Gaziantep,Electronics,1346.88,2,0.0,2693.76,Debit Card,Tablet,9,16,True,3,5,1,3
4085,2024-01-04,33,Female,Ankara,Home & Garden,954.11,4,0.0,3816.44,Digital Wallet,Desktop,28,9,True,6,4,1,3
4086,2024-01-04,26,Male,Antalya,Toys,106.38,2,0.0,212.76,Debit Card,Mobile,15,7,True,6,4,1,3
4087,2024-01-04,38,Male,Ankara,Electronics,584.53,2,0.0,1169.06,Cash on Delivery,Tablet,6,10,False,9,3,1,3
4088,2024-01-05,36,Male,Izmir,Fashion,215.19,3,0.0,645.57,Digital Wallet,Desktop,6,11,False,2,2,1,4
4089,2024-01-05,29,Male,Gaziantep,Beauty,115.6,1,0.0,115.6,Debit Card,Mobile,7,7,True,6,5,1,4
4090,2024-01-05,27,Female,Istanbul,Electronics,2894.26,4,0.0,11577.04,Credit Card,Mobile,25,8,True,3,5,1,4
4091,2024-01-05,31,Female,Konya,Fashion,241.41,3,0.0,724.23,Cash on Delivery,Mobile,8,9,False,1,5,1,4
4092,2024-01-05,26,Female,Izmir,Books,53.0,1,0.0,53.0,Debit Card,Mobile,12,8,False,4,4,1,4
4093,2024-01-05,49,Female,Eskisehir,Home & Garden,828.98,2,0.0,1657.96,Credit Card,Desktop,14,12,True,9,5,1,4
4094,2024-01-05,40,Male,Konya,Books,34.9,2,0.0,69.8,Digital Wallet,Mobile,20,6,False,7,4,1,4
4095,2024-01-05,24,Male,Ankara,Sports,532.67,4,0.0,2130.68,Credit Card,Desktop,5,10,False,3,4,1,4
4096,2024-01-05,18,Female,Ankara,Home & Garden,121.21,1,20.58,100.63,Credit Card,Mobile,19,6,False,9,4,1,4
4097,2024-01-05,24,Female,Bursa,Home & Garden,1639.39,3,316.73,4601.44,Cash on Delivery,Mobile,10,7,False,14,5,1,4
4098,2024-01-05,37,Male,Ankara,Beauty,104.11,1,0.0,104.11,Debit Card,Mobile,9,6,True,4,1,1,4
4099,2024-01-05,45,Male,Ankara,Books,27.47,1,6.35,21.12,Credit Card,Mobile,13,8,True,6,2,1,4
4100,2024-01-05,40,Male,Istanbul,Books,54.22,2,0.0,108.44,Credit Card,Desktop,9,10,True,3,5,1,4
4101,2024-01-05,31,Male,Istanbul,Books,48.88,2,0.0,97.76,Credit Card,Mobile,14,11,True,12,4,1,4
4102,2024-01-05,27,Female,Gaziantep,Fashion,149.24,1,0.0,149.24,Credit Card,Mobile,9,7,True,5,1,1,4
4103,2024-01-05,35,Male,Ankara,Home & Garden,341.94,2,84.41,599.47,Credit Card,Mobile,18,9,True,6,4,1,4
4104,2024-01-05,29,Male,Istanbul,Beauty,340.48,2,0.0,680.96,Debit Card,Desktop,14,4,True,12,3,1,4
4105,2024-01-05,29,Male,Izmir,Electronics,804.1,4,96.31,3120.09,Credit Card,Desktop,12,8,True,5,3,1,4
4106,2024-01-05,37,Male,Bursa,Books,57.0,5,12.27,272.73,Bank Transfer,Mobile,14,8,False,7,4,1,4
4107,2024-01-05,25,Female,Konya,Toys,165.87,2,34.0,297.74,Digital Wallet,Desktop,15,8,False,6,4,1,4
4108,2024-01-05,51,Male,Istanbul,Beauty,240.62,1,0.0,240.62,Credit Card,Desktop,16,7,False,8,5,1,4
4109,2024-01-06,20,Female,Konya,Food,49.09,1,0.0,49.09,Debit Card,Mobile,7,8,True,11,4,1,5
4110,2024-01-06,49,Female,Gaziantep,Fashion,53.0,4,0.0,212.0,Cash on Delivery,Mobile,21,10,True,12,5,1,5
4111,2024-01-06,32,Female,Izmir,Sports,399.71,4,83.72,1515.12,Debit Card,Mobile,16,10,True,9,3,1,5
4112,2024-01-06,42,Male,Izmir,Home & Garden,1271.81,5,0.0,6359.05,Digital Wallet,Desktop,11,8,True,4,4,1,5
4113,2024-01-06,45,Female,Antalya,Fashion,272.19,1,14.17,258.02,Bank Transfer,Mobile,10,12,False,7,1,1,5
4114,2024-01-06,47,Female,Ankara,Toys,286.86,5,0.0,1434.3,Credit Card,Desktop,6,6,True,3,3,1,5
4115,2024-01-06,18,Male,Ankara,Home & Garden,501.18,3,0.0,1503.54,Digital Wallet,Desktop,20,7,True,8,4,1,5
4116,2024-01-06,29,Female,Antalya,Fashion,270.82,2,0.0,541.64,Debit Card,Mobile,14,8,False,7,5,1,5
4117,2024-01-06,23,Male,Bursa,Books,53.47,1,0.0,53.47,Debit Card,Desktop,14,3,True,4,5,1,5
4118,2024-01-06,40,Female,Adana,Sports,511.73,2,0.0,1023.46,Debit Card,Desktop,23,11,True,5,4,1,5
4119,2024-01-06,36,Female,Izmir,Food,40.05,1,0.0,40.05,Digital Wallet,Mobile,21,7,True,8,1,1,5
4120,2024-01-06,34,Male,Istanbul,Sports,487.34,1,42.29,445.05,Debit Card,Desktop,16,11,False,4,2,1,5
4121,2024-01-06,30,Male,Ankara,Home & Garden,537.19,5,0.0,2685.95,Debit Card,Desktop,6,13,True,7,4,1,5
4122,2024-01-07,18,Male,Ankara,Home & Garden,128.26,5,0.0,641.3,Credit Card,Mobile,13,12,True,5,2,1,6
4123,2024-01-07,41,Male,Eskisehir,Fashion,403.1,4,0.0,1612.4,Debit Card,Desktop,9,10,False,4,3,1,6
4124,2024-01-07,37,Male,Gaziantep,Toys,479.82,1,77.81,402.01,Digital Wallet,Desktop,15,8,True,7,5,1,6
4125,2024-01-07,30,Male,Istanbul,Fashion,366.55,5,90.74,1742.01,Credit Card,Mobile,8,9,True,5,4,1,6
4126,2024-01-07,41,Female,Gaziantep,Books,51.45,2,0.0,102.9,Credit Card,Mobile,8,8,True,6,5,1,6
4127,2024-01-08,25,Female,Istanbul,Home & Garden,200.12,1,0.0,200.12,Debit Card,Mobile,17,8,False,6,2,1,0
4128,2024-01-08,35,Female,Istanbul,Books,22.82,2,3.12,42.52,Credit Card,Mobile,15,7,False,9,5,1,0
4129,2024-01-08,23,Male,Ankara,Sports,233.41,4,0.0,933.64,Debit Card,Mobile,40,11,False,5,4,1,0
4130,2024-01-08,21,Female,Istanbul,Sports,126.21,2,13.26,239.16,Debit Card,Mobile,10,9,True,6,3,1,0
4131,2024-01-08,40,Male,Eskisehir,Sports,283.62,1,0.0,283.62,Debit Card,Desktop,26,9,True,5,3,1,0
4132,2024-01-08,19,Female,Konya,Home & Garden,530.24,2,73.89,986.59,Credit Card,Desktop,21,9,True,6,5,1,0
4133,2024-01-08,28,Female,Izmir,Sports,103.18,1,0.0,103.18,Debit Card,Desktop,21,8,False,6,4,1,0
4134,2024-01-08,18,Male,Istanbul,Electronics,2995.32,4,351.12,11630.16,Digital Wallet,Tablet,14,7,False,7,5,1,0
4135,2024-01-08,38,Female,Istanbul,Books,75.45,3,8.84,217.51,Digital Wallet,Desktop,20,5,True,6,3,1,0
4136,2024-01-08,34,Male,Bursa,Home & Garden,1518.15,3,0.0,4554.45,Digital Wallet,Desktop,24,10,False,3,5,1,0
4137,2024-01-08,33,Male,Kayseri,Food,49.29,5,0.0,246.45,Debit Card,Desktop,3,9,True,15,5,1,0
4138,2024-01-08,56,Female,Kayseri,Sports,600.11,1,0.0,600.11,Credit Card,Desktop,11,6,False,9,3,1,0
4139,2024-01-09,40,Male,Istanbul,Fashion,107.79,1,0.0,107.79,Debit Card,Mobile,2,12,False,13,3,1,1
4140,2024-01-09,18,Female,Adana,Food,34.71,1,0.0,34.71,Bank Transfer,Desktop,29,6,True,12,4,1,1
4141,2024-01-09,47,Female,Ankara,Books,50.95,4,0.0,203.8,Bank Transfer,Desktop,24,10,True,11,4,1,1
4142,2024-01-09,18,Female,Konya,Toys,243.64,2,29.1,458.18,Credit Card,Mobile,13,11,True,3,4,1,1
4143,2024-01-09,37,Male,Izmir,Beauty,107.61,1,0.0,107.61,Cash on Delivery,Tablet,26,5,True,2,5,1,1
4144,2024-01-09,29,Female,Adana,Electronics,7159.45,3,0.0,21478.35,Debit Card,Mobile,9,8,True,3,4,1,1
4145,2024-01-09,38,Male,Istanbul,Home & Garden,109.5,2,0.0,219.0,Credit Card,Tablet,8,12,True,11,4,1,1
4146,2024-01-09,62,Female,Konya,Toys,159.33,5,0.0,796.65,Debit Card,Mobile,15,8,True,17,5,1,1
4147,2024-01-09,25,Male,Ankara,Electronics,1925.4,3,247.59,5528.61,Bank Transfer,Desktop,13,16,True,4,3,1,1
4148,2024-01-09,34,Male,Istanbul,Food,98.63,4,0.0,394.52,Debit Card,Mobile,11,7,False,14,1,1,1
4149,2024-01-10,18,Male,Ankara,Beauty,113.03,3,0.0,339.09,Digital Wallet,Desktop,6,10,False,2,5,1,2
4150,2024-01-10,44,Female,Ankara,Fashion,155.88,1,7.9,147.98,Credit Card,Mobile,8,7,True,4,4,1,2
4151,2024-01-10,40,Female,Adana,Sports,615.58,1,0.0,615.58,Digital Wallet,Mobile,7,9,True,1,4,1,2
4152,2024-01-10,25,Female,Antalya,Fashion,193.18,4,0.0,772.72,Credit Card,Mobile,15,7,False,5,1,1,2
4153,2024-01-10,45,Female,Istanbul,Food,108.89,4,0.0,435.56,Credit Card,Tablet,19,7,True,8,5,1,2
4154,2024-01-10,41,Male,Izmir,Books,76.37,1,0.0,76.37,Credit Card,Mobile,14,7,False,4,3,1,2
4155,2024-01-10,30,Male,Ankara,Fashion,118.93,2,0.0,237.86,Debit Card,Desktop,7,5,True,2,4,1,2
4156,2024-01-10,29,Female,Ankara,Beauty,177.7,4,0.0,710.8,Debit Card,Mobile,18,13,True,5,5,1,2
4157,2024-01-11,37,Female,Istanbul,Home & Garden,738.09,5,0.0,3690.45,Credit Card,Mobile,22,12,False,4,3,1,3
4158,2024-01-11,19,Female,Izmir,Books,32.88,1,8.76,24.12,Digital Wallet,Desktop,23,9,True,9,3,1,3
4159,2024-01-11,39,Male,Ankara,Electronics,6461.55,1,452.29,6009.26,Credit Card,Mobile,6,13,False,15,4,1,3
4160,2024-01-11,37,Female,Istanbul,Home & Garden,713.34,2,167.6,1259.08,Debit Card,Desktop,8,7,True,10,5,1,3
4161,2024-01-11,49,Male,Ankara,Books,44.31,1,0.0,44.31,Debit Card,Tablet,15,11,False,8,5,1,3
4162,2024-01-11,26,Male,Izmir,Electronics,1934.4,2,562.62,3306.18,Bank Transfer,Desktop,25,9,False,5,3,1,3
4163,2024-01-11,32,Male,Gaziantep,Books,21.93,1,0.0,21.93,Debit Card,Mobile,16,7,False,13,5,1,3
4164,2024-01-12,37,Male,Istanbul,Food,38.73,4,0.0,154.92,Credit Card,Mobile,20,11,False,7,3,1,4
4165,2024-01-12,18,Male,Antalya,Books,85.22,5,0.0,426.1,Debit Card,Mobile,22,11,True,9,3,1,4
4166,2024-01-12,28,Female,Istanbul,Beauty,70.53,2,0.0,141.06,Digital Wallet,Mobile,8,10,True,11,2,1,4
4167,2024-01-12,42,Male,Konya,Fashion,451.33,2,0.0,902.66,Debit Card,Mobile,20,12,True,5,5,1,4
4168,2024-01-12,35,Female,Kayseri,Food,31.47,1,0.0,31.47,Credit Card,Mobile,15,9,False,3,5,1,4
4169,2024-01-12,18,Male,Kayseri,Electronics,3813.83,2,0.0,7627.66,Debit Card,Desktop,18,8,False,3,3,1,4
4170,2024-01-12,48,Female,Izmir,Sports,451.57,2,28.11,875.03,Debit Card,Mobile,52,11,False,6,5,1,4
4171,2024-01-12,42,Female,Konya,Beauty,88.79,3,0.0,266.37,Digital Wallet,Desktop,10,7,True,9,2,1,4
4172,2024-01-12,49,Male,Adana,Beauty,135.71,1,0.0,135.71,Credit Card,Mobile,8,12,False,8,3,1,4
4173,2024-01-12,22,Female,Istanbul,Electronics,3915.41,1,0.0,3915.41,Credit Card,Mobile,11,7,True,3,4,1,4
4174,2024-01-12,18,Female,Adana,Fashion,130.99,4,0.0,523.96,Bank Transfer,Mobile,18,14,True,2,4,1,4
4175,2024-01-12,33,Male,Adana,Books,25.82,1,2.06,23.76,Bank Transfer,Mobile,4,9,True,7,1,1,4
4176,2024-01-13,21,Female,Bursa,Sports,357.01,1,106.84,250.17,Credit Card,Mobile,26,14,False,5,5,1,5
4177,2024-01-13,48,Female,Kayseri,Fashion,367.64,1,0.0,367.64,Digital Wallet,Desktop,8,10,False,3,5,1,5
4178,2024-01-13,24,Female,Ankara,Toys,279.51,1,0.0,279.51,Credit Card,Mobile,10,5,True,7,2,1,5
4179,2024-01-13,48,Male,Istanbul,Fashion,211.54,2,0.0,423.08,Credit Card,Desktop,18,11,False,7,5,1,5
4180,2024-01-13,30,Male,Adana,Books,20.37,2,3.95,36.79,Credit Card,Desktop,9,10,True,14,2,1,5
4181,2024-01-13,29,Male,Ankara,Beauty,58.93,1,3.04,55.89,Credit Card,Desktop,13,3,False,14,3,1,5
4182,2024-01-13,42,Male,Kayseri,Books,37.11,1,7.07,30.04,Bank Transfer,Mobile,3,12,False,11,4,1,5
4183,2024-01-14,24,Male,Ankara,Food,52.2,2,0.0,104.4,Credit Card,Desktop,15,12,True,6,5,1,6
4184,2024-01-14,57,Female,Istanbul,Toys,20.39,5,0.0,101.95,Bank Transfer,Mobile,7,10,True,7,5,1,6
4185,2024-01-14,24,Female,Izmir,Fashion,411.79,1,44.69,367.1,Debit Card,Mobile,30,6,True,5,3,1,6
4186,2024-01-14,40,Male,Antalya,Toys,162.97,4,0.0,651.88,Digital Wallet,Mobile,11,10,True,10,5,1,6
4187,2024-01-14,33,Female,Konya,Fashion,537.96,1,0.0,537.96,Credit Card,Desktop,9,7,False,4,3,1,6
4188,2024-01-14,40,Female,Konya,Toys,101.47,1,0.0,101.47,Debit Card,Desktop,19,6,False,6,5,1,6
4189,2024-01-14,26,Male,Istanbul,Home & Garden,2293.88,5,0.0,11469.4,Digital Wallet,Mobile,8,5,False,2,4,1,6
4190,2024-01-14,56,Male,Antalya,Food,72.02,3,0.0,216.06,Cash on Delivery,Mobile,23,10,True,1,5,1,6
4191,2024-01-14,45,Male,Kayseri,Electronics,1693.6,3,0.0,5080.8,Bank Transfer,Mobile,14,11,False,10,2,1,6
4192,2024-01-14,50,Female,Ankara,Toys,233.21,3,0.0,699.63,Digital Wallet,Mobile,18,9,True,6,5,1,6
4193,2024-01-14,31,Other,Kayseri,Toys,70.92,3,0.0,212.76,Credit Card,Desktop,24,8,True,12,2,1,6
4194,2024-01-14,48,Female,Gaziantep,Electronics,1969.97,1,509.58,1460.39,Debit Card,Desktop,1,7,True,5,5,1,6
4195,2024-01-15,53,Male,Izmir,Food,112.65,1,0.0,112.65,Bank Transfer,Mobile,9,6,False,5,4,1,0
4196,2024-01-15,40,Female,Adana,Sports,383.18,5,23.21,1892.69,Credit Card,Mobile,18,5,True,8,2,1,0
4197,2024-01-15,38,Male,Antalya,Food,55.8,1,0.0,55.8,Credit Card,Tablet,3,4,False,14,3,1,0
4198,2024-01-15,57,Male,Ankara,Fashion,531.79,1,0.0,531.79,Credit Card,Tablet,19,7,False,3,4,1,0
4199,2024-01-15,25,Male,Istanbul,Beauty,160.78,4,0.0,643.12,Credit Card,Tablet,7,6,True,16,4,1,0
4200,2024-01-15,33,Female,Adana,Sports,788.34,3,0.0,2365.02,Cash on Delivery,Mobile,6,12,False,5,5,1,0
4201,2024-01-15,25,Female,Konya,Electronics,2068.58,1,0.0,2068.58,Digital Wallet,Mobile,3,11,True,6,4,1,0
4202,2024-01-15,28,Female,Istanbul,Books,69.52,4,0.0,278.08,Credit Card,Mobile,40,9,False,10,4,1,0
4203,2024-01-15,43,Male,Bursa,Food,114.25,1,33.04,81.21,Credit Card,Mobile,14,6,False,3,4,1,0
4204,2024-01-15,29,Other,Istanbul,Toys,218.03,5,0.0,1090.15,Credit Card,Mobile,3,8,False,4,3,1,0
4205,2024-01-15,31,Male,Izmir,Toys,270.95,1,0.0,270.95,Bank Transfer,Mobile,7,7,True,8,3,1,0
4206,2024-01-15,18,Female,Ankara,Electronics,1310.74,5,0.0,6553.7,Digital Wallet,Desktop,18,8,False,4,5,1,0
4207,2024-01-15,25,Male,Eskisehir,Fashion,135.83,3,0.0,407.49,Debit Card,Mobile,38,11,True,12,4,1,0
4208,2024-01-15,18,Female,Bursa,Home & Garden,1900.45,2,0.0,3800.9,Debit Card,Mobile,5,9,True,4,5,1,0
4209,2024-01-15,38,Male,Ankara,Books,60.8,2,0.0,121.6,Credit Card,Tablet,15,12,False,9,4,1,0
4210,2024-01-15,57,Female,Izmir,Fashion,508.02,3,104.02,1420.04,Credit Card,Desktop,17,13,True,3,5,1,0
4211,2024-01-16,34,Male,Ankara,Sports,298.88,4,30.15,1165.37,Credit Card,Mobile,35,9,True,4,5,1,1
4212,2024-01-16,47,Male,Istanbul,Sports,732.98,1,0.0,732.98,Digital Wallet,Desktop,18,8,True,6,5,1,1
4213,2024-01-16,60,Male,Istanbul,Beauty,142.85,2,0.0,285.7,Digital Wallet,Mobile,18,7,False,2,2,1,1
4214,2024-01-16,48,Female,Kayseri,Electronics,1797.05,3,0.0,5391.15,Cash on Delivery,Mobile,8,6,True,6,5,1,1
4215,2024-01-16,27,Male,Istanbul,Sports,702.06,1,0.0,702.06,Credit Card,Desktop,9,11,False,9,5,1,1
4216,2024-01-16,55,Male,Gaziantep,Beauty,162.56,5,0.0,812.8,Digital Wallet,Mobile,15,14,True,5,3,1,1
4217,2024-01-16,46,Female,Kayseri,Toys,167.3,1,0.0,167.3,Credit Card,Desktop,5,8,True,11,4,1,1
4218,2024-01-17,29,Female,Kayseri,Toys,299.45,2,0.0,598.9,Digital Wallet,Desktop,7,7,True,5,1,1,2
4219,2024-01-17,36,Male,Gaziantep,Food,101.16,3,26.94,276.54,Credit Card,Mobile,36,10,False,5,5,1,2
4220,2024-01-17,36,Female,Istanbul,Books,138.17,2,35.51,240.83,Credit Card,Mobile,7,6,False,7,4,1,2
4221,2024-01-17,37,Male,Izmir,Toys,223.55,1,54.66,168.89,Debit Card,Desktop,6,10,True,8,3,1,2
4222,2024-01-17,25,Female,Eskisehir,Home & Garden,1558.89,1,0.0,1558.89,Bank Transfer,Desktop,8,6,True,10,4,1,2
4223,2024-01-17,20,Female,Bursa,Beauty,42.62,2,0.0,85.24,Credit Card,Mobile,38,9,False,4,3,1,2
4224,2024-01-17,20,Female,Izmir,Toys,204.92,3,36.56,578.2,Credit Card,Desktop,9,14,True,4,5,1,2
4225,2024-01-17,55,Female,Eskisehir,Beauty,62.08,2,0.0,124.16,Credit Card,Tablet,15,6,False,3,5,1,2
4226,2024-01-17,26,Male,Bursa,Fashion,233.2,2,0.0,466.4,Credit Card,Desktop,7,8,False,2,4,1,2
4227,2024-01-17,31,Male,Ankara,Beauty,94.1,3,5.45,276.85,Credit Card,Mobile,4,6,False,3,4,1,2
4228,2024-01-18,18,Female,Izmir,Beauty,97.9,1,0.0,97.9,Digital Wallet,Mobile,5,7,True,7,5,1,3
4229,2024-01-18,18,Female,Adana,Beauty,91.08,5,0.0,455.4,Credit Card,Desktop,5,8,False,6,5,1,3
4230,2024-01-18,52,Female,Bursa,Electronics,2837.67,2,336.46,5338.88,Credit Card,Desktop,10,8,True,8,4,1,3
4231,2024-01-18,22,Male,Eskisehir,Food,146.06,1,0.0,146.06,Credit Card,Mobile,41,10,False,3,4,1,3
4232,2024-01-18,23,Male,Konya,Electronics,1431.28,2,0.0,2862.56,Credit Card,Desktop,15,10,True,4,2,1,3
4233,2024-01-18,38,Female,Ankara,Books,102.45,1,0.0,102.45,Bank Transfer,Mobile,5,10,False,12,4,1,3
4234,2024-01-18,32,Male,Ankara,Fashion,70.92,1,3.76,67.16,Credit Card,Desktop,17,9,True,9,1,1,3
4235,2024-01-18,51,Male,Izmir,Home & Garden,656.9,1,0.0,656.9,Credit Card,Tablet,1,7,False,9,5,1,3
4236,2024-01-18,28,Female,Ankara,Toys,41.2,1,3.7,37.5,Credit Card,Mobile,8,13,True,7,5,1,3
4237,2024-01-18,49,Male,Ankara,Fashion,383.58,2,0.0,767.16,Credit Card,Mobile,4,11,True,3,4,1,3
4238,2024-01-18,22,Female,Izmir,Beauty,223.37,1,0.0,223.37,Digital Wallet,Desktop,7,10,True,8,5,1,3
4239,2024-01-18,23,Male,Izmir,Books,36.55,1,0.0,36.55,Debit Card,Mobile,7,10,True,3,4,1,3
4240,2024-01-18,50,Male,Antalya,Food,83.59,1,0.0,83.59,Credit Card,Mobile,34,12,True,9,3,1,3
4241,2024-01-18,33,Female,Izmir,Fashion,453.89,1,0.0,453.89,Cash on Delivery,Desktop,23,8,True,4,4,1,3
4242,2024-01-18,24,Female,Konya,Home & Garden,154.88,2,0.0,309.76,Digital Wallet,Mobile,25,8,True,5,4,1,3
4243,2024-01-18,42,Female,Kayseri,Beauty,89.3,3,0.0,267.9,Debit Card,Desktop,22,5,True,5,4,1,3
4244,2024-01-18,49,Female,Kayseri,Food,121.77,4,0.0,487.08,Digital Wallet,Mobile,10,9,True,6,4,1,3
4245,2024-01-19,39,Female,Ankara,Sports,598.76,1,0.0,598.76,Digital Wallet,Mobile,14,7,False,9,5,1,4
4246,2024-01-19,22,Male,Izmir,Beauty,92.78,4,0.0,371.12,Credit Card,Mobile,21,8,False,6,4,1,4
4247,2024-01-19,37,Male,Istanbul,Books,51.37,1,0.0,51.37,Digital Wallet,Tablet,18,8,False,12,4,1,4
4248,2024-01-19,45,Female,Adana,Toys,133.96,2,0.0,267.92,Credit Card,Desktop,10,7,False,6,3,1,4
4249,2024-01-19,20,Male,Kayseri,Sports,651.62,5,0.0,3258.1,Debit Card,Mobile,7,9,True,7,1,1,4
4250,2024-01-19,18,Female,Ankara,Beauty,115.26,1,0.0,115.26,Credit Card,Mobile,2,11,True,9,4,1,4
4251,2024-01-19,41,Female,Gaziantep,Sports,1128.25,1,0.0,1128.25,Digital Wallet,Mobile,7,11,False,4,3,1,4
4252,2024-01-19,36,Female,Ankara,Sports,439.21,1,0.0,439.21,Debit Card,Mobile,18,7,False,8,4,1,4
4253,2024-01-19,21,Male,Gaziantep,Fashion,208.35,1,0.0,208.35,Credit Card,Desktop,25,4,False,3,3,1,4
4254,2024-01-19,24,Female,Eskisehir,Food,30.76,1,2.66,28.1,Credit Card,Mobile,1,7,True,4,3,1,4
4255,2024-01-19,18,Male,Antalya,Food,43.55,2,0.0,87.1,Credit Card,Desktop,9,13,True,10,3,1,4
4256,2024-01-19,35,Female,Eskisehir,Toys,122.93,1,14.42,108.51,Cash on Delivery,Tablet,10,7,False,5,4,1,4
4257,2024-01-20,38,Female,Gaziantep,Electronics,1421.3,1,0.0,1421.3,Credit Card,Mobile,10,7,False,5,5,1,5
4258,2024-01-20,18,Female,Bursa,Home & Garden,157.5,1,32.54,124.96,Debit Card,Desktop,11,8,False,4,3,1,5
4259,2024-01-20,18,Male,Konya,Fashion,319.45,1,0.0,319.45,Digital Wallet,Mobile,9,12,True,3,5,1,5
4260,2024-01-20,19,Female,Izmir,Books,51.91,1,0.0,51.91,Debit Card,Desktop,8,7,True,4,5,1,5
4261,2024-01-20,23,Male,Adana,Fashion,148.35,4,0.0,593.4,Credit Card,Mobile,21,10,False,4,4,1,5
4262,2024-01-20,45,Female,Adana,Toys,290.37,1,0.0,290.37,Debit Card,Mobile,11,7,False,9,5,1,5
4263,2024-01-20,42,Female,Bursa,Home & Garden,576.56,3,123.39,1606.29,Digital Wallet,Mobile,12,7,True,7,3,1,5
4264,2024-01-20,34,Male,Istanbul,Electronics,2258.91,3,0.0,6776.73,Credit Card,Desktop,10,14,True,9,2,1,5
4265,2024-01-20,34,Female,Kayseri,Books,16.36,3,0.0,49.08,Credit Card,Mobile,26,5,True,7,5,1,5
4266,2024-01-21,43,Female,Ankara,Books,38.26,1,0.0,38.26,Credit Card,Tablet,10,8,True,4,1,1,6
4267,2024-01-21,21,Female,Izmir,Beauty,38.99,1,11.27,27.72,Credit Card,Mobile,13,4,True,3,3,1,6
4268,2024-01-21,51,Female,Bursa,Beauty,232.91,1,0.0,232.91,Debit Card,Tablet,13,17,True,7,5,1,6
4269,2024-01-21,31,Male,Adana,Beauty,336.14,5,0.0,1680.7,Credit Card,Mobile,23,7,False,12,2,1,6
4270,2024-01-21,24,Female,Adana,Beauty,25.38,1,0.0,25.38,Digital Wallet,Desktop,11,9,True,9,2,1,6
4271,2024-01-21,36,Male,Eskisehir,Beauty,65.52,5,0.0,327.6,Bank Transfer,Desktop,20,10,True,6,4,1,6
4272,2024-01-21,32,Female,Adana,Electronics,2780.14,2,508.86,5051.42,Debit Card,Mobile,14,8,True,5,3,1,6
4273,2024-01-21,41,Female,Izmir,Toys,108.97,5,5.92,538.93,Debit Card,Mobile,22,11,True,7,3,1,6
4274,2024-01-21,32,Female,Istanbul,Food,133.03,1,0.0,133.03,Debit Card,Desktop,8,8,False,4,2,1,6
4275,2024-01-21,47,Female,Adana,Electronics,320.64,4,0.0,1282.56,Digital Wallet,Mobile,16,10,True,7,3,1,6
4276,2024-01-21,27,Male,Istanbul,Food,32.1,3,0.0,96.3,Debit Card,Mobile,14,14,False,6,4,1,6
4277,2024-01-21,37,Female,Istanbul,Home & Garden,835.18,5,43.45,4132.45,Debit Card,Desktop,18,8,True,3,5,1,6
4278,2024-01-22,23,Male,Izmir,Books,42.64,5,0.0,213.2,Credit Card,Desktop,13,4,False,9,5,1,0
4279,2024-01-22,40,Male,Istanbul,Electronics,1579.77,1,0.0,1579.77,Credit Card,Tablet,11,12,True,3,5,1,0
4280,2024-01-22,44,Female,Istanbul,Beauty,65.95,5,0.0,329.75,Digital Wallet,Mobile,13,8,False,3,5,1,0
4281,2024-01-22,35,Male,Istanbul,Toys,116.06,1,0.0,116.06,Credit Card,Mobile,13,6,True,11,3,1,0
4282,2024-01-22,36,Female,Bursa,Toys,55.97,2,0.0,111.94,Credit Card,Mobile,14,8,True,6,2,1,0
4283,2024-01-22,24,Male,Eskisehir,Food,186.45,4,0.0,745.8,Digital Wallet,Mobile,12,16,True,3,5,1,0
4284,2024-01-22,42,Female,Istanbul,Books,57.87,2,0.0,115.74,Debit Card,Mobile,11,13,True,4,5,1,0
4285,2024-01-22,47,Male,Konya,Food,43.67,1,0.0,43.67,Credit Card,Mobile,6,10,False,13,5,1,0
4286,2024-01-22,32,Male,Gaziantep,Books,69.99,3,19.94,190.03,Credit Card,Mobile,6,11,True,6,2,1,0
4287,2024-01-22,44,Male,Ankara,Toys,113.19,3,0.0,339.57,Debit Card,Mobile,18,9,False,16,1,1,0
4288,2024-01-22,31,Male,Antalya,Beauty,47.92,1,0.0,47.92,Credit Card,Mobile,16,9,True,5,3,1,0
4289,2024-01-22,38,Male,Istanbul,Food,77.51,1,0.0,77.51,Digital Wallet,Mobile,15,8,True,3,5,1,0
4290,2024-01-22,18,Female,Adana,Electronics,3773.35,3,996.36,10323.69,Credit Card,Mobile,19,10,False,5,5,1,0
4291,2024-01-22,36,Female,Ankara,Fashion,734.37,5,39.36,3632.49,Credit Card,Mobile,11,15,True,3,3,1,0
4292,2024-01-22,47,Male,Istanbul,Beauty,112.98,5,0.0,564.9,Debit Card,Mobile,12,3,False,3,1,1,0
4293,2024-01-22,41,Female,Konya,Beauty,85.29,1,21.32,63.97,Debit Card,Mobile,17,10,True,4,3,1,0
4294,2024-01-23,28,Male,Istanbul,Home & Garden,247.06,2,0.0,494.12,Credit Card,Mobile,15,8,True,7,5,1,1
4295,2024-01-23,24,Female,Ankara,Food,137.26,2,0.0,274.52,Bank Transfer,Mobile,11,8,True,3,4,1,1
4296,2024-01-23,37,Female,Bursa,Sports,101.46,5,0.0,507.3,Credit Card,Tablet,10,11,True,13,4,1,1
4297,2024-01-23,43,Male,Ankara,Beauty,23.25,1,6.62,16.63,Credit Card,Desktop,9,5,True,5,5,1,1
4298,2024-01-23,46,Female,Istanbul,Home & Garden,791.89,1,0.0,791.89,Credit Card,Tablet,1,12,True,7,5,1,1
4299,2024-01-23,64,Male,Kayseri,Sports,114.3,1,0.0,114.3,Cash on Delivery,Mobile,24,9,True,9,4,1,1
4300,2024-01-23,36,Male,Izmir,Food,50.94,1,0.0,50.94,Debit Card,Mobile,11,8,True,15,4,1,1
4301,2024-01-23,33,Male,Istanbul,Home & Garden,316.14,4,0.0,1264.56,Cash on Delivery,Desktop,19,9,False,5,3,1,1
4302,2024-01-24,29,Male,Ankara,Sports,147.72,4,0.0,590.88,Debit Card,Mobile,10,11,True,11,5,1,2
4303,2024-01-24,38,Female,Konya,Beauty,129.46,5,24.39,622.91,Debit Card,Desktop,11,4,True,3,4,1,2
4304,2024-01-24,48,Female,Bursa,Home & Garden,884.81,5,0.0,4424.05,Credit Card,Mobile,31,13,True,3,4,1,2
4305,2024-01-24,19,Male,Kayseri,Sports,471.56,1,0.0,471.56,Credit Card,Tablet,5,10,False,7,5,1,2
4306,2024-01-24,35,Male,Eskisehir,Toys,288.33,1,37.52,250.81,Credit Card,Mobile,14,9,True,5,4,1,2
4307,2024-01-24,34,Female,Ankara,Electronics,1897.1,1,0.0,1897.1,Digital Wallet,Mobile,21,11,True,5,2,1,2
4308,2024-01-24,32,Male,Istanbul,Sports,607.79,2,0.0,1215.58,Credit Card,Desktop,16,11,True,3,4,1,2
4309,2024-01-25,39,Male,Bursa,Beauty,201.2,3,0.0,603.6,Credit Card,Desktop,9,8,True,5,5,1,3
4310,2024-01-25,36,Female,Eskisehir,Toys,163.96,1,0.0,163.96,Cash on Delivery,Mobile,17,7,True,6,2,1,3
4311,2024-01-25,18,Male,Istanbul,Electronics,264.79,2,45.24,484.34,Debit Card,Mobile,6,11,False,11,4,1,3
4312,2024-01-25,34,Male,Bursa,Toys,78.38,4,0.0,313.52,Debit Card,Mobile,25,9,True,5,5,1,3
4313,2024-01-25,35,Male,Istanbul,Food,32.47,1,0.0,32.47,Debit Card,Mobile,14,6,True,1,1,1,3
4314,2024-01-25,47,Male,Ankara,Beauty,51.03,1,0.0,51.03,Cash on Delivery,Desktop,14,10,False,6,4,1,3
4315,2024-01-25,39,Female,Adana,Toys,71.28,1,10.92,60.36,Digital Wallet,Desktop,8,8,True,5,3,1,3
4316,2024-01-25,19,Female,Istanbul,Sports,178.93,1,46.78,132.15,Digital Wallet,Tablet,10,9,False,5,5,1,3
4317,2024-01-25,20,Female,Istanbul,Sports,308.55,3,52.33,873.32,Credit Card,Desktop,27,9,False,7,5,1,3
4318,2024-01-25,39,Female,Bursa,Toys,158.43,1,24.22,134.21,Cash on Delivery,Desktop,15,11,False,3,4,1,3
4319,2024-01-25,36,Female,Konya,Beauty,91.53,1,0.0,91.53,Cash on Delivery,Mobile,13,7,True,8,3,1,3
4320,2024-01-25,57,Male,Istanbul,Food,37.54,1,0.0,37.54,Debit Card,Desktop,10,7,False,3,4,1,3
4321,2024-01-25,59,Male,Istanbul,Toys,116.63,1,0.0,116.63,Digital Wallet,Desktop,11,10,True,7,5,1,3
4322,2024-01-25,31,Female,Kayseri,Beauty,152.71,5,0.0,763.55,Credit Card,Mobile,8,7,False,3,5,1,3
4323,2024-01-25,18,Male,Antalya,Toys,459.97,2,0.0,919.94,Credit Card,Mobile,6,15,True,5,5,1,3
4324,2024-01-25,39,Female,Istanbul,Sports,270.79,4,0.0,1083.16,Digital Wallet,Mobile,3,10,False,4,4,1,3
4325,2024-01-26,33,Male,Istanbul,Food,43.65,2,0.0,87.3,Digital Wallet,Tablet,21,12,False,9,2,1,4
4326,2024-01-26,33,Female,Izmir,Beauty,58.28,4,0.0,233.12,Debit Card,Mobile,9,4,True,2,4,1,4
4327,2024-01-26,41,Female,Ankara,Beauty,173.38,1,0.0,173.38,Digital Wallet,Mobile,16,12,False,5,5,1,4
4328,2024-01-26,41,Female,Ankara,Food,95.1,1,0.0,95.1,Debit Card,Desktop,17,8,True,4,3,1,4
4329,2024-01-26,32,Female,Adana,Electronics,1258.2,5,0.0,6291.0,Bank Transfer,Mobile,17,12,True,5,5,1,4
4330,2024-01-26,47,Male,Antalya,Beauty,139.34,1,0.0,139.34,Cash on Delivery,Mobile,4,7,True,4,4,1,4
4331,2024-01-26,44,Female,Bursa,Fashion,331.18,2,0.0,662.36,Cash on Delivery,Mobile,7,8,True,2,5,1,4
4332,2024-01-26,39,Female,Ankara,Food,34.8,5,0.0,174.0,Credit Card,Mobile,9,11,False,8,5,1,4
4333,2024-01-26,19,Female,Bursa,Sports,1048.67,5,0.0,5243.35,Bank Transfer,Mobile,42,8,False,3,4,1,4
4334,2024-01-26,42,Male,Istanbul,Home & Garden,214.58,1,0.0,214.58,Bank Transfer,Mobile,22,12,False,7,5,1,4
4335,2024-01-26,24,Male,Eskisehir,Books,240.56,3,0.0,721.68,Credit Card,Desktop,10,7,True,4,4,1,4
4336,2024-01-26,48,Female,Gaziantep,Fashion,104.8,3,0.0,314.4,Credit Card,Mobile,24,10,False,3,5,1,4
4337,2024-01-26,32,Male,Antalya,Sports,875.66,1,0.0,875.66,Debit Card,Desktop,17,17,True,2,5,1,4
4338,2024-01-26,37,Female,Gaziantep,Fashion,226.94,5,0.0,1134.7,Credit Card,Mobile,16,9,True,5,4,1,4
4339,2024-01-26,27,Female,Ankara,Toys,63.47,1,0.0,63.47,Digital Wallet,Mobile,15,9,True,4,3,1,4
4340,2024-01-26,47,Female,Adana,Sports,345.35,1,0.0,345.35,Credit Card,Desktop,19,5,False,12,4,1,4
4341,2024-01-26,37,Female,Izmir,Books,126.96,3,0.0,380.88,Digital Wallet,Desktop,19,8,True,3,5,1,4
4342,2024-01-27,33,Male,Adana,Books,18.67,3,4.81,51.2,Credit Card,Mobile,17,10,True,3,5,1,5
4343,2024-01-27,43,Female,Bursa,Fashion,448.52,3,0.0,1345.56,Digital Wallet,Mobile,27,8,True,4,3,1,5
4344,2024-01-27,25,Female,Adana,Home & Garden,1620.79,4,0.0,6483.16,Debit Card,Tablet,17,11,True,8,5,1,5
4345,2024-01-27,37,Female,Antalya,Toys,125.69,3,0.0,377.07,Bank Transfer,Mobile,9,5,True,7,5,1,5
4346,2024-01-27,27,Male,Istanbul,Toys,102.32,1,0.0,102.32,Bank Transfer,Mobile,6,12,True,12,4,1,5
4347,2024-01-27,30,Male,Istanbul,Books,56.59,3,13.73,156.04,Debit Card,Mobile,19,5,True,16,5,1,5
4348,2024-01-27,38,Female,Istanbul,Beauty,175.06,2,0.0,350.12,Bank Transfer,Desktop,7,6,True,5,3,1,5
4349,2024-01-27,49,Male,Istanbul,Sports,229.68,1,0.0,229.68,Debit Card,Mobile,18,14,False,8,5,1,5
4350,2024-01-27,25,Female,Ankara,Food,67.35,1,0.0,67.35,Debit Card,Mobile,9,8,False,11,4,1,5
4351,2024-01-28,36,Female,Istanbul,Fashion,212.7,2,25.02,400.38,Credit Card,Mobile,15,6,True,7,2,1,6
4352,2024-01-28,29,Female,Konya,Home & Garden,225.7,1,0.0,225.7,Credit Card,Mobile,5,7,True,7,5,1,6
4353,2024-01-28,32,Female,Gaziantep,Food,31.58,2,0.0,63.16,Digital Wallet,Tablet,9,10,True,10,3,1,6
4354,2024-01-28,18,Female,Izmir,Electronics,1416.96,1,80.1,1336.86,Bank Transfer,Mobile,32,7,True,9,3,1,6
4355,2024-01-28,45,Male,Ankara,Food,36.56,2,7.83,65.29,Credit Card,Mobile,27,5,False,6,1,1,6
4356,2024-01-28,24,Female,Izmir,Fashion,479.28,1,0.0,479.28,Credit Card,Mobile,12,8,False,8,3,1,6
4357,2024-01-28,23,Female,Izmir,Books,46.18,4,0.0,184.72,Credit Card,Mobile,23,11,True,9,3,1,6
4358,2024-01-28,41,Other,Istanbul,Food,84.1,1,0.0,84.1,Cash on Delivery,Mobile,21,5,False,18,1,1,6
4359,2024-01-28,50,Male,Istanbul,Beauty,41.8,1,0.0,41.8,Digital Wallet,Mobile,17,10,False,5,3,1,6
4360,2024-01-28,35,Female,Istanbul,Books,50.04,4,5.82,194.34,Bank Transfer,Tablet,12,10,False,8,5,1,6
4361,2024-01-28,21,Male,Bursa,Beauty,49.54,3,5.08,143.54,Credit Card,Desktop,17,8,True,3,3,1,6
4362,2024-01-28,18,Female,Istanbul,Books,24.72,1,0.0,24.72,Debit Card,Mobile,8,9,True,5,4,1,6
4363,2024-01-28,19,Male,Adana,Sports,738.36,3,0.0,2215.08,Bank Transfer,Desktop,11,8,True,12,5,1,6
4364,2024-01-29,49,Male,Bursa,Home & Garden,1542.45,3,0.0,4627.35,Cash on Delivery,Mobile,8,10,True,5,3,1,0
4365,2024-01-29,43,Female,Istanbul,Home & Garden,1403.73,5,126.42,6892.23,Digital Wallet,Mobile,22,8,True,6,5,1,0
4366,2024-01-29,32,Male,Bursa,Books,23.05,1,0.0,23.05,Credit Card,Desktop,5,11,False,8,4,1,0
4367,2024-01-29,43,Male,Eskisehir,Electronics,793.34,1,0.0,793.34,Debit Card,Desktop,6,9,True,9,4,1,0
4368,2024-01-29,44,Female,Izmir,Sports,439.39,5,0.0,2196.95,Debit Card,Mobile,13,6,True,6,5,1,0
4369,2024-01-29,18,Other,Adana,Books,64.18,3,14.83,177.71,Debit Card,Desktop,20,11,False,5,3,1,0
4370,2024-01-29,37,Male,Gaziantep,Home & Garden,631.56,5,0.0,3157.8,Digital Wallet,Mobile,9,12,False,6,4,1,0
4371,2024-01-29,38,Female,Ankara,Sports,1025.4,3,90.09,2986.11,Credit Card,Desktop,10,12,True,11,4,1,0
4372,2024-01-29,40,Female,Izmir,Fashion,397.87,1,48.01,349.86,Credit Card,Desktop,22,10,False,6,5,1,0
4373,2024-01-29,18,Male,Eskisehir,Home & Garden,386.71,1,0.0,386.71,Debit Card,Mobile,9,5,True,6,3,1,0
4374,2024-01-29,37,Female,Ankara,Home & Garden,713.19,2,63.83,1362.55,Credit Card,Mobile,7,10,True,7,5,1,0
4375,2024-01-29,22,Male,Izmir,Electronics,732.08,5,0.0,3660.4,Digital Wallet,Tablet,8,8,False,3,2,1,0
4376,2024-01-29,47,Male,Izmir,Books,29.36,4,0.0,117.44,Credit Card,Mobile,14,10,True,8,3,1,0
4377,2024-01-30,26,Female,Gaziantep,Books,26.95,3,0.0,80.85,Credit Card,Mobile,16,10,True,12,3,1,1
4378,2024-01-30,21,Female,Ankara,Sports,391.24,1,0.0,391.24,Debit Card,Desktop,55,16,True,5,4,1,1
4379,2024-01-30,21,Male,Istanbul,Food,45.55,4,0.0,182.2,Credit Card,Mobile,17,10,True,3,2,1,1
4380,2024-01-30,36,Male,Istanbul,Books,44.5,1,12.79,31.71,Debit Card,Desktop,15,10,False,4,5,1,1
4381,2024-01-30,40,Female,Istanbul,Food,107.71,5,25.4,513.15,Bank Transfer,Mobile,11,15,True,13,3,1,1
4382,2024-01-30,44,Female,Konya,Sports,193.85,4,44.4,731.0,Debit Card,Desktop,14,11,False,6,3,1,1
4383,2024-01-30,35,Male,Eskisehir,Beauty,103.09,2,22.68,183.5,Credit Card,Mobile,5,11,False,5,5,1,1
4384,2024-01-30,37,Female,Konya,Toys,377.29,1,88.53,288.76,Debit Card,Desktop,9,11,True,7,5,1,1
4385,2024-01-30,40,Female,Eskisehir,Beauty,105.74,1,0.0,105.74,Credit Card,Mobile,13,10,False,14,4,1,1
4386,2024-01-30,43,Female,Izmir,Books,29.25,2,0.0,58.5,Credit Card,Mobile,4,5,False,6,5,1,1
4387,2024-01-30,41,Male,Ankara,Sports,417.27,5,98.75,1987.6,Bank Transfer,Mobile,5,4,True,3,2,1,1
4388,2024-01-30,42,Female,Izmir,Fashion,92.33,2,21.12,163.54,Debit Card,Mobile,33,5,True,10,4,1,1
4389,2024-01-30,47,Male,Bursa,Fashion,255.81,4,37.14,986.1,Credit Card,Mobile,11,7,False,20,3,1,1
4390,2024-01-31,27,Female,Izmir,Food,64.27,2,0.0,128.54,Debit Card,Desktop,12,12,True,11,2,1,2
4391,2024-01-31,20,Female,Bursa,Home & Garden,489.5,1,0.0,489.5,Credit Card,Mobile,8,11,True,5,3,1,2
4392,2024-01-31,18,Female,Adana,Electronics,1902.65,3,0.0,5707.95,Credit Card,Mobile,19,8,True,9,5,1,2
4393,2024-01-31,47,Female,Ankara,Fashion,405.48,2,0.0,810.96,Bank Transfer,Mobile,6,6,False,13,3,1,2
4394,2024-01-31,40,Female,Istanbul,Home & Garden,1109.21,1,0.0,1109.21,Digital Wallet,Mobile,20,10,True,2,2,1,2
4395,2024-01-31,32,Male,Kayseri,Electronics,2699.1,2,480.87,4917.33,Bank Transfer,Desktop,23,8,False,11,3,1,2
4396,2024-01-31,64,Female,Izmir,Sports,665.21,4,84.55,2576.29,Credit Card,Mobile,24,9,False,12,4,1,2
4397,2024-01-31,36,Female,Izmir,Books,55.46,1,0.0,55.46,Credit Card,Mobile,13,11,True,3,4,1,2
4398,2024-01-31,31,Male,Konya,Fashion,206.68,2,42.32,371.04,Credit Card,Mobile,12,10,True,7,4,1,2
4399,2024-01-31,49,Female,Adana,Beauty,192.64,4,0.0,770.56,Digital Wallet,Tablet,23,11,True,3,4,1,2
4400,2024-01-31,31,Female,Ankara,Fashion,180.45,5,0.0,902.25,Credit Card,Desktop,13,10,True,4,4,1,2
4401,2024-01-31,27,Female,Ankara,Electronics,1888.73,1,421.21,1467.52,Debit Card,Mobile,23,10,True,5,4,1,2
4402,2024-01-31,50,Female,Adana,Sports,284.16,1,0.0,284.16,Digital Wallet,Mobile,5,4,True,7,5,1,2
4403,2024-01-31,18,Female,Kayseri,Electronics,1760.08,1,0.0,1760.08,Debit Card,Mobile,18,5,False,5,5,1,2
4404,2024-01-31,26,Male,Gaziantep,Beauty,188.4,2,0.0,376.8,Cash on Delivery,Desktop,11,7,True,5,4,1,2
4405,2024-02-01,49,Female,Istanbul,Beauty,145.09,1,13.32,131.77,Credit Card,Desktop,11,15,True,10,2,2,3
4406,2024-02-01,32,Female,Bursa,Home & Garden,1214.17,2,74.04,2354.3,Credit Card,Mobile,12,6,True,3,2,2,3
4407,2024-02-01,43,Female,Bursa,Toys,91.59,1,0.0,91.59,Digital Wallet,Mobile,12,11,True,9,5,2,3
4408,2024-02-01,59,Female,Istanbul,Books,48.42,1,0.0,48.42,Digital Wallet,Desktop,14,11,True,9,3,2,3
4409,2024-02-01,53,Male,Ankara,Food,122.83,1,12.96,109.87,Cash on Delivery,Desktop,12,10,True,8,5,2,3
4410,2024-02-01,18,Male,Istanbul,Home & Garden,1036.87,2,0.0,2073.74,Digital Wallet,Mobile,9,12,True,3,2,2,3
4411,2024-02-01,27,Male,Antalya,Sports,375.48,2,0.0,750.96,Digital Wallet,Mobile,7,12,True,1,3,2,3
4412,2024-02-01,18,Male,Istanbul,Sports,818.52,3,0.0,2455.56,Credit Card,Mobile,24,12,True,8,5,2,3
4413,2024-02-01,33,Male,Bursa,Toys,24.91,3,0.0,74.73,Debit Card,Desktop,20,16,False,2,5,2,3
4414,2024-02-01,19,Male,Istanbul,Electronics,1447.74,1,0.0,1447.74,Credit Card,Mobile,11,6,True,5,4,2,3
4415,2024-02-01,27,Male,Istanbul,Home & Garden,958.36,4,236.69,3596.75,Debit Card,Mobile,14,12,True,14,3,2,3
4416,2024-02-02,42,Male,Ankara,Books,54.85,2,0.0,109.7,Cash on Delivery,Desktop,25,8,True,3,4,2,4
4417,2024-02-02,32,Female,Ankara,Books,31.4,4,3.6,122.0,Debit Card,Mobile,11,7,True,9,5,2,4
4418,2024-02-02,37,Female,Antalya,Home & Garden,188.7,2,0.0,377.4,Digital Wallet,Mobile,3,4,False,3,3,2,4
4419,2024-02-02,35,Other,Istanbul,Beauty,49.17,5,14.63,231.22,Digital Wallet,Mobile,2,10,False,4,4,2,4
4420,2024-02-02,24,Male,Ankara,Beauty,64.77,5,0.0,323.85,Credit Card,Mobile,27,8,False,2,5,2,4
4421,2024-02-02,33,Male,Istanbul,Food,44.54,1,0.0,44.54,Digital Wallet,Desktop,16,9,True,2,1,2,4
4422,2024-02-02,18,Female,Bursa,Sports,816.99,4,154.67,3113.29,Credit Card,Mobile,8,5,True,8,1,2,4
4423,2024-02-02,49,Male,Ankara,Fashion,307.16,1,0.0,307.16,Bank Transfer,Mobile,4,13,False,5,5,2,4
4424,2024-02-02,34,Male,Istanbul,Sports,796.16,3,0.0,2388.48,Credit Card,Mobile,4,6,True,7,1,2,4
4425,2024-02-02,18,Female,Ankara,Sports,454.93,1,0.0,454.93,Credit Card,Desktop,15,10,True,6,5,2,4
4426,2024-02-02,51,Male,Eskisehir,Fashion,290.03,1,52.74,237.29,Credit Card,Desktop,25,9,True,7,5,2,4
4427,2024-02-02,54,Female,Antalya,Home & Garden,928.0,1,86.7,841.3,Debit Card,Desktop,14,10,True,9,2,2,4
4428,2024-02-02,34,Male,Adana,Toys,153.06,2,0.0,306.12,Digital Wallet,Mobile,13,13,True,5,4,2,4
4429,2024-02-03,35,Female,Ankara,Sports,482.16,2,0.0,964.32,Credit Card,Mobile,12,12,False,14,3,2,5
4430,2024-02-03,66,Female,Istanbul,Beauty,69.78,3,16.33,193.01,Credit Card,Mobile,6,10,True,5,4,2,5
4431,2024-02-03,18,Male,Istanbul,Electronics,2443.72,4,422.21,9352.67,Digital Wallet,Mobile,8,15,True,4,5,2,5
4432,2024-02-03,24,Male,Konya,Home & Garden,634.98,2,0.0,1269.96,Credit Card,Mobile,9,7,True,3,3,2,5
4433,2024-02-03,22,Male,Gaziantep,Electronics,2650.15,2,467.08,4833.22,Credit Card,Mobile,46,6,True,8,5,2,5
4434,2024-02-03,37,Female,Izmir,Home & Garden,993.24,1,139.35,853.89,Credit Card,Mobile,9,9,False,14,4,2,5
4435,2024-02-03,18,Female,Izmir,Electronics,3430.43,1,0.0,3430.43,Credit Card,Desktop,4,9,False,1,3,2,5
4436,2024-02-03,50,Female,Gaziantep,Toys,137.25,5,0.0,686.25,Credit Card,Mobile,10,7,True,7,1,2,5
4437,2024-02-03,34,Male,Ankara,Home & Garden,1043.27,1,0.0,1043.27,Credit Card,Mobile,7,10,False,7,5,2,5
4438,2024-02-03,38,Male,Bursa,Home & Garden,1791.72,3,0.0,5375.16,Credit Card,Desktop,23,9,True,7,4,2,5
4439,2024-02-03,62,Male,Konya,Sports,953.88,2,0.0,1907.76,Credit Card,Mobile,14,11,True,3,5,2,5
4440,2024-02-03,23,Female,Antalya,Books,65.48,1,0.0,65.48,Credit Card,Mobile,12,15,False,8,5,2,5
4441,2024-02-04,38,Female,Ankara,Sports,292.22,1,0.0,292.22,Credit Card,Desktop,6,10,True,11,4,2,6
4442,2024-02-04,37,Female,Bursa,Toys,97.83,2,0.0,195.66,Digital Wallet,Mobile,17,7,False,4,4,2,6
4443,2024-02-04,50,Male,Ankara,Electronics,3440.0,4,0.0,13760.0,Digital Wallet,Mobile,13,7,False,7,1,2,6
4444,2024-02-04,34,Male,Istanbul,Toys,31.33,1,0.0,31.33,Credit Card,Desktop,5,12,False,19,5,2,6
4445,2024-02-04,49,Male,Istanbul,Beauty,66.83,1,0.0,66.83,Cash on Delivery,Desktop,20,11,False,6,4,2,6
4446,2024-02-04,47,Male,Gaziantep,Home & Garden,865.33,1,0.0,865.33,Cash on Delivery,Desktop,8,3,True,4,5,2,6
4447,2024-02-04,35,Other,Bursa,Electronics,351.67,1,0.0,351.67,Digital Wallet,Desktop,31,8,False,3,2,2,6
4448,2024-02-05,28,Male,Istanbul,Home & Garden,222.24,5,0.0,1111.2,Debit Card,Mobile,12,5,False,13,4,2,0
4449,2024-02-05,26,Female,Konya,Sports,432.7,3,0.0,1298.1,Bank Transfer,Mobile,11,9,False,3,4,2,0
4450,2024-02-05,44,Other,Istanbul,Food,192.26,4,0.0,769.04,Bank Transfer,Mobile,7,9,True,4,4,2,0
4451,2024-02-05,55,Female,Izmir,Toys,313.64,1,89.14,224.5,Credit Card,Mobile,14,10,True,2,4,2,0
4452,2024-02-05,41,Female,Gaziantep,Electronics,1578.39,3,0.0,4735.17,Debit Card,Desktop,14,9,True,5,4,2,0
4453,2024-02-05,37,Male,Antalya,Books,29.85,1,3.41,26.44,Credit Card,Desktop,34,10,False,3,4,2,0
4454,2024-02-05,36,Male,Gaziantep,Home & Garden,520.05,2,0.0,1040.1,Debit Card,Desktop,9,11,False,8,3,2,0
4455,2024-02-05,46,Male,Bursa,Books,48.73,2,0.0,97.46,Credit Card,Mobile,8,8,True,5,4,2,0
4456,2024-02-06,28,Male,Ankara,Beauty,27.22,4,5.68,103.2,Debit Card,Mobile,17,10,True,7,4,2,1
4457,2024-02-06,20,Female,Kayseri,Sports,766.66,2,0.0,1533.32,Credit Card,Mobile,13,6,False,2,4,2,1
4458,2024-02-06,18,Male,Gaziantep,Books,25.07,1,0.0,25.07,Digital Wallet,Mobile,6,7,True,10,3,2,1
4459,2024-02-06,37,Female,Izmir,Home & Garden,239.81,5,0.0,1199.05,Credit Card,Desktop,18,8,True,10,5,2,1
4460,2024-02-06,37,Female,Gaziantep,Fashion,57.09,1,0.0,57.09,Credit Card,Mobile,8,9,True,2,4,2,1
4461,2024-02-06,23,Female,Gaziantep,Home & Garden,668.54,4,0.0,2674.16,Cash on Delivery,Mobile,8,12,False,7,5,2,1
4462,2024-02-06,27,Female,Izmir,Food,37.4,3,0.0,112.2,Digital Wallet,Desktop,11,9,True,3,4,2,1
4463,2024-02-06,48,Female,Izmir,Fashion,56.16,2,13.26,99.06,Debit Card,Mobile,7,8,True,4,4,2,1
4464,2024-02-06,23,Female,Adana,Electronics,957.46,3,0.0,2872.38,Bank Transfer,Mobile,2,10,True,16,1,2,1
4465,2024-02-06,47,Male,Istanbul,Home & Garden,843.76,4,0.0,3375.04,Debit Card,Mobile,16,9,False,3,4,2,1
4466,2024-02-06,34,Female,Konya,Beauty,172.43,1,0.0,172.43,Credit Card,Mobile,11,8,False,7,4,2,1
4467,2024-02-06,18,Male,Eskisehir,Books,87.3,2,0.0,174.6,Bank Transfer,Mobile,3,11,False,6,4,2,1
4468,2024-02-06,45,Female,Antalya,Sports,801.16,1,0.0,801.16,Debit Card,Mobile,10,12,True,5,5,2,1
4469,2024-02-06,49,Female,Bursa,Beauty,58.54,1,0.0,58.54,Credit Card,Mobile,6,10,True,3,3,2,1
4470,2024-02-06,51,Female,Istanbul,Books,19.36,3,0.0,58.08,Credit Card,Desktop,9,12,True,8,5,2,1
4471,2024-02-06,41,Male,Ankara,Books,63.0,1,0.0,63.0,Bank Transfer,Mobile,16,11,True,12,5,2,1
4472,2024-02-07,53,Male,Istanbul,Toys,326.16,1,28.55,297.61,Cash on Delivery,Desktop,22,5,True,7,5,2,2
4473,2024-02-07,34,Male,Izmir,Beauty,75.33,1,0.0,75.33,Debit Card,Desktop,5,5,False,3,5,2,2
4474,2024-02-07,42,Female,Izmir,Fashion,94.57,1,0.0,94.57,Credit Card,Desktop,3,11,True,7,4,2,2
4475,2024-02-07,26,Female,Antalya,Beauty,358.67,5,32.31,1761.04,Credit Card,Mobile,12,11,True,13,4,2,2
4476,2024-02-07,70,Male,Konya,Sports,282.21,2,0.0,564.42,Credit Card,Mobile,23,8,False,3,5,2,2
4477,2024-02-07,45,Female,Konya,Fashion,294.48,5,50.76,1421.64,Bank Transfer,Desktop,27,13,False,11,5,2,2
4478,2024-02-07,30,Female,Istanbul,Fashion,383.69,1,0.0,383.69,Credit Card,Tablet,7,11,False,5,4,2,2
4479,2024-02-07,51,Male,Istanbul,Food,31.95,1,0.0,31.95,Credit Card,Desktop,24,12,False,5,1,2,2
4480,2024-02-07,18,Female,Istanbul,Fashion,509.89,1,0.0,509.89,Digital Wallet,Mobile,12,5,True,7,5,2,2
4481,2024-02-08,46,Female,Antalya,Fashion,211.19,1,0.0,211.19,Credit Card,Desktop,24,13,False,4,4,2,3
4482,2024-02-08,18,Female,Ankara,Toys,236.89,4,0.0,947.56,Digital Wallet,Tablet,6,7,True,9,5,2,3
4483,2024-02-08,19,Male,Konya,Electronics,2441.28,2,430.41,4452.15,Debit Card,Mobile,21,11,False,5,5,2,3
4484,2024-02-08,41,Male,Istanbul,Electronics,461.16,1,0.0,461.16,Debit Card,Mobile,10,9,True,7,4,2,3
4485,2024-02-08,61,Female,Adana,Fashion,357.04,1,0.0,357.04,Credit Card,Mobile,15,14,False,3,4,2,3
4486,2024-02-08,59,Female,Eskisehir,Food,75.44,2,11.14,139.74,Credit Card,Mobile,9,5,False,6,4,2,3
4487,2024-02-08,30,Female,Eskisehir,Food,125.42,1,17.46,107.96,Bank Transfer,Mobile,5,5,True,4,5,2,3
4488,2024-02-08,35,Female,Ankara,Home & Garden,278.19,1,0.0,278.19,Credit Card,Desktop,6,15,True,8,5,2,3
4489,2024-02-08,60,Female,Ankara,Toys,147.88,1,28.61,119.27,Digital Wallet,Desktop,6,5,True,9,3,2,3
4490,2024-02-08,37,Female,Bursa,Home & Garden,1735.15,1,123.1,1612.05,Credit Card,Mobile,7,7,True,5,5,2,3
4491,2024-02-08,18,Female,Ankara,Fashion,135.41,2,0.0,270.82,Digital Wallet,Desktop,18,11,True,6,5,2,3
4492,2024-02-09,38,Male,Izmir,Beauty,88.38,1,0.0,88.38,Credit Card,Mobile,22,8,True,9,4,2,4
4493,2024-02-09,50,Male,Ankara,Toys,254.68,1,0.0,254.68,Debit Card,Mobile,8,8,True,10,4,2,4
4494,2024-02-09,37,Female,Izmir,Beauty,91.95,5,0.0,459.75,Credit Card,Mobile,19,15,True,6,5,2,4
4495,2024-02-09,47,Male,Ankara,Electronics,1287.11,1,331.89,955.22,Debit Card,Mobile,4,8,True,6,5,2,4
4496,2024-02-09,31,Female,Istanbul,Books,40.46,5,0.0,202.3,Credit Card,Desktop,7,11,False,5,2,2,4
4497,2024-02-09,23,Female,Gaziantep,Sports,273.32,4,0.0,1093.28,Digital Wallet,Desktop,12,12,True,8,5,2,4
4498,2024-02-09,27,Female,Istanbul,Sports,1181.43,1,0.0,1181.43,Credit Card,Mobile,10,9,False,11,4,2,4
4499,2024-02-09,32,Female,Eskisehir,Books,78.75,1,0.0,78.75,Debit Card,Tablet,11,10,False,4,5,2,4
4500,2024-02-09,29,Female,Gaziantep,Food,62.66,2,5.33,119.99,Credit Card,Tablet,18,4,False,6,5,2,4
4501,2024-02-09,37,Male,Antalya,Beauty,58.64,5,16.39,276.81,Credit Card,Mobile,9,14,True,2,3,2,4
4502,2024-02-09,49,Female,Antalya,Books,126.0,1,36.46,89.54,Debit Card,Desktop,16,9,True,2,3,2,4
4503,2024-02-10,24,Female,Adana,Electronics,1611.84,1,0.0,1611.84,Credit Card,Mobile,11,10,False,4,4,2,5
4504,2024-02-10,34,Female,Istanbul,Food,23.39,3,2.11,68.06,Debit Card,Mobile,8,9,False,12,4,2,5
4505,2024-02-10,28,Female,Adana,Toys,98.83,1,0.0,98.83,Credit Card,Desktop,11,9,False,9,1,2,5
4506,2024-02-10,53,Female,Ankara,Beauty,228.67,5,0.0,1143.35,Credit Card,Mobile,7,12,False,7,4,2,5
4507,2024-02-10,33,Female,Bursa,Home & Garden,341.56,1,66.19,275.37,Debit Card,Mobile,21,11,True,10,4,2,5
4508,2024-02-10,29,Male,Istanbul,Sports,632.68,3,0.0,1898.04,Debit Card,Desktop,11,9,True,7,5,2,5
4509,2024-02-10,37,Female,Istanbul,Beauty,62.57,3,9.0,178.71,Debit Card,Mobile,10,10,True,7,4,2,5
4510,2024-02-10,58,Female,Izmir,Electronics,2037.9,1,0.0,2037.9,Debit Card,Mobile,24,8,True,4,4,2,5
4511,2024-02-10,21,Female,Istanbul,Beauty,77.71,1,11.31,66.4,Credit Card,Mobile,7,10,True,4,3,2,5
4512,2024-02-10,52,Male,Izmir,Food,187.07,4,0.0,748.28,Digital Wallet,Desktop,7,8,True,2,4,2,5
4513,2024-02-10,50,Female,Izmir,Toys,190.51,5,0.0,952.55,Credit Card,Tablet,14,12,True,4,5,2,5
4514,2024-02-10,32,Male,Bursa,Toys,28.21,1,0.0,28.21,Cash on Delivery,Desktop,6,11,True,3,4,2,5
4515,2024-02-10,27,Male,Istanbul,Beauty,199.4,2,0.0,398.8,Credit Card,Tablet,13,8,True,11,4,2,5
4516,2024-02-11,34,Male,Ankara,Toys,251.83,1,14.81,237.02,Bank Transfer,Mobile,12,5,True,7,5,2,6
4517,2024-02-11,42,Female,Antalya,Toys,205.18,1,27.17,178.01,Debit Card,Mobile,8,3,True,8,4,2,6
4518,2024-02-11,21,Female,Istanbul,Fashion,688.58,1,0.0,688.58,Credit Card,Desktop,12,11,True,5,2,2,6
4519,2024-02-11,35,Male,Ankara,Food,65.03,1,0.0,65.03,Debit Card,Desktop,8,10,False,7,4,2,6
4520,2024-02-11,19,Female,Gaziantep,Food,123.4,2,0.0,246.8,Cash on Delivery,Mobile,23,9,True,8,5,2,6
4521,2024-02-11,33,Female,Ankara,Beauty,50.77,1,8.91,41.86,Credit Card,Mobile,24,7,True,16,1,2,6
4522,2024-02-11,37,Female,Antalya,Beauty,21.62,5,0.0,108.1,Bank Transfer,Desktop,16,9,False,8,5,2,6
4523,2024-02-12,56,Male,Izmir,Electronics,3155.43,4,0.0,12621.72,Credit Card,Mobile,18,15,False,8,4,2,0
4524,2024-02-12,18,Male,Istanbul,Books,84.59,2,0.0,169.18,Debit Card,Desktop,12,7,False,10,5,2,0
4525,2024-02-12,47,Female,Ankara,Electronics,1718.17,1,104.35,1613.82,Credit Card,Mobile,32,8,False,4,4,2,0
4526,2024-02-12,37,Female,Gaziantep,Books,76.68,1,0.0,76.68,Debit Card,Mobile,12,8,False,3,4,2,0
4527,2024-02-12,28,Female,Istanbul,Electronics,1521.52,1,346.78,1174.74,Credit Card,Mobile,20,8,True,8,5,2,0
4528,2024-02-12,38,Male,Istanbul,Books,11.66,1,0.0,11.66,Credit Card,Mobile,18,6,True,9,4,2,0
4529,2024-02-12,52,Male,Konya,Sports,1385.22,5,148.17,6777.93,Credit Card,Mobile,15,8,True,7,5,2,0
4530,2024-02-12,18,Male,Adana,Books,60.7,1,0.0,60.7,Bank Transfer,Desktop,6,13,True,4,5,2,0
4531,2024-02-12,26,Female,Istanbul,Fashion,100.18,1,0.0,100.18,Credit Card,Desktop,7,7,False,7,5,2,0
4532,2024-02-12,28,Female,Istanbul,Beauty,71.11,4,0.0,284.44,Bank Transfer,Tablet,16,10,True,6,4,2,0
4533,2024-02-12,18,Male,Ankara,Sports,694.28,1,0.0,694.28,Bank Transfer,Desktop,9,5,False,7,3,2,0
4534,2024-02-12,40,Other,Istanbul,Books,47.61,5,0.0,238.05,Credit Card,Mobile,25,9,False,8,4,2,0
4535,2024-02-12,37,Female,Ankara,Electronics,868.93,3,0.0,2606.79,Debit Card,Desktop,3,12,True,13,5,2,0
4536,2024-02-12,31,Male,Istanbul,Toys,175.34,1,27.85,147.49,Debit Card,Mobile,18,15,False,10,1,2,0
4537,2024-02-12,35,Female,Ankara,Sports,221.4,2,0.0,442.8,Digital Wallet,Desktop,20,10,True,11,3,2,0
4538,2024-02-12,52,Female,Ankara,Food,38.31,2,0.0,76.62,Digital Wallet,Desktop,48,11,False,4,4,2,0
4539,2024-02-12,48,Female,Ankara,Sports,1721.66,2,0.0,3443.32,Credit Card,Mobile,14,10,False,1,4,2,0
4540,2024-02-13,34,Male,Konya,Electronics,5380.91,3,379.74,15762.99,Debit Card,Mobile,17,10,True,5,3,2,1
4541,2024-02-13,31,Female,Ankara,Beauty,73.52,1,19.64,53.88,Debit Card,Mobile,12,2,True,21,4,2,1
4542,2024-02-13,32,Male,Konya,Sports,485.52,1,37.01,448.51,Credit Card,Desktop,22,13,False,7,4,2,1
4543,2024-02-13,63,Female,Ankara,Electronics,4900.71,1,0.0,4900.71,Digital Wallet,Desktop,6,8,False,5,4,2,1
4544,2024-02-13,33,Female,Kayseri,Books,21.11,2,0.0,42.22,Digital Wallet,Tablet,8,8,True,4,5,2,1
4545,2024-02-13,34,Female,Konya,Beauty,114.54,1,25.4,89.14,Bank Transfer,Desktop,14,9,True,4,3,2,1
4546,2024-02-13,33,Male,Bursa,Home & Garden,417.21,1,0.0,417.21,Debit Card,Desktop,5,7,False,4,5,2,1
4547,2024-02-14,36,Male,Istanbul,Fashion,253.71,1,0.0,253.71,Credit Card,Desktop,11,13,True,4,2,2,2
4548,2024-02-14,32,Female,Izmir,Beauty,57.66,1,0.0,57.66,Credit Card,Mobile,6,7,False,9,4,2,2
4549,2024-02-14,31,Male,Istanbul,Food,90.82,1,0.0,90.82,Digital Wallet,Mobile,19,8,True,6,5,2,2
4550,2024-02-14,23,Male,Istanbul,Food,61.95,1,0.0,61.95,Credit Card,Tablet,8,8,True,7,5,2,2
4551,2024-02-14,18,Male,Antalya,Sports,517.23,1,0.0,517.23,Credit Card,Desktop,19,7,False,5,4,2,2
4552,2024-02-14,34,Female,Adana,Sports,350.12,1,53.31,296.81,Credit Card,Tablet,10,4,True,6,5,2,2
4553,2024-02-14,35,Male,Antalya,Sports,214.15,2,0.0,428.3,Digital Wallet,Desktop,4,4,False,3,5,2,2
4554,2024-02-14,41,Male,Ankara,Food,124.77,1,21.1,103.67,Credit Card,Mobile,22,7,True,7,4,2,2
4555,2024-02-14,40,Male,Bursa,Electronics,1999.27,2,0.0,3998.54,Credit Card,Desktop,18,5,True,3,3,2,2
4556,2024-02-15,32,Male,Gaziantep,Electronics,2681.41,2,0.0,5362.82,Debit Card,Mobile,11,10,True,3,3,2,3
4557,2024-02-15,26,Male,Konya,Toys,109.86,1,20.53,89.33,Debit Card,Mobile,17,14,False,5,5,2,3
4558,2024-02-15,32,Female,Istanbul,Home & Garden,261.0,4,0.0,1044.0,Cash on Delivery,Mobile,5,9,False,5,2,2,3
4559,2024-02-15,41,Female,Izmir,Books,17.02,1,3.85,13.17,Credit Card,Mobile,18,9,True,4,5,2,3
4560,2024-02-15,25,Male,Ankara,Sports,108.46,5,0.0,542.3,Credit Card,Mobile,25,8,True,8,5,2,3
4561,2024-02-15,26,Male,Eskisehir,Fashion,342.04,2,102.2,581.88,Cash on Delivery,Mobile,22,4,False,4,3,2,3
4562,2024-02-15,43,Male,Adana,Fashion,91.1,3,0.0,273.3,Credit Card,Desktop,20,11,True,5,5,2,3
4563,2024-02-15,30,Male,Adana,Beauty,79.59,1,0.0,79.59,Debit Card,Desktop,9,13,True,5,4,2,3
4564,2024-02-15,53,Female,Antalya,Beauty,157.96,1,42.5,115.46,Debit Card,Desktop,19,15,False,6,2,2,3
4565,2024-02-16,30,Male,Eskisehir,Beauty,98.77,1,0.0,98.77,Debit Card,Desktop,6,9,True,8,5,2,4
4566,2024-02-16,18,Male,Antalya,Sports,571.79,1,92.29,479.5,Cash on Delivery,Mobile,18,11,False,11,5,2,4
4567,2024-02-16,38,Male,Ankara,Food,89.86,1,0.0,89.86,Credit Card,Desktop,30,9,True,10,5,2,4
4568,2024-02-16,30,Male,Adana,Fashion,178.01,1,0.0,178.01,Debit Card,Desktop,24,8,False,2,4,2,4
4569,2024-02-16,40,Male,Antalya,Beauty,209.64,1,43.99,165.65,Credit Card,Mobile,8,8,True,5,4,2,4
4570,2024-02-16,25,Male,Eskisehir,Food,121.66,5,11.0,597.3,Bank Transfer,Mobile,15,12,True,5,5,2,4
4571,2024-02-16,38,Female,Eskisehir,Home & Garden,1527.54,1,0.0,1527.54,Credit Card,Desktop,30,16,False,3,2,2,4
4572,2024-02-16,32,Female,Eskisehir,Electronics,1657.25,1,0.0,1657.25,Credit Card,Desktop,12,8,True,3,2,2,4
4573,2024-02-16,43,Female,Istanbul,Home & Garden,797.48,3,0.0,2392.44,Credit Card,Desktop,17,10,False,11,4,2,4
4574,2024-02-16,42,Male,Antalya,Beauty,142.66,2,0.0,285.32,Credit Card,Mobile,13,12,True,8,4,2,4
4575,2024-02-16,31,Male,Ankara,Toys,412.98,5,21.46,2043.44,Credit Card,Tablet,6,6,True,1,3,2,4
4576,2024-02-16,18,Male,Bursa,Home & Garden,395.55,2,0.0,791.1,Bank Transfer,Tablet,9,10,False,7,4,2,4
4577,2024-02-16,38,Female,Antalya,Home & Garden,1303.46,4,381.24,4832.6,Digital Wallet,Tablet,13,11,True,12,5,2,4
4578,2024-02-16,29,Other,Istanbul,Books,23.59,1,0.0,23.59,Digital Wallet,Mobile,5,9,True,8,5,2,4
4579,2024-02-17,36,Female,Kayseri,Electronics,2456.54,1,0.0,2456.54,Credit Card,Mobile,16,6,False,5,1,2,5
4580,2024-02-17,18,Female,Bursa,Home & Garden,281.1,2,0.0,562.2,Credit Card,Desktop,25,9,True,8,4,2,5
4581,2024-02-17,23,Female,Antalya,Fashion,501.52,2,0.0,1003.04,Credit Card,Mobile,1,8,True,10,1,2,5
4582,2024-02-17,40,Female,Konya,Books,23.11,3,0.0,69.33,Debit Card,Desktop,16,6,False,10,5,2,5
4583,2024-02-17,18,Female,Antalya,Fashion,289.04,2,0.0,578.08,Digital Wallet,Desktop,18,8,False,3,5,2,5
4584,2024-02-17,21,Male,Ankara,Electronics,949.24,1,0.0,949.24,Digital Wallet,Tablet,12,12,True,4,5,2,5
4585,2024-02-17,28,Female,Istanbul,Beauty,78.42,2,13.55,143.29,Bank Transfer,Mobile,22,7,True,4,5,2,5
4586,2024-02-17,34,Female,Istanbul,Books,30.42,2,7.17,53.67,Cash on Delivery,Mobile,15,8,True,3,4,2,5
4587,2024-02-17,38,Female,Bursa,Toys,132.41,2,0.0,264.82,Debit Card,Mobile,19,7,True,2,4,2,5
4588,2024-02-17,32,Female,Gaziantep,Food,96.26,5,17.83,463.47,Credit Card,Desktop,4,7,True,8,4,2,5
4589,2024-02-17,37,Male,Izmir,Beauty,91.66,4,4.77,361.87,Debit Card,Mobile,12,7,False,2,5,2,5
4590,2024-02-17,38,Female,Ankara,Electronics,2082.45,1,263.86,1818.59,Credit Card,Desktop,4,14,True,2,4,2,5
4591,2024-02-18,32,Female,Ankara,Toys,88.12,4,0.0,352.48,Debit Card,Mobile,8,5,False,6,3,2,6
4592,2024-02-18,41,Female,Istanbul,Electronics,4404.78,5,0.0,22023.9,Credit Card,Mobile,23,7,False,2,5,2,6
4593,2024-02-18,51,Male,Istanbul,Fashion,76.66,1,0.0,76.66,Credit Card,Mobile,9,9,True,4,2,2,6
4594,2024-02-18,46,Female,Antalya,Beauty,212.34,1,0.0,212.34,Cash on Delivery,Mobile,19,10,True,6,5,2,6
4595,2024-02-18,18,Male,Bursa,Beauty,267.26,2,0.0,534.52,Bank Transfer,Desktop,15,10,False,9,5,2,6
4596,2024-02-18,18,Female,Kayseri,Home & Garden,1354.59,1,372.17,982.42,Cash on Delivery,Mobile,15,9,True,8,4,2,6
4597,2024-02-18,38,Other,Gaziantep,Fashion,187.42,1,0.0,187.42,Credit Card,Desktop,9,9,False,6,1,2,6
4598,2024-02-18,52,Male,Bursa,Electronics,1064.76,2,0.0,2129.52,Credit Card,Desktop,10,4,True,8,5,2,6
4599,2024-02-18,32,Male,Izmir,Beauty,246.17,5,0.0,1230.85,Digital Wallet,Mobile,31,13,True,9,3,2,6
4600,2024-02-18,37,Female,Izmir,Toys,146.1,1,0.0,146.1,Bank Transfer,Mobile,7,8,True,5,4,2,6
4601,2024-02-18,50,Male,Istanbul,Sports,343.43,1,0.0,343.43,Credit Card,Desktop,17,8,False,6,5,2,6
4602,2024-02-18,37,Female,Istanbul,Books,62.59,5,0.0,312.95,Credit Card,Tablet,27,9,True,5,4,2,6
4603,2024-02-19,18,Female,Izmir,Books,20.93,5,0.0,104.65,Credit Card,Desktop,5,8,True,4,4,2,0
4604,2024-02-19,31,Female,Antalya,Toys,107.68,1,0.0,107.68,Cash on Delivery,Desktop,11,10,False,4,2,2,0
4605,2024-02-19,20,Male,Istanbul,Sports,503.69,5,93.97,2424.48,Bank Transfer,Mobile,2,8,True,11,5,2,0
4606,2024-02-19,49,Male,Eskisehir,Sports,150.73,1,20.24,130.49,Debit Card,Desktop,9,12,True,3,3,2,0
4607,2024-02-19,29,Male,Eskisehir,Beauty,259.2,5,43.75,1252.25,Bank Transfer,Mobile,30,14,True,6,5,2,0
4608,2024-02-19,28,Female,Istanbul,Books,22.66,1,0.0,22.66,Debit Card,Desktop,17,5,False,9,4,2,0
4609,2024-02-19,34,Male,Kayseri,Fashion,563.62,1,0.0,563.62,Debit Card,Mobile,17,9,True,5,5,2,0
4610,2024-02-19,39,Female,Istanbul,Fashion,137.99,5,27.15,662.8,Credit Card,Mobile,13,15,False,2,4,2,0
4611,2024-02-19,23,Female,Bursa,Electronics,1739.1,2,117.64,3360.56,Digital Wallet,Mobile,39,8,True,5,3,2,0
4612,2024-02-19,26,Female,Adana,Sports,1388.12,5,253.45,6687.15,Debit Card,Desktop,5,8,True,10,2,2,0
4613,2024-02-20,36,Female,Ankara,Books,32.55,1,0.0,32.55,Credit Card,Tablet,2,11,False,9,3,2,1
4614,2024-02-20,28,Female,Istanbul,Beauty,149.29,4,0.0,597.16,Credit Card,Desktop,12,4,True,10,5,2,1
4615,2024-02-20,18,Male,Ankara,Sports,1284.41,4,262.29,4875.35,Credit Card,Mobile,11,12,False,12,2,2,1
4616,2024-02-20,26,Male,Istanbul,Electronics,5242.0,3,0.0,15726.0,Credit Card,Tablet,18,7,False,6,5,2,1
4617,2024-02-20,41,Female,Ankara,Food,128.13,1,0.0,128.13,Digital Wallet,Mobile,11,5,True,9,2,2,1
4618,2024-02-20,41,Male,Antalya,Home & Garden,500.76,2,0.0,1001.52,Bank Transfer,Desktop,9,12,True,9,5,2,1
4619,2024-02-20,30,Female,Gaziantep,Sports,168.39,1,0.0,168.39,Credit Card,Tablet,3,7,False,5,2,2,1
4620,2024-02-20,49,Male,Istanbul,Fashion,84.47,1,15.05,69.42,Debit Card,Mobile,32,7,False,13,4,2,1
4621,2024-02-20,44,Male,Kayseri,Beauty,31.21,4,0.0,124.84,Debit Card,Mobile,7,13,True,4,4,2,1
4622,2024-02-20,35,Male,Adana,Toys,219.57,1,0.0,219.57,Digital Wallet,Mobile,13,8,True,7,2,2,1
4623,2024-02-21,36,Male,Izmir,Electronics,3283.54,1,0.0,3283.54,Debit Card,Mobile,17,6,True,5,1,2,2
4624,2024-02-21,43,Male,Kayseri,Books,31.14,1,0.0,31.14,Digital Wallet,Desktop,15,8,False,9,4,2,2
4625,2024-02-21,24,Male,Adana,Books,80.76,1,0.0,80.76,Credit Card,Desktop,10,6,False,5,5,2,2
4626,2024-02-21,32,Male,Izmir,Toys,138.62,4,0.0,554.48,Credit Card,Tablet,9,7,True,8,2,2,2
4627,2024-02-21,42,Male,Antalya,Food,63.03,4,0.0,252.12,Credit Card,Mobile,5,4,True,13,2,2,2
4628,2024-02-21,26,Female,Adana,Beauty,169.77,1,31.93,137.84,Digital Wallet,Desktop,23,4,True,7,5,2,2
4629,2024-02-21,26,Male,Kayseri,Toys,153.17,1,0.0,153.17,Credit Card,Desktop,9,10,True,13,1,2,2
4630,2024-02-21,43,Female,Adana,Books,84.88,5,0.0,424.4,Credit Card,Desktop,7,5,False,17,5,2,2
4631,2024-02-21,41,Female,Istanbul,Fashion,628.34,1,0.0,628.34,Bank Transfer,Desktop,8,11,True,5,4,2,2
4632,2024-02-21,35,Male,Eskisehir,Books,68.82,2,6.05,131.59,Credit Card,Mobile,24,12,True,8,5,2,2
4633,2024-02-22,37,Female,Bursa,Food,15.15,2,1.5,28.8,Credit Card,Mobile,15,8,False,5,5,2,3
4634,2024-02-22,34,Male,Kayseri,Beauty,71.37,1,0.0,71.37,Debit Card,Desktop,12,9,False,4,2,2,3
4635,2024-02-22,18,Female,Konya,Electronics,4033.94,1,0.0,4033.94,Debit Card,Tablet,14,12,True,4,5,2,3
4636,2024-02-22,41,Male,Antalya,Food,99.82,1,0.0,99.82,Credit Card,Mobile,22,8,False,4,4,2,3
4637,2024-02-22,37,Female,Izmir,Beauty,59.07,1,0.0,59.07,Credit Card,Desktop,8,5,True,8,3,2,3
4638,2024-02-22,35,Male,Izmir,Toys,88.56,1,20.96,67.6,Credit Card,Mobile,24,16,False,4,2,2,3
4639,2024-02-22,31,Female,Izmir,Sports,344.71,1,0.0,344.71,Debit Card,Mobile,44,11,True,3,5,2,3
4640,2024-02-22,29,Female,Izmir,Food,116.8,2,0.0,233.6,Digital Wallet,Desktop,27,6,True,3,3,2,3
4641,2024-02-22,49,Female,Izmir,Books,22.22,1,3.72,18.5,Debit Card,Mobile,8,16,False,4,3,2,3
4642,2024-02-22,33,Male,Kayseri,Beauty,87.02,3,0.0,261.06,Debit Card,Tablet,12,18,True,9,4,2,3
4643,2024-02-23,30,Female,Izmir,Food,54.44,2,4.88,104.0,Bank Transfer,Mobile,7,8,False,10,4,2,4
4644,2024-02-23,29,Female,Istanbul,Beauty,73.46,2,0.0,146.92,Debit Card,Tablet,10,9,True,4,5,2,4
4645,2024-02-23,44,Male,Istanbul,Food,43.56,1,0.0,43.56,Cash on Delivery,Mobile,25,7,False,13,5,2,4
4646,2024-02-23,23,Male,Kayseri,Books,72.66,2,0.0,145.32,Credit Card,Desktop,7,10,False,1,3,2,4
4647,2024-02-23,38,Female,Antalya,Beauty,83.88,1,0.0,83.88,Credit Card,Mobile,10,11,False,5,2,2,4
4648,2024-02-23,30,Male,Bursa,Beauty,47.94,4,0.0,191.76,Debit Card,Desktop,13,10,False,11,2,2,4
4649,2024-02-23,71,Male,Istanbul,Fashion,254.01,2,0.0,508.02,Debit Card,Mobile,11,11,False,13,4,2,4
4650,2024-02-23,73,Female,Istanbul,Food,85.69,1,18.4,67.29,Credit Card,Mobile,15,8,True,6,4,2,4
4651,2024-02-23,37,Male,Adana,Electronics,2004.96,1,0.0,2004.96,Bank Transfer,Desktop,14,9,False,17,5,2,4
4652,2024-02-24,33,Female,Adana,Home & Garden,618.69,1,0.0,618.69,Credit Card,Mobile,22,9,True,7,1,2,5
4653,2024-02-24,59,Female,Antalya,Books,44.21,3,8.78,123.85,Credit Card,Mobile,9,16,False,10,4,2,5
4654,2024-02-24,20,Male,Istanbul,Beauty,197.8,1,0.0,197.8,Credit Card,Mobile,16,8,False,7,5,2,5
4655,2024-02-24,27,Male,Istanbul,Toys,233.83,3,0.0,701.49,Credit Card,Mobile,13,9,True,9,4,2,5
4656,2024-02-24,37,Female,Adana,Sports,231.52,5,0.0,1157.6,Credit Card,Desktop,16,8,False,3,5,2,5
4657,2024-02-24,27,Female,Konya,Food,109.18,1,0.0,109.18,Digital Wallet,Mobile,29,8,True,6,5,2,5
4658,2024-02-24,51,Male,Istanbul,Food,21.36,1,0.0,21.36,Credit Card,Mobile,4,8,True,8,4,2,5
4659,2024-02-24,34,Male,Izmir,Beauty,254.18,2,0.0,508.36,Cash on Delivery,Mobile,9,17,False,14,5,2,5
4660,2024-02-24,37,Female,Konya,Electronics,2990.01,2,0.0,5980.02,Digital Wallet,Desktop,34,10,False,1,4,2,5
4661,2024-02-25,18,Male,Kayseri,Beauty,76.83,3,0.0,230.49,Credit Card,Mobile,43,13,True,7,4,2,6
4662,2024-02-25,46,Female,Bursa,Sports,225.3,5,0.0,1126.5,Credit Card,Mobile,12,12,True,5,5,2,6
4663,2024-02-25,28,Male,Bursa,Books,136.05,2,0.0,272.1,Debit Card,Desktop,6,16,True,6,2,2,6
4664,2024-02-25,35,Male,Istanbul,Sports,284.05,1,18.95,265.1,Debit Card,Mobile,18,8,False,2,4,2,6
4665,2024-02-25,27,Female,Ankara,Books,67.49,5,13.41,324.04,Digital Wallet,Desktop,10,12,False,17,4,2,6
4666,2024-02-25,43,Male,Kayseri,Sports,193.87,2,0.0,387.74,Credit Card,Desktop,10,11,False,8,5,2,6
4667,2024-02-25,45,Female,Antalya,Home & Garden,1097.77,2,260.31,1935.23,Bank Transfer,Mobile,10,9,True,3,3,2,6
4668,2024-02-25,42,Male,Istanbul,Sports,500.35,3,0.0,1501.05,Credit Card,Desktop,20,7,True,4,2,2,6
4669,2024-02-25,26,Male,Ankara,Food,55.55,3,6.91,159.74,Digital Wallet,Mobile,18,14,False,1,5,2,6
4670,2024-02-25,26,Male,Bursa,Beauty,36.39,1,0.0,36.39,Bank Transfer,Mobile,12,5,False,3,4,2,6
4671,2024-02-26,51,Female,Ankara,Home & Garden,613.18,3,0.0,1839.54,Digital Wallet,Desktop,29,6,False,3,5,2,0
4672,2024-02-26,48,Female,Bursa,Fashion,271.35,3,15.68,798.37,Bank Transfer,Mobile,3,10,False,4,4,2,0
4673,2024-02-26,40,Female,Istanbul,Fashion,326.9,2,0.0,653.8,Credit Card,Desktop,20,6,True,6,4,2,0
4674,2024-02-26,40,Male,Ankara,Books,13.1,2,0.0,26.2,Credit Card,Mobile,25,6,False,2,4,2,0
4675,2024-02-26,35,Other,Antalya,Sports,547.96,3,144.72,1499.16,Bank Transfer,Mobile,14,4,False,4,5,2,0
4676,2024-02-26,26,Female,Istanbul,Home & Garden,160.5,1,19.86,140.64,Credit Card,Mobile,12,8,True,2,2,2,0
4677,2024-02-26,40,Female,Izmir,Electronics,488.68,2,0.0,977.36,Credit Card,Desktop,13,5,True,9,4,2,0
4678,2024-02-26,37,Female,Bursa,Toys,305.32,1,0.0,305.32,Credit Card,Desktop,3,10,True,6,4,2,0
4679,2024-02-26,19,Male,Bursa,Food,80.73,5,0.0,403.65,Bank Transfer,Desktop,25,13,True,11,3,2,0
4680,2024-02-26,46,Female,Ankara,Toys,64.44,1,0.0,64.44,Credit Card,Mobile,15,11,True,9,4,2,0
4681,2024-02-26,41,Male,Gaziantep,Toys,29.53,1,5.97,23.56,Debit Card,Tablet,5,7,True,3,5,2,0
4682,2024-02-27,35,Female,Ankara,Books,31.39,2,0.0,62.78,Bank Transfer,Mobile,22,11,True,9,5,2,1
4683,2024-02-27,38,Female,Istanbul,Toys,169.84,1,46.39,123.45,Credit Card,Mobile,15,9,True,1,2,2,1
4684,2024-02-27,18,Female,Kayseri,Toys,206.08,1,0.0,206.08,Digital Wallet,Mobile,14,7,True,10,5,2,1
4685,2024-02-27,34,Female,Istanbul,Fashion,346.4,4,0.0,1385.6,Credit Card,Desktop,34,10,False,7,4,2,1
4686,2024-02-27,27,Female,Ankara,Beauty,110.62,1,13.89,96.73,Credit Card,Mobile,6,5,False,5,2,2,1
4687,2024-02-27,27,Male,Konya,Food,139.78,1,0.0,139.78,Digital Wallet,Mobile,22,10,True,15,4,2,1
4688,2024-02-27,27,Male,Istanbul,Home & Garden,1027.85,5,0.0,5139.25,Bank Transfer,Mobile,13,10,False,13,5,2,1
4689,2024-02-27,41,Female,Istanbul,Toys,148.23,4,0.0,592.92,Credit Card,Mobile,28,9,False,4,5,2,1
4690,2024-02-27,30,Female,Istanbul,Toys,167.45,2,0.0,334.9,Debit Card,Mobile,4,3,False,4,4,2,1
4691,2024-02-28,32,Female,Konya,Food,51.38,1,0.0,51.38,Digital Wallet,Mobile,17,8,True,11,4,2,2
4692,2024-02-28,55,Male,Ankara,Fashion,82.12,1,16.67,65.45,Credit Card,Desktop,9,16,False,8,1,2,2
4693,2024-02-28,22,Female,Ankara,Food,39.23,1,0.0,39.23,Credit Card,Desktop,18,11,True,4,3,2,2
4694,2024-02-28,22,Female,Istanbul,Beauty,38.62,3,0.0,115.86,Credit Card,Mobile,4,8,True,7,5,2,2
4695,2024-02-28,22,Female,Kayseri,Electronics,1220.01,4,0.0,4880.04,Digital Wallet,Desktop,19,12,True,4,5,2,2
4696,2024-02-28,38,Female,Izmir,Books,65.35,1,0.0,65.35,Debit Card,Desktop,29,9,False,3,4,2,2
4697,2024-02-29,35,Male,Istanbul,Toys,304.91,1,0.0,304.91,Credit Card,Desktop,28,8,True,6,4,2,3
4698,2024-02-29,43,Male,Istanbul,Electronics,1934.04,5,0.0,9670.2,Debit Card,Mobile,9,6,True,3,4,2,3
4699,2024-02-29,39,Male,Gaziantep,Books,103.32,1,0.0,103.32,Digital Wallet,Mobile,18,8,True,1,2,2,3
4700,2024-02-29,44,Female,Ankara,Toys,71.78,3,0.0,215.34,Cash on Delivery,Mobile,22,8,True,2,5,2,3
4701,2024-02-29,41,Male,Istanbul,Home & Garden,687.67,2,0.0,1375.34,Cash on Delivery,Mobile,17,6,True,10,5,2,3
4702,2024-02-29,23,Female,Ankara,Fashion,58.35,2,0.0,116.7,Credit Card,Desktop,21,13,False,3,4,2,3
4703,2024-02-29,31,Male,Adana,Food,117.0,1,0.0,117.0,Credit Card,Mobile,6,11,True,6,4,2,3
4704,2024-02-29,38,Male,Konya,Books,112.45,3,0.0,337.35,Credit Card,Desktop,10,11,True,5,5,2,3
4705,2024-02-29,47,Male,Ankara,Food,112.71,1,0.0,112.71,Digital Wallet,Desktop,19,9,True,2,5,2,3
4706,2024-02-29,20,Female,Adana,Electronics,442.78,3,0.0,1328.34,Credit Card,Mobile,25,10,True,3,4,2,3
4707,2024-02-29,59,Male,Ankara,Books,70.86,4,0.0,283.44,Digital Wallet,Mobile,21,8,False,3,5,2,3
4708,2024-02-29,24,Male,Istanbul,Food,50.03,2,0.0,100.06,Credit Card,Mobile,7,5,True,11,4,2,3
4709,2024-02-29,52,Male,Ankara,Home & Garden,1423.55,1,0.0,1423.55,Credit Card,Desktop,10,13,False,11,5,2,3
4710,2024-02-29,52,Male,Ankara,Home & Garden,316.01,1,0.0,316.01,Credit Card,Mobile,23,11,True,3,1,2,3
4711,2024-02-29,35,Female,Izmir,Toys,68.33,3,0.0,204.99,Credit Card,Desktop,13,8,True,7,5,2,3
4712,2024-03-01,26,Female,Istanbul,Fashion,380.48,2,54.13,706.83,Credit Card,Mobile,3,8,False,2,1,3,4
4713,2024-03-01,41,Female,Ankara,Fashion,209.06,1,12.61,196.45,Digital Wallet,Desktop,25,11,True,5,4,3,4
4714,2024-03-01,40,Male,Konya,Food,77.36,1,0.0,77.36,Credit Card,Mobile,27,10,True,4,5,3,4
4715,2024-03-01,34,Female,Eskisehir,Home & Garden,307.77,1,0.0,307.77,Bank Transfer,Mobile,23,4,True,5,4,3,4
4716,2024-03-01,50,Male,Antalya,Fashion,123.12,1,34.59,88.53,Credit Card,Desktop,12,9,False,6,3,3,4
4717,2024-03-01,39,Female,Kayseri,Food,183.06,1,0.0,183.06,Digital Wallet,Desktop,49,12,False,6,4,3,4
4718,2024-03-01,52,Male,Bursa,Home & Garden,1686.96,2,0.0,3373.92,Credit Card,Mobile,9,4,True,11,4,3,4
4719,2024-03-01,35,Female,Kayseri,Toys,150.46,2,35.54,265.38,Debit Card,Desktop,15,7,True,6,5,3,4
4720,2024-03-01,60,Female,Izmir,Food,30.47,2,0.0,60.94,Credit Card,Mobile,9,8,True,3,5,3,4
4721,2024-03-01,35,Female,Istanbul,Electronics,3169.08,5,866.9,14978.5,Credit Card,Mobile,14,5,True,3,5,3,4
4722,2024-03-01,26,Male,Istanbul,Books,61.73,1,0.0,61.73,Debit Card,Mobile,10,14,True,3,4,3,4
4723,2024-03-01,18,Male,Adana,Sports,610.72,3,48.75,1783.41,Debit Card,Mobile,7,6,True,3,5,3,4
4724,2024-03-01,41,Female,Izmir,Home & Garden,259.87,1,23.57,236.3,Credit Card,Mobile,2,10,False,14,2,3,4
4725,2024-03-01,19,Female,Bursa,Food,73.23,1,0.0,73.23,Credit Card,Desktop,6,9,True,9,4,3,4
4726,2024-03-01,31,Male,Adana,Electronics,638.23,1,0.0,638.23,Credit Card,Mobile,13,10,True,11,4,3,4
4727,2024-03-01,41,Male,Adana,Beauty,51.56,1,4.0,47.56,Credit Card,Desktop,16,6,True,5,5,3,4
4728,2024-03-01,38,Female,Istanbul,Sports,414.12,4,0.0,1656.48,Credit Card,Desktop,16,11,False,3,5,3,4
4729,2024-03-02,28,Male,Eskisehir,Food,97.62,1,9.61,88.01,Credit Card,Mobile,33,5,False,11,5,3,5
4730,2024-03-02,47,Other,Istanbul,Food,28.72,4,0.0,114.88,Credit Card,Mobile,20,10,False,6,5,3,5
4731,2024-03-02,38,Other,Adana,Food,36.38,5,0.0,181.9,Debit Card,Mobile,6,8,True,6,4,3,5
4732,2024-03-02,22,Male,Bursa,Home & Garden,320.76,1,0.0,320.76,Credit Card,Mobile,17,12,True,3,5,3,5
4733,2024-03-02,47,Female,Istanbul,Beauty,163.28,2,0.0,326.56,Digital Wallet,Desktop,12,8,True,7,5,3,5
4734,2024-03-02,37,Male,Istanbul,Food,40.36,5,4.8,197.0,Digital Wallet,Desktop,27,8,True,4,5,3,5
4735,2024-03-02,60,Male,Adana,Sports,111.83,2,0.0,223.66,Credit Card,Mobile,24,13,False,14,4,3,5
4736,2024-03-02,18,Female,Istanbul,Beauty,94.74,5,0.0,473.7,Digital Wallet,Tablet,9,10,True,10,4,3,5
4737,2024-03-02,43,Female,Izmir,Electronics,565.05,1,155.21,409.84,Debit Card,Mobile,38,8,False,5,2,3,5
4738,2024-03-03,46,Female,Antalya,Sports,192.94,3,22.26,556.56,Digital Wallet,Tablet,9,6,True,5,5,3,6
4739,2024-03-03,34,Female,Istanbul,Home & Garden,966.67,2,0.0,1933.34,Bank Transfer,Tablet,16,10,False,5,4,3,6
4740,2024-03-03,28,Male,Bursa,Food,60.64,1,0.0,60.64,Cash on Delivery,Mobile,9,7,True,22,3,3,6
4741,2024-03-03,39,Male,Bursa,Sports,809.04,2,90.83,1527.25,Credit Card,Mobile,25,4,True,9,5,3,6
4742,2024-03-03,20,Female,Antalya,Beauty,52.53,1,6.69,45.84,Bank Transfer,Desktop,15,11,True,4,3,3,6
4743,2024-03-03,26,Male,Gaziantep,Beauty,70.46,2,0.0,140.92,Credit Card,Mobile,16,7,True,4,5,3,6
4744,2024-03-03,28,Female,Izmir,Electronics,1170.88,4,129.56,4553.96,Bank Transfer,Desktop,12,9,False,8,4,3,6
4745,2024-03-03,39,Female,Istanbul,Books,24.58,2,0.0,49.16,Credit Card,Mobile,19,9,True,5,2,3,6
4746,2024-03-03,55,Female,Ankara,Beauty,66.14,1,0.0,66.14,Debit Card,Mobile,26,4,True,9,2,3,6
4747,2024-03-03,42,Male,Istanbul,Toys,137.97,2,0.0,275.94,Cash on Delivery,Desktop,24,8,True,6,4,3,6
4748,2024-03-03,43,Male,Ankara,Food,18.47,2,0.0,36.94,Digital Wallet,Tablet,19,7,False,11,1,3,6
4749,2024-03-03,47,Male,Ankara,Sports,396.84,2,0.0,793.68,Debit Card,Tablet,4,8,False,4,3,3,6
4750,2024-03-04,31,Male,Antalya,Electronics,1239.07,3,0.0,3717.21,Bank Transfer,Mobile,25,10,False,3,5,3,0
4751,2024-03-04,47,Female,Konya,Electronics,1637.82,2,0.0,3275.64,Credit Card,Mobile,23,5,True,2,5,3,0
4752,2024-03-04,18,Female,Gaziantep,Fashion,223.42,5,44.46,1072.64,Debit Card,Desktop,20,15,False,4,2,3,0
4753,2024-03-04,42,Male,Izmir,Electronics,407.41,3,0.0,1222.23,Digital Wallet,Mobile,4,13,True,4,5,3,0
4754,2024-03-04,29,Male,Istanbul,Electronics,607.57,5,0.0,3037.85,Debit Card,Mobile,10,5,True,3,2,3,0
4755,2024-03-04,31,Female,Kayseri,Toys,232.13,3,51.08,645.31,Credit Card,Desktop,19,13,False,2,4,3,0
4756,2024-03-04,37,Male,Kayseri,Sports,154.88,3,0.0,464.64,Debit Card,Tablet,18,13,False,3,4,3,0
4757,2024-03-04,22,Female,Adana,Fashion,181.66,1,47.29,134.37,Bank Transfer,Mobile,18,11,True,8,2,3,0
4758,2024-03-05,31,Female,Adana,Fashion,153.02,1,0.0,153.02,Bank Transfer,Mobile,24,5,True,9,5,3,1
4759,2024-03-05,18,Other,Izmir,Electronics,1902.7,5,198.8,9314.7,Credit Card,Desktop,33,12,True,9,5,3,1
4760,2024-03-05,40,Male,Izmir,Toys,112.02,2,0.0,224.04,Digital Wallet,Tablet,3,11,True,9,4,3,1
4761,2024-03-05,38,Male,Ankara,Home & Garden,737.35,3,0.0,2212.05,Debit Card,Mobile,4,6,True,3,4,3,1
4762,2024-03-05,28,Female,Adana,Electronics,429.41,2,94.03,764.79,Credit Card,Mobile,20,10,False,9,4,3,1
4763,2024-03-05,46,Male,Antalya,Home & Garden,977.55,2,0.0,1955.1,Credit Card,Mobile,23,11,True,2,4,3,1
4764,2024-03-05,35,Male,Istanbul,Fashion,274.29,1,0.0,274.29,Bank Transfer,Mobile,24,10,False,12,5,3,1
4765,2024-03-05,36,Male,Adana,Beauty,65.09,4,12.37,247.99,Debit Card,Tablet,20,11,False,20,5,3,1
4766,2024-03-06,44,Female,Izmir,Beauty,97.2,3,0.0,291.6,Credit Card,Mobile,39,7,False,12,4,3,2
4767,2024-03-06,18,Female,Izmir,Food,80.67,2,0.0,161.34,Cash on Delivery,Mobile,5,4,True,5,4,3,2
4768,2024-03-06,55,Female,Bursa,Fashion,289.02,2,0.0,578.04,Digital Wallet,Desktop,21,8,False,9,4,3,2
4769,2024-03-06,34,Male,Bursa,Fashion,455.79,1,136.24,319.55,Credit Card,Mobile,13,8,True,3,4,3,2
4770,2024-03-06,47,Male,Ankara,Beauty,85.33,1,0.0,85.33,Debit Card,Desktop,35,10,True,7,4,3,2
4771,2024-03-06,41,Female,Izmir,Sports,629.32,1,0.0,629.32,Credit Card,Tablet,16,5,False,11,4,3,2
4772,2024-03-06,47,Male,Bursa,Electronics,866.76,1,0.0,866.76,Debit Card,Desktop,6,8,True,4,4,3,2
4773,2024-03-07,49,Female,Istanbul,Food,56.65,1,0.0,56.65,Debit Card,Desktop,10,9,False,4,4,3,3
4774,2024-03-07,20,Male,Ankara,Books,160.92,4,0.0,643.68,Credit Card,Desktop,27,8,True,7,4,3,3
4775,2024-03-07,25,Male,Izmir,Beauty,57.77,5,0.0,288.85,Debit Card,Mobile,15,6,False,24,4,3,3
4776,2024-03-07,18,Male,Izmir,Home & Garden,803.2,1,0.0,803.2,Debit Card,Desktop,17,10,False,12,5,3,3
4777,2024-03-07,18,Female,Kayseri,Food,57.44,1,3.62,53.82,Credit Card,Desktop,13,8,True,10,5,3,3
4778,2024-03-07,36,Male,Istanbul,Electronics,810.6,2,0.0,1621.2,Credit Card,Desktop,17,5,False,10,5,3,3
4779,2024-03-07,44,Male,Istanbul,Food,7.89,1,0.0,7.89,Bank Transfer,Tablet,12,9,True,7,4,3,3
4780,2024-03-07,24,Male,Istanbul,Fashion,390.83,5,0.0,1954.15,Debit Card,Desktop,20,7,True,5,5,3,3
4781,2024-03-08,48,Male,Antalya,Books,18.2,1,0.0,18.2,Bank Transfer,Mobile,5,6,True,7,4,3,4
4782,2024-03-08,48,Male,Bursa,Toys,270.7,3,0.0,812.1,Credit Card,Desktop,14,9,True,7,2,3,4
4783,2024-03-08,39,Male,Istanbul,Toys,150.32,1,0.0,150.32,Cash on Delivery,Desktop,34,8,False,4,5,3,4
4784,2024-03-08,49,Male,Eskisehir,Electronics,2209.35,1,0.0,2209.35,Digital Wallet,Mobile,10,13,False,4,3,3,4
4785,2024-03-08,34,Female,Bursa,Home & Garden,433.8,1,0.0,433.8,Cash on Delivery,Desktop,11,12,True,3,3,3,4
4786,2024-03-08,48,Female,Adana,Sports,758.03,5,140.13,3650.02,Debit Card,Tablet,25,10,False,4,5,3,4
4787,2024-03-08,27,Female,Ankara,Toys,300.29,5,61.76,1439.69,Digital Wallet,Tablet,38,6,False,11,4,3,4
4788,2024-03-08,33,Male,Istanbul,Books,123.74,5,31.6,587.1,Digital Wallet,Mobile,21,6,True,5,5,3,4
4789,2024-03-08,45,Female,Istanbul,Beauty,70.69,1,0.0,70.69,Credit Card,Mobile,4,7,False,9,5,3,4
4790,2024-03-08,46,Female,Bursa,Fashion,106.35,1,0.0,106.35,Credit Card,Desktop,14,13,False,11,5,3,4
4791,2024-03-08,18,Male,Izmir,Home & Garden,307.02,5,0.0,1535.1,Credit Card,Mobile,16,10,True,4,4,3,4
4792,2024-03-09,41,Female,Eskisehir,Sports,270.06,5,0.0,1350.3,Credit Card,Mobile,12,8,False,12,5,3,5
4793,2024-03-09,32,Female,Istanbul,Toys,50.02,5,11.8,238.3,Digital Wallet,Desktop,4,5,False,7,5,3,5
4794,2024-03-09,32,Female,Bursa,Home & Garden,151.13,1,0.0,151.13,Digital Wallet,Tablet,20,12,False,4,5,3,5
4795,2024-03-09,47,Male,Istanbul,Toys,117.66,5,21.1,567.2,Debit Card,Desktop,15,14,True,4,3,3,5
4796,2024-03-09,23,Male,Istanbul,Beauty,44.25,2,0.0,88.5,Credit Card,Mobile,24,14,True,7,5,3,5
4797,2024-03-09,39,Male,Adana,Sports,884.64,2,0.0,1769.28,Credit Card,Mobile,6,10,True,4,4,3,5
4798,2024-03-09,47,Female,Konya,Food,31.33,2,0.0,62.66,Credit Card,Tablet,11,10,True,5,4,3,5
4799,2024-03-09,24,Male,Izmir,Books,12.92,1,0.0,12.92,Credit Card,Mobile,4,6,True,9,5,3,5
4800,2024-03-09,62,Female,Istanbul,Toys,318.66,5,65.94,1527.36,Credit Card,Tablet,18,9,True,2,4,3,5
4801,2024-03-09,44,Female,Ankara,Electronics,595.91,3,0.0,1787.73,Credit Card,Mobile,2,6,False,7,4,3,5
4802,2024-03-09,40,Male,Ankara,Food,118.32,1,0.0,118.32,Credit Card,Desktop,16,5,False,9,5,3,5
4803,2024-03-09,42,Male,Istanbul,Toys,220.45,2,0.0,440.9,Credit Card,Desktop,33,9,True,8,3,3,5
4804,2024-03-09,29,Male,Bursa,Toys,314.54,4,0.0,1258.16,Debit Card,Desktop,13,8,True,7,4,3,5
4805,2024-03-10,34,Female,Eskisehir,Food,86.56,1,0.0,86.56,Credit Card,Mobile,9,8,True,6,1,3,6
4806,2024-03-10,24,Female,Bursa,Books,77.45,2,22.87,132.03,Digital Wallet,Mobile,26,7,True,7,3,3,6
4807,2024-03-10,18,Female,Istanbul,Electronics,1290.02,2,0.0,2580.04,Credit Card,Mobile,16,7,True,7,4,3,6
4808,2024-03-10,53,Male,Kayseri,Beauty,182.33,1,0.0,182.33,Digital Wallet,Mobile,7,9,True,2,4,3,6
4809,2024-03-10,47,Female,Istanbul,Home & Garden,417.68,1,0.0,417.68,Credit Card,Mobile,24,10,True,10,3,3,6
4810,2024-03-10,22,Female,Istanbul,Electronics,1703.52,1,373.38,1330.14,Debit Card,Mobile,13,9,True,5,5,3,6
4811,2024-03-10,48,Female,Antalya,Food,72.61,3,0.0,217.83,Cash on Delivery,Mobile,18,10,True,3,3,3,6
4812,2024-03-10,34,Male,Kayseri,Fashion,396.31,1,95.49,300.82,Digital Wallet,Mobile,5,7,False,6,5,3,6
4813,2024-03-10,45,Male,Gaziantep,Food,43.16,4,10.02,162.62,Bank Transfer,Desktop,4,16,True,5,5,3,6
4814,2024-03-10,40,Female,Izmir,Food,55.72,3,16.16,151.0,Bank Transfer,Mobile,11,4,True,3,5,3,6
4815,2024-03-10,46,Female,Antalya,Electronics,320.32,5,0.0,1601.6,Debit Card,Mobile,1,5,True,5,5,3,6
4816,2024-03-10,26,Female,Istanbul,Fashion,316.01,1,0.0,316.01,Debit Card,Mobile,5,11,True,6,4,3,6
4817,2024-03-10,37,Male,Istanbul,Toys,173.41,1,0.0,173.41,Credit Card,Desktop,9,5,False,2,4,3,6
4818,2024-03-10,18,Female,Istanbul,Food,37.44,2,0.0,74.88,Credit Card,Desktop,10,12,True,4,5,3,6
4819,2024-03-11,36,Other,Izmir,Electronics,1824.08,3,0.0,5472.24,Bank Transfer,Desktop,4,8,True,7,5,3,0
4820,2024-03-11,43,Female,Istanbul,Toys,111.68,3,32.03,303.01,Digital Wallet,Desktop,10,16,True,11,5,3,0
4821,2024-03-11,39,Female,Bursa,Food,49.84,2,13.67,86.01,Credit Card,Mobile,24,10,True,11,4,3,0
4822,2024-03-11,48,Female,Kayseri,Fashion,316.82,1,0.0,316.82,Debit Card,Tablet,12,7,True,5,4,3,0
4823,2024-03-11,18,Male,Gaziantep,Home & Garden,528.56,1,0.0,528.56,Debit Card,Mobile,24,8,False,13,5,3,0
4824,2024-03-11,38,Male,Ankara,Food,38.77,3,7.88,108.43,Bank Transfer,Mobile,18,7,False,6,4,3,0
4825,2024-03-11,18,Male,Ankara,Home & Garden,794.14,5,0.0,3970.7,Credit Card,Mobile,6,10,True,10,1,3,0
4826,2024-03-11,18,Female,Ankara,Electronics,3881.03,2,0.0,7762.06,Debit Card,Mobile,8,9,True,4,5,3,0
4827,2024-03-11,49,Male,Izmir,Beauty,70.45,1,0.0,70.45,Credit Card,Mobile,6,9,False,4,1,3,0
4828,2024-03-11,45,Female,Istanbul,Sports,336.19,2,0.0,672.38,Credit Card,Mobile,7,12,False,13,3,3,0
4829,2024-03-11,44,Male,Izmir,Sports,242.67,1,0.0,242.67,Credit Card,Desktop,18,7,True,8,5,3,0
4830,2024-03-12,32,Male,Antalya,Electronics,981.79,5,163.06,4745.89,Credit Card,Mobile,23,8,False,6,5,3,1
4831,2024-03-12,18,Female,Istanbul,Home & Garden,1373.6,2,0.0,2747.2,Debit Card,Mobile,12,7,True,8,2,3,1
4832,2024-03-12,46,Male,Bursa,Sports,725.33,5,0.0,3626.65,Bank Transfer,Desktop,12,7,False,4,5,3,1
4833,2024-03-12,37,Male,Istanbul,Fashion,260.99,2,47.92,474.06,Credit Card,Mobile,16,11,True,6,5,3,1
4834,2024-03-12,28,Male,Bursa,Fashion,89.18,3,0.0,267.54,Credit Card,Desktop,13,12,True,6,3,3,1
4835,2024-03-12,43,Female,Istanbul,Sports,693.4,5,157.24,3309.76,Debit Card,Mobile,22,7,True,4,3,3,1
4836,2024-03-12,59,Male,Istanbul,Food,25.77,3,1.8,75.51,Debit Card,Tablet,6,13,True,5,3,3,1
4837,2024-03-12,28,Female,Adana,Beauty,51.57,1,0.0,51.57,Debit Card,Desktop,9,11,False,8,5,3,1
4838,2024-03-12,31,Female,Gaziantep,Beauty,39.32,5,0.0,196.6,Bank Transfer,Mobile,5,13,False,9,4,3,1
4839,2024-03-12,28,Male,Gaziantep,Beauty,329.12,2,44.74,613.5,Credit Card,Mobile,11,10,False,10,5,3,1
4840,2024-03-12,27,Female,Adana,Food,52.67,1,5.85,46.82,Credit Card,Desktop,15,10,True,9,5,3,1
4841,2024-03-12,29,Male,Ankara,Home & Garden,1030.86,1,296.67,734.19,Digital Wallet,Mobile,8,9,False,3,5,3,1
4842,2024-03-13,28,Female,Bursa,Electronics,2289.9,1,0.0,2289.9,Digital Wallet,Mobile,11,8,False,6,5,3,2
4843,2024-03-13,43,Female,Adana,Sports,886.89,3,0.0,2660.67,Credit Card,Mobile,19,7,True,9,4,3,2
4844,2024-03-13,38,Male,Bursa,Toys,45.12,1,0.0,45.12,Debit Card,Mobile,18,8,True,5,5,3,2
4845,2024-03-13,43,Male,Istanbul,Toys,123.1,1,0.0,123.1,Digital Wallet,Mobile,11,11,True,2,4,3,2
4846,2024-03-13,50,Male,Istanbul,Toys,228.3,1,0.0,228.3,Digital Wallet,Mobile,16,10,True,6,5,3,2
4847,2024-03-13,49,Male,Konya,Books,43.92,3,0.0,131.76,Debit Card,Mobile,2,12,True,5,4,3,2
4848,2024-03-14,28,Female,Istanbul,Beauty,66.38,1,14.82,51.56,Digital Wallet,Mobile,10,11,True,12,5,3,3
4849,2024-03-14,32,Male,Antalya,Food,51.89,2,0.0,103.78,Debit Card,Desktop,20,8,True,8,3,3,3
4850,2024-03-14,18,Male,Konya,Electronics,1760.77,1,0.0,1760.77,Credit Card,Tablet,26,10,True,7,3,3,3
4851,2024-03-14,52,Male,Adana,Sports,529.26,1,45.68,483.58,Digital Wallet,Mobile,26,9,True,10,5,3,3
4852,2024-03-14,18,Female,Izmir,Beauty,115.06,2,0.0,230.12,Cash on Delivery,Mobile,9,10,True,4,1,3,3
4853,2024-03-15,52,Male,Izmir,Fashion,337.05,1,0.0,337.05,Bank Transfer,Mobile,8,11,False,3,3,3,4
4854,2024-03-15,49,Female,Izmir,Sports,1235.22,2,0.0,2470.44,Digital Wallet,Mobile,14,14,True,9,4,3,4
4855,2024-03-15,24,Female,Eskisehir,Sports,150.93,2,0.0,301.86,Digital Wallet,Desktop,10,12,True,3,4,3,4
4856,2024-03-15,39,Male,Izmir,Home & Garden,240.1,3,0.0,720.3,Cash on Delivery,Mobile,27,9,True,8,5,3,4
4857,2024-03-15,42,Female,Antalya,Beauty,128.92,3,6.87,379.89,Digital Wallet,Mobile,16,11,False,5,5,3,4
4858,2024-03-15,36,Male,Istanbul,Books,73.37,1,8.99,64.38,Debit Card,Tablet,19,7,True,3,4,3,4
4859,2024-03-15,18,Female,Kayseri,Home & Garden,316.42,2,0.0,632.84,Credit Card,Tablet,17,8,False,4,5,3,4
4860,2024-03-15,38,Male,Istanbul,Electronics,2152.6,5,227.52,10535.48,Credit Card,Mobile,14,6,True,8,4,3,4
4861,2024-03-15,38,Female,Ankara,Electronics,789.2,1,0.0,789.2,Debit Card,Tablet,17,9,True,7,5,3,4
4862,2024-03-15,18,Female,Istanbul,Sports,504.56,1,45.69,458.87,Credit Card,Desktop,13,10,True,8,5,3,4
4863,2024-03-15,51,Male,Antalya,Fashion,72.2,2,19.69,124.71,Credit Card,Mobile,19,10,False,9,4,3,4
4864,2024-03-15,45,Male,Adana,Beauty,155.62,4,31.62,590.86,Credit Card,Desktop,16,12,False,4,3,3,4
4865,2024-03-16,27,Female,Ankara,Home & Garden,584.78,1,0.0,584.78,Credit Card,Desktop,18,8,False,6,4,3,5
4866,2024-03-16,29,Male,Adana,Electronics,1858.82,2,535.59,3182.05,Debit Card,Desktop,14,8,False,4,2,3,5
4867,2024-03-16,41,Male,Istanbul,Fashion,202.83,5,48.78,965.37,Credit Card,Desktop,22,9,True,7,4,3,5
4868,2024-03-16,25,Female,Eskisehir,Sports,221.81,1,0.0,221.81,Debit Card,Mobile,8,6,False,4,2,3,5
4869,2024-03-16,32,Female,Izmir,Beauty,110.32,1,0.0,110.32,Credit Card,Desktop,4,8,False,5,5,3,5
4870,2024-03-16,18,Female,Istanbul,Electronics,479.19,1,0.0,479.19,Credit Card,Mobile,17,7,True,9,5,3,5
4871,2024-03-16,50,Male,Istanbul,Beauty,32.46,1,0.0,32.46,Credit Card,Mobile,19,5,True,6,4,3,5
4872,2024-03-16,18,Male,Adana,Home & Garden,1058.96,1,0.0,1058.96,Credit Card,Mobile,22,8,True,7,4,3,5
4873,2024-03-16,39,Female,Bursa,Beauty,53.67,5,0.0,268.35,Digital Wallet,Desktop,13,9,True,5,4,3,5
4874,2024-03-16,18,Female,Izmir,Home & Garden,574.49,4,0.0,2297.96,Digital Wallet,Desktop,13,8,True,9,1,3,5
4875,2024-03-16,52,Female,Bursa,Food,43.22,1,0.0,43.22,Bank Transfer,Desktop,12,6,False,6,5,3,5
4876,2024-03-16,42,Female,Ankara,Home & Garden,239.92,1,0.0,239.92,Debit Card,Mobile,18,11,True,6,5,3,5
4877,2024-03-16,36,Male,Istanbul,Books,152.44,4,0.0,609.76,Bank Transfer,Mobile,14,4,True,2,5,3,5
4878,2024-03-16,23,Male,Bursa,Sports,907.39,1,80.41,826.98,Digital Wallet,Desktop,24,7,True,4,1,3,5
4879,2024-03-16,53,Male,Istanbul,Food,80.0,5,0.0,400.0,Debit Card,Desktop,7,12,True,12,4,3,5
4880,2024-03-16,31,Male,Izmir,Books,57.07,3,15.68,155.53,Debit Card,Mobile,5,10,True,2,5,3,5
4881,2024-03-17,34,Male,Gaziantep,Food,16.68,1,0.0,16.68,Credit Card,Desktop,14,11,True,3,5,3,6
4882,2024-03-17,36,Male,Izmir,Electronics,994.07,1,92.72,901.35,Digital Wallet,Mobile,15,7,True,5,4,3,6
4883,2024-03-17,53,Male,Bursa,Home & Garden,604.93,1,0.0,604.93,Debit Card,Mobile,9,12,True,5,4,3,6
4884,2024-03-17,53,Male,Adana,Beauty,66.02,1,0.0,66.02,Debit Card,Mobile,23,11,True,7,5,3,6
4885,2024-03-17,31,Female,Antalya,Electronics,1594.23,2,0.0,3188.46,Debit Card,Desktop,48,7,False,5,3,3,6
4886,2024-03-17,57,Male,Gaziantep,Books,85.94,4,0.0,343.76,Credit Card,Desktop,7,7,False,11,5,3,6
4887,2024-03-17,19,Female,Gaziantep,Food,45.97,5,5.81,224.04,Debit Card,Mobile,18,13,True,6,5,3,6
4888,2024-03-17,18,Female,Kayseri,Sports,403.62,2,0.0,807.24,Credit Card,Mobile,24,6,False,5,2,3,6
4889,2024-03-17,25,Male,Adana,Books,29.18,4,1.96,114.76,Debit Card,Mobile,6,15,True,8,5,3,6
4890,2024-03-17,20,Male,Ankara,Food,25.17,2,0.0,50.34,Debit Card,Desktop,22,5,False,7,5,3,6
4891,2024-03-17,22,Female,Bursa,Books,55.9,2,0.0,111.8,Credit Card,Mobile,12,10,True,3,5,3,6
4892,2024-03-17,26,Male,Istanbul,Books,91.5,5,0.0,457.5,Debit Card,Mobile,9,9,True,6,4,3,6
4893,2024-03-17,43,Male,Izmir,Beauty,57.26,1,6.68,50.58,Debit Card,Tablet,13,5,True,11,4,3,6
4894,2024-03-17,38,Male,Istanbul,Food,134.15,1,0.0,134.15,Debit Card,Mobile,14,6,True,3,5,3,6
4895,2024-03-18,55,Female,Bursa,Food,59.91,1,0.0,59.91,Credit Card,Mobile,43,13,True,6,4,3,0
4896,2024-03-18,36,Male,Istanbul,Toys,140.33,4,0.0,561.32,Credit Card,Mobile,19,7,False,17,2,3,0
4897,2024-03-18,25,Female,Istanbul,Toys,98.78,2,0.0,197.56,Digital Wallet,Mobile,29,6,True,7,5,3,0
4898,2024-03-18,31,Male,Konya,Home & Garden,305.41,1,62.65,242.76,Credit Card,Mobile,46,8,True,7,2,3,0
4899,2024-03-18,57,Female,Konya,Food,120.61,1,0.0,120.61,Debit Card,Mobile,35,9,True,8,4,3,0
4900,2024-03-18,49,Male,Izmir,Sports,422.92,3,0.0,1268.76,Debit Card,Desktop,10,6,False,3,5,3,0
4901,2024-03-18,45,Male,Gaziantep,Sports,332.83,1,0.0,332.83,Debit Card,Desktop,15,9,True,3,4,3,0
4902,2024-03-18,25,Male,Ankara,Fashion,105.03,1,0.0,105.03,Debit Card,Desktop,25,6,True,2,5,3,0
4903,2024-03-18,29,Female,Ankara,Electronics,4962.14,2,0.0,9924.28,Digital Wallet,Mobile,26,8,False,10,4,3,0
4904,2024-03-18,25,Male,Bursa,Books,50.02,3,13.87,136.19,Debit Card,Desktop,20,6,False,18,4,3,0
4905,2024-03-18,18,Female,Bursa,Home & Garden,260.91,1,0.0,260.91,Bank Transfer,Desktop,8,12,True,8,4,3,0
4906,2024-03-18,52,Male,Istanbul,Electronics,2377.86,3,0.0,7133.58,Credit Card,Mobile,3,7,True,2,3,3,0
4907,2024-03-18,59,Male,Konya,Sports,854.83,3,0.0,2564.49,Debit Card,Mobile,3,8,True,8,4,3,0
4908,2024-03-18,24,Female,Ankara,Sports,1363.37,2,0.0,2726.74,Digital Wallet,Mobile,4,5,True,8,5,3,0
4909,2024-03-18,42,Male,Eskisehir,Books,92.08,5,0.0,460.4,Credit Card,Desktop,7,10,False,9,3,3,0
4910,2024-03-19,46,Male,Kayseri,Fashion,201.44,2,0.0,402.88,Digital Wallet,Desktop,22,12,True,2,4,3,1
4911,2024-03-19,25,Female,Bursa,Fashion,207.85,5,0.0,1039.25,Credit Card,Mobile,8,12,False,9,5,3,1
4912,2024-03-19,28,Male,Ankara,Fashion,331.93,1,57.9,274.03,Bank Transfer,Desktop,15,17,False,5,5,3,1
4913,2024-03-19,53,Female,Izmir,Home & Garden,819.8,5,0.0,4099.0,Bank Transfer,Mobile,11,12,False,4,3,3,1
4914,2024-03-19,50,Male,Kayseri,Home & Garden,309.65,3,0.0,928.95,Credit Card,Desktop,4,10,False,2,4,3,1
4915,2024-03-19,30,Male,Konya,Electronics,1016.44,1,0.0,1016.44,Debit Card,Desktop,26,11,True,7,4,3,1
4916,2024-03-19,37,Male,Izmir,Sports,817.46,1,55.23,762.23,Credit Card,Desktop,8,5,True,10,5,3,1
4917,2024-03-19,32,Female,Istanbul,Fashion,492.69,1,46.14,446.55,Credit Card,Desktop,23,11,True,1,2,3,1
4918,2024-03-19,18,Male,Konya,Books,30.08,2,0.0,60.16,Digital Wallet,Desktop,37,7,True,5,1,3,1
4919,2024-03-19,48,Female,Izmir,Home & Garden,719.66,2,71.76,1367.56,Credit Card,Mobile,8,7,True,7,5,3,1
4920,2024-03-19,60,Male,Istanbul,Books,38.02,2,0.0,76.04,Debit Card,Mobile,12,9,True,16,5,3,1
4921,2024-03-19,39,Male,Eskisehir,Toys,146.58,2,0.0,293.16,Debit Card,Mobile,25,6,False,7,3,3,1
4922,2024-03-19,59,Male,Izmir,Sports,197.64,5,0.0,988.2,Credit Card,Desktop,12,9,True,5,3,3,1
4923,2024-03-20,22,Female,Bursa,Beauty,341.82,1,0.0,341.82,Cash on Delivery,Mobile,33,7,True,8,3,3,2
4924,2024-03-20,54,Male,Ankara,Toys,58.84,4,9.91,225.45,Digital Wallet,Tablet,28,9,False,6,5,3,2
4925,2024-03-20,19,Male,Gaziantep,Food,30.37,2,0.0,60.74,Credit Card,Mobile,15,6,True,3,2,3,2
4926,2024-03-20,50,Male,Izmir,Beauty,67.34,3,0.0,202.02,Digital Wallet,Desktop,10,6,True,7,4,3,2
4927,2024-03-20,42,Male,Antalya,Beauty,55.63,2,8.48,102.78,Credit Card,Mobile,13,8,False,5,4,3,2
4928,2024-03-20,20,Male,Antalya,Fashion,189.31,5,0.0,946.55,Digital Wallet,Mobile,16,10,True,3,5,3,2
4929,2024-03-21,45,Female,Istanbul,Home & Garden,496.7,1,40.88,455.82,Debit Card,Mobile,2,5,True,15,5,3,3
4930,2024-03-21,18,Female,Gaziantep,Fashion,263.83,1,28.83,235.0,Credit Card,Mobile,7,4,True,4,3,3,3
4931,2024-03-21,57,Male,Kayseri,Toys,58.3,5,0.0,291.5,Debit Card,Mobile,12,11,True,6,5,3,3
4932,2024-03-21,37,Female,Gaziantep,Food,59.08,1,0.0,59.08,Debit Card,Mobile,19,11,False,2,5,3,3
4933,2024-03-21,36,Female,Ankara,Beauty,52.27,4,9.46,199.62,Debit Card,Mobile,10,11,False,12,3,3,3
4934,2024-03-21,36,Male,Ankara,Food,49.22,2,0.0,98.44,Credit Card,Mobile,11,11,False,6,5,3,3
4935,2024-03-21,43,Male,Gaziantep,Books,47.54,1,14.06,33.48,Credit Card,Desktop,7,10,True,4,3,3,3
4936,2024-03-21,31,Female,Adana,Sports,480.63,3,143.83,1298.06,Debit Card,Desktop,18,4,True,2,3,3,3
4937,2024-03-21,30,Female,Ankara,Sports,395.43,3,0.0,1186.29,Credit Card,Mobile,21,10,True,8,4,3,3
4938,2024-03-21,20,Male,Gaziantep,Fashion,160.15,1,0.0,160.15,Credit Card,Desktop,29,15,True,7,5,3,3
4939,2024-03-21,49,Male,Bursa,Books,137.96,5,0.0,689.8,Digital Wallet,Mobile,4,8,False,9,4,3,3
4940,2024-03-21,25,Female,Gaziantep,Beauty,140.53,1,21.25,119.28,Credit Card,Desktop,13,6,False,2,5,3,3
4941,2024-03-21,43,Male,Izmir,Books,14.61,2,0.0,29.22,Credit Card,Mobile,11,4,False,9,5,3,3
4942,2024-03-21,49,Female,Istanbul,Fashion,270.87,1,35.91,234.96,Credit Card,Mobile,15,4,False,7,4,3,3
4943,2024-03-21,41,Male,Izmir,Books,53.93,2,0.0,107.86,Credit Card,Mobile,25,11,True,6,5,3,3
4944,2024-03-22,69,Female,Bursa,Sports,879.96,1,0.0,879.96,Digital Wallet,Mobile,29,9,False,4,5,3,4
4945,2024-03-22,33,Female,Ankara,Toys,56.77,1,15.51,41.26,Debit Card,Mobile,13,9,False,7,2,3,4
4946,2024-03-22,50,Male,Konya,Food,31.63,5,0.0,158.15,Credit Card,Mobile,28,11,True,5,5,3,4
4947,2024-03-22,29,Male,Konya,Sports,269.26,5,0.0,1346.3,Debit Card,Mobile,13,11,False,10,3,3,4
4948,2024-03-22,57,Female,Istanbul,Electronics,3629.09,1,0.0,3629.09,Debit Card,Desktop,7,15,False,9,4,3,4
4949,2024-03-22,29,Male,Bursa,Books,17.74,2,5.25,30.23,Digital Wallet,Desktop,15,9,False,2,4,3,4
4950,2024-03-22,40,Female,Gaziantep,Toys,97.2,2,0.0,194.4,Debit Card,Mobile,21,8,False,5,2,3,4
4951,2024-03-22,31,Female,Konya,Home & Garden,433.06,1,0.0,433.06,Debit Card,Mobile,20,8,True,11,3,3,4
4952,2024-03-22,23,Male,Istanbul,Sports,440.72,2,0.0,881.44,Credit Card,Desktop,12,8,False,14,5,3,4
4953,2024-03-22,32,Male,Izmir,Books,42.77,1,0.0,42.77,Digital Wallet,Mobile,9,6,True,7,1,3,4
4954,2024-03-22,27,Male,Adana,Electronics,954.78,3,0.0,2864.34,Credit Card,Mobile,11,8,True,9,4,3,4
4955,2024-03-22,37,Male,Istanbul,Sports,319.4,5,0.0,1597.0,Digital Wallet,Mobile,7,12,True,7,5,3,4
4956,2024-03-23,44,Female,Istanbul,Food,99.19,1,16.55,82.64,Credit Card,Mobile,39,9,False,5,3,3,5
4957,2024-03-23,20,Male,Gaziantep,Electronics,881.41,1,0.0,881.41,Credit Card,Mobile,9,10,False,2,5,3,5
4958,2024-03-23,23,Male,Istanbul,Beauty,47.54,1,0.0,47.54,Credit Card,Mobile,12,7,True,7,5,3,5
4959,2024-03-23,18,Female,Izmir,Toys,248.3,1,0.0,248.3,Debit Card,Mobile,1,4,False,10,4,3,5
4960,2024-03-23,21,Male,Istanbul,Fashion,225.65,4,0.0,902.6,Credit Card,Desktop,22,4,True,5,2,3,5
4961,2024-03-23,25,Male,Istanbul,Beauty,110.49,2,0.0,220.98,Bank Transfer,Mobile,16,11,True,5,4,3,5
4962,2024-03-23,37,Female,Bursa,Sports,625.67,2,0.0,1251.34,Credit Card,Desktop,12,7,False,5,4,3,5
4963,2024-03-23,34,Male,Istanbul,Beauty,124.45,4,0.0,497.8,Debit Card,Desktop,14,3,False,2,3,3,5
4964,2024-03-23,33,Female,Konya,Fashion,329.8,1,73.79,256.01,Debit Card,Mobile,16,10,True,2,5,3,5
4965,2024-03-23,30,Female,Istanbul,Home & Garden,325.14,3,0.0,975.42,Debit Card,Mobile,6,7,False,4,5,3,5
4966,2024-03-23,40,Female,Ankara,Beauty,28.08,1,0.0,28.08,Debit Card,Desktop,25,16,False,8,4,3,5
4967,2024-03-23,27,Male,Konya,Home & Garden,232.04,2,28.35,435.73,Digital Wallet,Tablet,31,14,True,9,3,3,5
4968,2024-03-23,49,Female,Istanbul,Sports,529.58,1,0.0,529.58,Cash on Delivery,Tablet,14,6,False,8,2,3,5
4969,2024-03-23,32,Female,Istanbul,Toys,277.03,3,15.65,815.44,Credit Card,Mobile,11,10,True,3,3,3,5
4970,2024-03-24,47,Male,Istanbul,Books,30.98,1,0.0,30.98,Debit Card,Desktop,3,4,False,4,4,3,6
4971,2024-03-24,57,Male,Izmir,Fashion,173.0,4,0.0,692.0,Debit Card,Mobile,7,6,True,4,4,3,6
4972,2024-03-24,31,Male,Izmir,Beauty,63.46,1,0.0,63.46,Credit Card,Mobile,16,9,False,8,5,3,6
4973,2024-03-24,40,Female,Konya,Sports,660.6,2,0.0,1321.2,Credit Card,Mobile,24,7,True,4,3,3,6
4974,2024-03-24,29,Male,Gaziantep,Electronics,1993.1,1,0.0,1993.1,Credit Card,Mobile,15,7,True,5,3,3,6
4975,2024-03-24,24,Male,Antalya,Toys,242.97,1,68.6,174.37,Debit Card,Mobile,18,11,False,6,5,3,6
4976,2024-03-24,31,Female,Izmir,Electronics,3078.07,3,0.0,9234.21,Bank Transfer,Tablet,11,12,True,4,5,3,6
4977,2024-03-24,28,Female,Izmir,Books,73.02,1,20.4,52.62,Digital Wallet,Desktop,22,10,True,4,5,3,6
4978,2024-03-24,21,Male,Konya,Fashion,96.08,2,0.0,192.16,Credit Card,Desktop,24,6,True,4,5,3,6
4979,2024-03-25,31,Female,Kayseri,Beauty,174.27,2,0.0,348.54,Credit Card,Mobile,23,9,True,2,4,3,0
4980,2024-03-25,51,Female,Adana,Home & Garden,744.29,4,214.72,2762.44,Debit Card,Tablet,10,11,False,7,3,3,0
4981,2024-03-25,51,Female,Eskisehir,Beauty,109.42,3,0.0,328.26,Debit Card,Mobile,13,10,False,3,5,3,0
4982,2024-03-25,37,Female,Ankara,Toys,207.48,1,0.0,207.48,Credit Card,Desktop,11,13,True,4,5,3,0
4983,2024-03-25,25,Female,Antalya,Sports,330.82,3,0.0,992.46,Bank Transfer,Mobile,7,12,False,6,5,3,0
4984,2024-03-25,29,Male,Ankara,Food,82.89,5,0.0,414.45,Credit Card,Mobile,13,12,True,9,1,3,0
4985,2024-03-25,30,Female,Antalya,Home & Garden,603.6,1,0.0,603.6,Credit Card,Desktop,11,10,True,8,5,3,0
4986,2024-03-25,40,Male,Ankara,Electronics,654.04,4,0.0,2616.16,Credit Card,Tablet,24,15,True,8,4,3,0
4987,2024-03-25,43,Male,Ankara,Electronics,2275.24,2,601.72,3948.76,Cash on Delivery,Desktop,5,9,True,7,4,3,0
4988,2024-03-25,18,Male,Istanbul,Toys,157.19,1,0.0,157.19,Debit Card,Tablet,4,8,True,3,5,3,0
4989,2024-03-26,43,Male,Adana,Beauty,120.67,2,7.88,233.46,Credit Card,Desktop,10,8,True,4,5,3,1
4990,2024-03-26,26,Male,Istanbul,Food,19.84,3,0.0,59.52,Credit Card,Mobile,11,10,False,6,4,3,1
4991,2024-03-26,46,Male,Ankara,Toys,60.12,2,12.95,107.29,Digital Wallet,Tablet,22,7,True,6,4,3,1
4992,2024-03-26,34,Other,Istanbul,Books,69.79,4,0.0,279.16,Bank Transfer,Desktop,10,10,False,11,5,3,1
4993,2024-03-26,37,Female,Bursa,Toys,99.46,1,0.0,99.46,Bank Transfer,Desktop,5,9,False,4,1,3,1
4994,2024-03-26,45,Male,Izmir,Food,50.69,1,11.72,38.97,Credit Card,Desktop,5,6,False,2,1,3,1
4995,2024-03-26,18,Female,Izmir,Beauty,130.35,1,27.3,103.05,Bank Transfer,Mobile,17,10,False,9,1,3,1
4996,2024-03-26,27,Male,Adana,Beauty,71.55,1,0.0,71.55,Debit Card,Mobile,13,9,True,6,4,3,1
4997,2024-03-26,45,Female,Antalya,Food,39.38,1,5.27,34.11,Digital Wallet,Mobile,38,10,True,5,4,3,1
4998,2024-03-26,41,Female,Istanbul,Fashion,171.19,1,0.0,171.19,Credit Card,Mobile,20,12,True,5,4,3,1
4999,2024-03-26,30,Female,Konya,Books,84.3,4,21.72,315.48,Debit Card,Desktop,8,9,True,5,5,3,1
